MONTH_CLEAN,CHANNEL_CLEAN,REGION_CLEAN,SKU_CLEAN,UNITS_SOLD,UNITS_VALID,GROSS_REVENUE_NUM,DISCOUNT_CLEAN,AD_SPEND_CLEAN,RETURNS_UNITS,RETURNS_VALID,SKU_NAME,CATEGORY,SUB_CATEGORY,MRP,UNIT_COGS,IS_COMBO,PACK_SIZE,SKU_MATCH_FLAG,NET_REVENUE,COGS,GM_PCT,ROAS,CM2,RETURN_RATE
2025-06-01,D2C,South,BEC-KT-001,118,118,18880,1795.77,2105.82,15,15,Kitchen Towel 2-roll,Kitchen Towel,Towel,160,78,N,2 rolls,Matched,17084.23,9204,0.461257546,8.112863398,5774.41,0.127118644
2025-01-01,Swiggy Instamart,North,BEC-CLN-003,237,237,70863,8304.57,18958.74,4,4,Laundry Liquid 1L,Cleaners,Laundry,299,150,N,1 L,Matched,62558.43,35550,0.431731263,3.299714538,8049.69,0.016877637
2025-03-01,Amazon,South,BEC-BW-001,175,175,38500,7460.71,1931.69,8,8,Compostable Cling Wrap,Bake & Wrap,Wrap,220,118,N,30 m,Matched,31039.29,20650,0.334714164,16.06846337,8457.6,0.045714286
2024-06-01,D2C,West,BEC-BW-002,111,111,19425,1550.37,1386.29,13,13,Parchment Paper Roll,Bake & Wrap,Bake,175,92,N,20 m,Matched,17874.63,10212,0.428687475,12.89386059,6276.34,0.117117117
2025-03-01,Swiggy Instamart,West,BEC-BW-001,123,123,27060,7043.12,2669.3,5,5,Compostable Cling Wrap,Bake & Wrap,Wrap,220,118,N,30 m,Matched,20016.88,14514,0.274911974,7.498924812,2833.58,0.040650407
2024-07-01,Blinkit,West,BEC-CLN-002,363,363,67155,12751.83,12964.54,9,9,Dishwash Liquid 750ml,Cleaners,Dishwash,185,88,N,750 ml,Matched,54403.17,31944,0.412828333,4.196305461,9494.63,0.024793388
2024-03-01,Amazon,North,BEC-TIS-001,509,509,48355,12261.57,3599.05,10,10,Bamboo Facial Tissue 100s,Tissues,Facial,95,42,N,100 pulls,Matched,36093.43,21378,0.40770384,10.02859921,11116.38,0.019646365
2025-02-01,Flipkart,West,BEC-TIS-002,355,355,63900,8766.39,7402.18,18,18,Bamboo Toilet Roll 4-pack,Tissues,Toilet Roll,180,95,N,4 rolls,Matched,55133.61,33725,0.388304158,7.448293611,14006.43,0.050704225
2024-12-01,Swiggy Instamart,West,BEC-GB-001,127,127,18923,5571.75,916.92,2,2,Garbage Bag Medium 30s,Garbage Bags,Medium,149,70,N,30 bags,Matched,13351.25,8890,0.334144743,14.56097588,3544.33,0.015748031
2024-02-01,D2C,South,BEC-KT-002,100,100,42000,3191.49,4431.02,16,16,Kitchen Towel 6-roll,Kitchen Towel,Towel,420,205,N,6 rolls,Matched,38808.51,20500,0.471765342,8.758369405,13877.49,0.16
2025-05-01,Amazon,South,BEC-GB-002,248,248,44392,11085.49,4777.81,12,12,Garbage Bag Large 15s,Garbage Bags,Large,179,86,N,15 bags,Matched,33306.51,21328,0.359644706,6.971082986,7200.7,0.048387097
2024-12-01,Swiggy Instamart,South,BEC-KT-002,115,115,48300,3818.43,2528.21,4,4,Kitchen Towel 6-roll,Kitchen Towel,Towel,420,205,N,6 rolls,Matched,44481.57,23575,0.470005218,17.59409622,18378.36,0.034782609
2025-05-01,Blinkit,South,BEC-CMB-001,29,29,20271,6078.65,1940.51,0,0,Home Cleaning Combo,Others,Combo,699,330,Y,4 items,Matched,14192.35,9570,0.325693067,7.31372165,2681.84,0
2025-02-01,Swiggy Instamart,West,BEC-TIS-002,291,291,52380,7850.84,4617.16,12,12,Bamboo Toilet Roll 4-pack,Tissues,Toilet Roll,180,95,N,4 rolls,Matched,44529.16,27645,0.379170862,9.644274836,12267,0.041237113
2024-02-01,Amazon,West,BEC-TIS-002,528,528,95040,24735.77,9956.82,21,21,Bamboo Toilet Roll 4-pack,Tissues,Toilet Roll,180,95,N,4 rolls,Matched,70304.23,50160,0.286529417,7.060912018,10187.41,0.039772727
2025-01-01,Blinkit,North,BEC-GB-002,259,259,46361,4553.01,3938.32,7,7,Garbage Bag Large 15s,Garbage Bags,Large,179,86,N,15 bags,Matched,41807.99,22274,0.467231025,10.61569146,15595.67,0.027027027
2024-09-01,Flipkart,South,BEC-CMB-001,21,21,14679,1854.67,1726.6,1,1,Home Cleaning Combo,Others,Combo,699,330,Y,4 items,Matched,12824.33,6930,0.459620892,7.427504923,4167.73,0.047619048
2024-11-01,Flipkart,West,BEC-CLN-004,239,239,23661,1302.09,4888.76,7,7,Handwash 250ml,Cleaners,Handwash,99,44,N,250 ml,Matched,22358.91,10516,0.529672958,4.573533984,6954.15,0.029288703
2025-06-01,Zepto,North,BEC-OTH-001,128,128,19072,1735.51,2047.61,4,4,Bamboo Wet Wipes 72s,Others,Wipes,149,72,N,72 wipes,Matched,17336.49,9216,0.468404504,8.466695318,6072.88,0.03125
2025-04-01,Amazon,North,BEC-CLN-002,543,543,100455,10822.09,17623.38,14,14,Dishwash Liquid 750ml,Cleaners,Dishwash,185,88,N,750 ml,Matched,89632.91,47784,0.466892239,5.086022659,24225.53,0.025782689
2024-10-01,Swiggy Instamart,North,BEC-BW-001,58,58,12760,2987.82,1220.82,2,2,Compostable Cling Wrap,Bake & Wrap,Wrap,220,118,N,30 m,Matched,9772.18,6844,0.299644501,8.004603463,1707.36,0.034482759
2024-05-01,Flipkart,South,BEC-KT-001,153,153,24480,2489.71,1506.04,5,5,Kitchen Towel 2-roll,Kitchen Towel,Towel,160,78,N,2 rolls,Matched,21990.29,11934,0.457305929,14.60139837,8550.25,0.032679739
2025-05-01,D2C,South,BEC-GB-002,144,144,25776,1649.64,2068.44,12,12,Garbage Bag Large 15s,Garbage Bags,Large,179,86,N,15 bags,Matched,24126.36,12384,0.486702511,11.66403667,9673.92,0.083333333
2024-08-01,Flipkart,North,BEC-CLN-002,198,198,36630,9588.47,4884.31,6,6,Dishwash Liquid 750ml,Cleaners,Dishwash,185,88,N,750 ml,Matched,27041.53,17424,0.35565776,5.536407394,4733.22,0.03030303
2025-04-01,Flipkart,North,BEC-TIS-002,287,287,51660,5126.21,3545.84,11,11,Bamboo Toilet Roll 4-pack,Tissues,Toilet Roll,180,95,N,4 rolls,Matched,46533.79,27265,0.414081681,13.12348837,15722.95,0.038327526
2025-06-01,Swiggy Instamart,South,BEC-TIS-002,163,163,29340,3313.1,2153.96,8,8,Bamboo Toilet Roll 4-pack,Tissues,Toilet Roll,180,95,N,4 rolls,Matched,26026.9,15485,0.405038633,12.08327917,8387.94,0.049079755
2025-05-01,Flipkart,South,BEC-OTH-001,75,75,11175,2625.45,973.88,2,2,Bamboo Wet Wipes 72s,Others,Wipes,149,72,N,72 wipes,Matched,8549.55,5400,0.36838781,8.778853658,2175.67,0.026666667
2025-05-01,Blinkit,North,BEC-TIS-002,382,382,68760,18098.19,4183.03,7,7,Bamboo Toilet Roll 4-pack,Tissues,Toilet Roll,180,95,N,4 rolls,Matched,50661.81,36290,0.283681337,12.11127102,10188.78,0.018324607
2025-02-01,D2C,South,BEC-OTH-001,57,57,8493,594.27,744.78,6,6,Bamboo Wet Wipes 72s,Others,Wipes,149,72,N,72 wipes,Matched,7898.73,4104,0.480422802,10.60545396,3049.95,0.105263158
2025-01-01,Blinkit,North,BEC-BW-002,156,156,27300,6625.1,2644.82,4,4,Parchment Paper Roll,Bake & Wrap,Bake,175,92,N,20 m,Matched,20674.9,14352,0.305824937,7.817129332,3678.08,0.025641026
2024-09-01,Amazon,South,BEC-TIS-002,183,183,32940,2368.51,4188.28,6,6,Bamboo Toilet Roll 4-pack,Tissues,Toilet Roll,180,95,N,4 rolls,Matched,30571.49,17385,0.431332918,7.299294699,8998.21,0.032786885
2024-05-01,Zepto,South,BEC-OTH-001,78,78,11622,3198.24,1050.83,2,2,Bamboo Wet Wipes 72s,Others,Wipes,149,72,N,72 wipes,Matched,8423.76,5616,0.333314339,8.016291884,1756.93,0.025641026
2025-05-01,Amazon,South,BEC-BW-002,131,131,22925,1851.07,2886.77,2,2,Parchment Paper Roll,Bake & Wrap,Bake,175,92,N,20 m,Matched,21073.93,12052,0.428108568,7.300176322,6135.16,0.015267176
2024-01-01,Swiggy Instamart,West,BEC-GB-002,194,194,34726,7910.99,2370.03,5,5,Garbage Bag Large 15s,Garbage Bags,Large,179,86,N,15 bags,Matched,26815.01,16684,0.377811159,11.31420699,7760.98,0.025773196
2024-06-01,D2C,South,BEC-GB-002,137,137,24523,1446.5,2577.75,15,15,Garbage Bag Large 15s,Garbage Bags,Large,179,86,N,15 bags,Matched,23076.5,11782,0.489437306,8.952186985,8716.75,0.109489051
2024-08-01,Swiggy Instamart,West,BEC-TIS-002,157,157,28260,1927.08,2485.61,8,8,Bamboo Toilet Roll 4-pack,Tissues,Toilet Roll,180,95,N,4 rolls,Matched,26332.92,14915,0.433598705,10.59414792,8932.31,0.050955414
2024-06-01,Flipkart,West,BEC-BW-001,80,80,17600,3907.32,1974.83,2,2,Compostable Cling Wrap,Bake & Wrap,Wrap,220,118,N,30 m,Matched,13692.68,9440,0.310580544,6.933599348,2277.85,0.025
2025-04-01,Blinkit,West,BEC-KT-002,251,251,105420,22777.17,6953.52,14,14,Kitchen Towel 6-roll,Kitchen Towel,Towel,420,205,N,6 rolls,Matched,82642.83,51455,0.377380954,11.88503521,24234.31,0.055776892
2025-01-01,D2C,West,BEC-GB-001,264,264,39336,4285.54,4582.94,30,30,Garbage Bag Medium 30s,Garbage Bags,Medium,149,70,N,30 bags,Matched,35050.46,18480,0.472760129,7.648029431,11987.52,0.113636364
2024-11-01,Flipkart,West,BEC-BW-002,115,115,20125,3413.55,2352.33,4,4,Parchment Paper Roll,Bake & Wrap,Bake,175,92,N,20 m,Matched,16711.45,10580,0.366901137,7.104211569,3779.12,0.034782609
2025-02-01,Zepto,West,BEC-CMB-001,46,46,32154,5219.05,3294.41,1,1,Home Cleaning Combo,Others,Combo,699,330,Y,4 items,Matched,26934.95,15180,0.436419967,8.175955634,8460.54,0.02173913
2025-04-01,Zepto,West,BEC-TIS-001,488,488,46360,3860.92,3747.65,15,15,Bamboo Facial Tissue 100s,Tissues,Facial,95,42,N,100 pulls,Matched,42499.08,20496,0.517730737,11.34019452,18255.43,0.030737705
2025-02-01,D2C,South,BEC-CLN-004,202,202,19998,2665.58,4676.35,18,18,Handwash 250ml,Cleaners,Handwash,99,44,N,250 ml,Matched,17332.42,8888,0.487203749,3.706399222,3768.07,0.089108911
2024-06-01,Zepto,West,BEC-BW-001,149,149,32780,9496.17,2038.15,8,8,Compostable Cling Wrap,Bake & Wrap,Wrap,220,118,N,30 m,Matched,23283.83,17582,0.244883681,11.42400216,3663.68,0.053691275
2024-03-01,Amazon,West,BEC-GB-002,547,547,97913,24531.33,8001.4,20,20,Garbage Bag Large 15s,Garbage Bags,Large,179,86,N,15 bags,Matched,73381.67,47042,0.358940727,9.171103807,18338.27,0.036563071
2024-11-01,Flipkart,North,BEC-GB-001,166,166,24734,3888.59,2137.11,7,7,Garbage Bag Medium 30s,Garbage Bags,Medium,149,70,N,30 bags,Matched,20845.41,11620,0.442563135,9.754018277,7088.3,0.042168675
2025-02-01,Flipkart,South,BEC-BW-002,81,81,14175,2033.6,1134.65,1,1,Parchment Paper Roll,Bake & Wrap,Bake,175,92,N,20 m,Matched,12141.4,7452,0.38623223,10.70056846,3554.75,0.012345679
2025-03-01,Blinkit,North,BEC-GB-001,218,218,32482,7537.75,1662.89,9,9,Garbage Bag Medium 30s,Garbage Bags,Medium,149,70,N,30 bags,Matched,24944.25,15260,0.388235766,15.00054123,8021.36,0.041284404
2024-06-01,Zepto,South,BEC-CLN-002,276,276,51060,14960.32,11643.33,13,13,Dishwash Liquid 750ml,Cleaners,Dishwash,185,88,N,750 ml,Matched,36099.68,24288,0.327196252,3.100460092,168.35,0.047101449
2024-02-01,Flipkart,South,BEC-OTH-001,69,69,10281,1135.61,781.29,2,2,Bamboo Wet Wipes 72s,Others,Wipes,149,72,N,72 wipes,Matched,9145.39,4968,0.45677549,11.70549988,3396.1,0.028985507
2024-02-01,Amazon,North,BEC-BW-001,208,208,45760,9686.1,5358.51,4,4,Compostable Cling Wrap,Bake & Wrap,Wrap,220,118,N,30 m,Matched,36073.9,24544,0.319618893,6.732076641,6171.39,0.019230769
2025-03-01,Swiggy Instamart,North,BEC-CLN-002,279,279,51615,7882.17,9563.11,16,16,Dishwash Liquid 750ml,Cleaners,Dishwash,185,88,N,750 ml,Matched,43732.83,24552,0.4385911,4.573076123,9617.72,0.05734767
2024-04-01,Amazon,North,BEC-CLN-004,401,401,39699,7462.48,9159.79,12,12,Handwash 250ml,Cleaners,Handwash,99,44,N,250 ml,Matched,32236.52,17644,0.45267045,3.519351426,5432.73,0.029925187
2024-06-01,Amazon,West,BEC-TIS-002,482,482,86760,10431.46,8927.71,17,17,Bamboo Toilet Roll 4-pack,Tissues,Toilet Roll,180,95,N,4 rolls,Matched,76328.54,45790,0.400093333,8.549621347,21610.83,0.03526971
2024-06-01,Amazon,North,BEC-CLN-003,531,531,158769,41044.09,37112.44,15,15,Laundry Liquid 1L,Cleaners,Laundry,299,150,N,1 L,Matched,117724.91,79650,0.323422715,3.172114525,962.47,0.028248588
2024-04-01,Swiggy Instamart,South,BEC-TIS-002,106,106,19080,5335.45,1335.74,4,4,Bamboo Toilet Roll 4-pack,Tissues,Toilet Roll,180,95,N,4 rolls,Matched,13744.55,10070,0.267345966,10.28983934,2338.81,0.037735849
2024-05-01,Amazon,North,BEC-TIS-002,322,322,57960,8282.42,5772.52,15,15,Bamboo Toilet Roll 4-pack,Tissues,Toilet Roll,180,95,N,4 rolls,Matched,49677.58,30590,0.384229264,8.605874038,13315.06,0.046583851
2024-07-01,Swiggy Instamart,South,BEC-GB-002,66,66,11814,2175.55,915.94,1,1,Garbage Bag Large 15s,Garbage Bags,Large,179,86,N,15 bags,Matched,9638.45,5676,0.411108633,10.52301461,3046.51,0.015151515
2024-11-01,Amazon,West,BEC-GB-002,343,343,61397,3591.96,4866.76,10,10,Garbage Bag Large 15s,Garbage Bags,Large,179,86,N,15 bags,Matched,57805.04,29498,0.489698476,11.87752016,23440.28,0.029154519
2024-03-01,Amazon,West,BEC-GB-001,455,455,67795,7784.66,7163.3,14,14,Garbage Bag Medium 30s,Garbage Bags,Medium,149,70,N,30 bags,Matched,60010.34,31850,0.469258131,8.377471277,20997.04,0.030769231
2024-05-01,Flipkart,North,BEC-BW-001,69,69,15180,1970.95,1477.09,3,3,Compostable Cling Wrap,Bake & Wrap,Wrap,220,118,N,30 m,Matched,13209.05,8142,0.383604423,8.942616902,3589.96,0.043478261
2025-03-01,Flipkart,South,BEC-TIS-002,221,221,39780,9362.31,3153.71,11,11,Bamboo Toilet Roll 4-pack,Tissues,Toilet Roll,180,95,N,4 rolls,Matched,30417.69,20995,0.309776646,9.645049798,6268.98,0.049773756
2024-10-01,Flipkart,West,BEC-CLN-004,301,301,29799,7151.15,4979.4,17,17,Handwash 250ml,Cleaners,Handwash,99,44,N,250 ml,Matched,22647.85,13244,0.415220429,4.548309033,4424.45,0.056478405
2025-06-01,Zepto,South,BEC-TIS-002,209,209,37620,8861.34,2257.54,8,8,Bamboo Toilet Roll 4-pack,Tissues,Toilet Roll,180,95,N,4 rolls,Matched,28758.66,19855,0.309599265,12.73893707,6646.12,0.038277512
2025-05-01,Zepto,North,BEC-KT-002,182,182,76440,10253.3,9301.45,4,4,Kitchen Towel 6-roll,Kitchen Towel,Towel,420,205,N,6 rolls,Matched,66186.7,37310,0.436291581,7.115740019,19575.25,0.021978022
2024-01-01,Flipkart,West,BEC-KT-002,202,202,84840,21607.46,8322.54,7,7,Kitchen Towel 6-roll,Kitchen Towel,Towel,420,205,N,6 rolls,Matched,63232.54,41410,0.345115664,7.5977454,13500,0.034653465
2024-10-01,Swiggy Instamart,West,BEC-OTH-001,50,50,7450,1631.38,689.7,2,2,Bamboo Wet Wipes 72s,Others,Wipes,149,72,N,72 wipes,Matched,5818.62,3600,0.381296596,8.436450631,1528.92,0.04
2025-05-01,D2C,North,BEC-CLN-003,306,306,91494,5283.5,23243.62,33,33,Laundry Liquid 1L,Cleaners,Laundry,299,150,N,1 L,Matched,86210.5,45900,0.467582255,3.708996275,17066.88,0.107843137
2024-06-01,D2C,North,BEC-CLN-002,249,249,46065,2284.06,8214.55,24,24,Dishwash Liquid 750ml,Cleaners,Dishwash,185,88,N,750 ml,Matched,43780.94,21912,0.499508233,5.329682088,13654.39,0.096385542
2024-05-01,Amazon,South,BEC-CMB-001,61,61,42639,9899.97,2364.59,1,1,Home Cleaning Combo,Others,Combo,699,330,Y,4 items,Matched,32739.03,20130,0.385137556,13.84554193,10244.44,0.016393443
2025-04-01,Blinkit,West,BEC-CLN-004,605,605,59895,10199.76,14921.54,18,18,Handwash 250ml,Cleaners,Handwash,99,44,N,250 ml,Matched,49695.24,26620,0.464335015,3.330436403,8153.7,0.029752066
2025-01-01,Zepto,South,BEC-TIS-002,233,233,41940,3683.38,3385.87,13,13,Bamboo Toilet Roll 4-pack,Tissues,Toilet Roll,180,95,N,4 rolls,Matched,38256.62,22135,0.421407328,11.29890397,12735.75,0.055793991
2025-06-01,Blinkit,West,BEC-CLN-001,592,592,117808,33180,26194.19,18,18,Floor Cleaner 1L,Cleaners,Floor Cleaner,199,96,N,1 L,Matched,84628,56832,0.328449213,3.230792783,1601.81,0.030405405
2024-01-01,Swiggy Instamart,West,BEC-CMB-001,35,35,24465,4905.28,1909.19,1,1,Home Cleaning Combo,Others,Combo,699,330,Y,4 items,Matched,19559.72,11550,0.409500749,10.24503585,6100.53,0.028571429
2024-06-01,Zepto,South,BEC-KT-002,163,163,68460,18049.46,6311.54,7,7,Kitchen Towel 6-roll,Kitchen Towel,Towel,420,205,N,6 rolls,Matched,50410.54,33415,0.33714259,7.987042782,10684,0.042944785
2025-05-01,D2C,North,BEC-TIS-001,154,154,14630,363.99,1807.41,24,24,Bamboo Facial Tissue 100s,Tissues,Facial,95,42,N,100 pulls,Matched,14266.01,6468,0.546614646,7.893067981,5990.6,0.155844156
2024-04-01,Swiggy Instamart,West,BEC-CLN-003,196,196,58604,6090.54,17457.98,10,10,Laundry Liquid 1L,Cleaners,Laundry,299,150,N,1 L,Matched,52513.46,29400,0.440143537,3.007991761,5655.48,0.051020408
2025-06-01,D2C,West,BEC-CLN-002,253,253,46805,3964.81,11056.49,34,34,Dishwash Liquid 750ml,Cleaners,Dishwash,185,88,N,750 ml,Matched,42840.19,22264,0.480301091,3.874664564,9519.7,0.134387352
2024-10-01,Blinkit,North,BEC-GB-001,235,235,35015,10485.12,1449.39,10,10,Garbage Bag Medium 30s,Garbage Bags,Medium,149,70,N,30 bags,Matched,24529.88,16450,0.3293893,16.92427849,6630.49,0.042553191
2024-12-01,Zepto,South,BEC-GB-002,153,153,27387,1586.49,3626.58,6,6,Garbage Bag Large 15s,Garbage Bags,Large,179,86,N,15 bags,Matched,25800.51,13158,0.490010081,7.114281224,9015.93,0.039215686
2025-02-01,Swiggy Instamart,North,BEC-CLN-001,193,193,38407,3525.1,11558.16,10,10,Floor Cleaner 1L,Cleaners,Floor Cleaner,199,96,N,1 L,Matched,34881.9,18528,0.468836273,3.017945763,4795.74,0.051813472
2024-10-01,Blinkit,West,BEC-BW-001,112,112,24640,3970.17,1316.25,6,6,Compostable Cling Wrap,Bake & Wrap,Wrap,220,118,N,30 m,Matched,20669.83,13216,0.360613996,15.70357455,6137.58,0.053571429
2024-03-01,D2C,West,BEC-TIS-001,172,172,16340,820.5,1086.74,22,22,Bamboo Facial Tissue 100s,Tissues,Facial,95,42,N,100 pulls,Matched,15519.5,7224,0.534521086,14.28078473,7208.76,0.127906977
2024-02-01,Amazon,North,BEC-GB-002,249,249,44571,8388.65,1909.65,14,14,Garbage Bag Large 15s,Garbage Bags,Large,179,86,N,15 bags,Matched,36182.35,21414,0.408164478,18.94711073,12858.7,0.0562249
2024-06-01,Swiggy Instamart,South,BEC-CMB-001,13,13,9087,1541.57,658.3,0,0,Home Cleaning Combo,Others,Combo,699,330,Y,4 items,Matched,7545.43,4290,0.431443934,11.46199301,2597.13,0
2025-05-01,Swiggy Instamart,North,BEC-CLN-003,188,188,56212,4245.95,14218.22,5,5,Laundry Liquid 1L,Cleaners,Laundry,299,150,N,1 L,Matched,51966.05,28200,0.457338012,3.6548914,9547.83,0.026595745
2025-03-01,Swiggy Instamart,West,BEC-CLN-002,314,314,58090,12584.76,8711.6,8,8,Dishwash Liquid 750ml,Cleaners,Dishwash,185,88,N,750 ml,Matched,45505.24,27632,0.392773228,5.223522659,9161.64,0.025477707
2025-03-01,Zepto,North,BEC-TIS-002,352,352,63360,14660.12,3488.04,21,21,Bamboo Toilet Roll 4-pack,Tissues,Toilet Roll,180,95,N,4 rolls,Matched,48699.88,33440,0.313345331,13.96196145,11771.84,0.059659091
2025-06-01,Flipkart,West,BEC-KT-002,165,165,69300,6873.91,7002.51,4,4,Kitchen Towel 6-roll,Kitchen Towel,Towel,420,205,N,6 rolls,Matched,62426.09,33825,0.458159241,8.914816259,21598.58,0.024242424
2024-05-01,D2C,West,BEC-CLN-002,251,251,46435,4686.49,8113.18,24,24,Dishwash Liquid 750ml,Cleaners,Dishwash,185,88,N,750 ml,Matched,41748.51,22088,0.470927226,5.145764053,11547.33,0.09561753
2024-11-01,Swiggy Instamart,South,BEC-OTH-001,33,33,4917,919.74,292.43,1,1,Bamboo Wet Wipes 72s,Others,Wipes,149,72,N,72 wipes,Matched,3997.26,2376,0.405592831,13.6691174,1328.83,0.03030303
2024-05-01,Blinkit,West,BEC-KT-001,288,288,46080,13441.94,4003.55,6,6,Kitchen Towel 2-roll,Kitchen Towel,Towel,160,78,N,2 rolls,Matched,32638.06,22464,0.311723797,8.152279852,6170.51,0.020833333
2024-02-01,Zepto,North,BEC-GB-002,186,186,33294,8614.89,1549.34,7,7,Garbage Bag Large 15s,Garbage Bags,Large,179,86,N,15 bags,Matched,24679.11,15996,0.351840484,15.92878903,7133.77,0.037634409
2024-01-01,Zepto,South,BEC-BW-001,81,81,17820,4749.6,1240.53,2,2,Compostable Cling Wrap,Bake & Wrap,Wrap,220,118,N,30 m,Matched,13070.4,9558,0.268729343,10.53614181,2271.87,0.024691358
2025-04-01,Flipkart,South,BEC-OTH-001,63,63,9387,876.49,881.95,1,1,Bamboo Wet Wipes 72s,Others,Wipes,149,72,N,72 wipes,Matched,8510.51,4536,0.467011965,9.649651341,3092.56,0.015873016
2024-03-01,Amazon,North,BEC-CMB-001,78,78,54522,14249.43,2928.53,4,4,Home Cleaning Combo,Others,Combo,699,330,Y,4 items,Matched,40272.57,25740,0.360855292,13.75180381,11604.04,0.051282051
2024-06-01,Amazon,North,BEC-CLN-004,410,410,40590,2810.97,12092.88,19,19,Handwash 250ml,Cleaners,Handwash,99,44,N,250 ml,Matched,37779.03,18040,0.522486416,3.124072181,7646.15,0.046341463
2024-11-01,Swiggy Instamart,West,BEC-CMB-001,28,28,19572,3923.22,1127.76,0,0,Home Cleaning Combo,Others,Combo,699,330,Y,4 items,Matched,15648.78,9240,0.409538635,13.87598425,5281.02,0
2024-05-01,Swiggy Instamart,South,BEC-CLN-001,157,157,31243,2134.5,6359.29,8,8,Floor Cleaner 1L,Cleaners,Floor Cleaner,199,96,N,1 L,Matched,29108.5,15072,0.482213099,4.577319166,7677.21,0.050955414
2024-02-01,Flipkart,West,BEC-KT-002,244,244,102480,9794.45,12642,14,14,Kitchen Towel 6-roll,Kitchen Towel,Towel,420,205,N,6 rolls,Matched,92685.55,50020,0.460325801,7.331557507,30023.55,0.057377049
2024-08-01,Amazon,South,BEC-CLN-004,265,265,26235,5515.64,6312.89,14,14,Handwash 250ml,Cleaners,Handwash,99,44,N,250 ml,Matched,20719.36,11660,0.437241305,3.282072078,2746.47,0.052830189
2025-01-01,Flipkart,South,BEC-GB-002,154,154,27566,3751.68,2547.4,8,8,Garbage Bag Large 15s,Garbage Bags,Large,179,86,N,15 bags,Matched,23814.32,13244,0.443864028,9.348480804,8022.92,0.051948052
2024-02-01,Blinkit,West,BEC-KT-002,373,373,156660,26895.12,12200.02,16,16,Kitchen Towel 6-roll,Kitchen Towel,Towel,420,205,N,6 rolls,Matched,129764.88,76465,0.410741951,10.63644814,41099.86,0.042895442
2024-08-01,Flipkart,West,BEC-GB-001,155,155,23095,6912.38,1449.87,5,5,Garbage Bag Medium 30s,Garbage Bags,Medium,149,70,N,30 bags,Matched,16182.62,10850,0.329527604,11.16142827,3882.75,0.032258065
2024-05-01,Zepto,West,BEC-CMB-001,52,52,36348,10132.03,2326.31,2,2,Home Cleaning Combo,Others,Combo,699,330,Y,4 items,Matched,26215.97,17160,0.345437151,11.26933642,6729.66,0.038461538
2024-02-01,Flipkart,South,BEC-TIS-001,114,114,10830,1111.38,1000.51,6,6,Bamboo Facial Tissue 100s,Tissues,Facial,95,42,N,100 pulls,Matched,9718.62,4788,0.507337461,9.71366603,3930.11,0.052631579
2024-02-01,Blinkit,South,BEC-OTH-001,80,80,11920,3483.47,934.84,2,2,Bamboo Wet Wipes 72s,Others,Wipes,149,72,N,72 wipes,Matched,8436.53,5760,0.317254843,9.02457105,1741.69,0.025
2024-06-01,Zepto,North,BEC-TIS-002,266,266,47880,14013.56,4166.41,14,14,Bamboo Toilet Roll 4-pack,Tissues,Toilet Roll,180,95,N,4 rolls,Matched,33866.44,25270,0.253833589,8.128446312,4430.03,0.052631579
2025-06-01,Zepto,South,BEC-KT-002,165,165,69300,5013.82,8123.75,7,7,Kitchen Towel 6-roll,Kitchen Towel,Towel,420,205,N,6 rolls,Matched,64286.18,33825,0.473837145,7.913362671,22337.43,0.042424242
2024-03-01,Blinkit,South,BEC-CLN-004,241,241,23859,3038.46,6891.51,6,6,Handwash 250ml,Cleaners,Handwash,99,44,N,250 ml,Matched,20820.54,10604,0.490695246,3.021186939,3325.03,0.024896266
2024-09-01,Zepto,North,BEC-GB-002,180,180,32220,5050.82,3627.97,6,6,Garbage Bag Large 15s,Garbage Bags,Large,179,86,N,15 bags,Matched,27169.18,15480,0.430236761,7.488810547,8061.21,0.033333333
2025-02-01,Blinkit,North,BEC-CLN-004,479,479,47421,4846.34,10896.67,20,20,Handwash 250ml,Cleaners,Handwash,99,44,N,250 ml,Matched,42574.66,21076,0.504963751,3.907125755,10601.99,0.041753653
2024-02-01,Zepto,North,BEC-BW-002,116,116,20300,2052.56,2478.71,5,5,Parchment Paper Roll,Bake & Wrap,Bake,175,92,N,20 m,Matched,18247.44,10672,0.415150838,7.361667964,5096.73,0.043103448
2024-12-01,Swiggy Instamart,South,BEC-CLN-004,109,109,10791,2970.2,2019.54,5,5,Handwash 250ml,Cleaners,Handwash,99,44,N,250 ml,Matched,7820.8,4796,0.386763502,3.87256504,1005.26,0.04587156
2025-04-01,Blinkit,South,BEC-TIS-002,266,266,47880,4248.91,5430.22,13,13,Bamboo Toilet Roll 4-pack,Tissues,Toilet Roll,180,95,N,4 rolls,Matched,43631.09,25270,0.420825838,8.034865991,12930.87,0.04887218
2024-11-01,Swiggy Instamart,West,BEC-TIS-001,189,189,17955,1948.63,954.01,9,9,Bamboo Facial Tissue 100s,Tissues,Facial,95,42,N,100 pulls,Matched,16006.37,7938,0.504072441,16.77798975,7114.36,0.047619048
2024-02-01,Flipkart,West,BEC-TIS-001,328,328,31160,7550.08,3433.51,8,8,Bamboo Facial Tissue 100s,Tissues,Facial,95,42,N,100 pulls,Matched,23609.92,13776,0.416516447,6.876321898,6400.41,0.024390244
2024-06-01,Zepto,South,BEC-CLN-004,210,210,20790,4808.28,3787.99,10,10,Handwash 250ml,Cleaners,Handwash,99,44,N,250 ml,Matched,15981.72,9240,0.421839452,4.219050209,2953.73,0.047619048
2024-04-01,Zepto,South,BEC-TIS-001,180,180,17100,2937.79,1716.54,10,10,Bamboo Facial Tissue 100s,Tissues,Facial,95,42,N,100 pulls,Matched,14162.21,7560,0.466185009,8.250439838,4885.67,0.055555556
2025-01-01,D2C,South,BEC-CMB-001,30,30,20970,2149.69,2624.31,4,4,Home Cleaning Combo,Others,Combo,699,330,Y,4 items,Matched,18820.31,9900,0.473972533,7.171526992,6296,0.133333333
2024-04-01,Amazon,West,BEC-CLN-002,766,766,141710,10731.04,29373.57,18,18,Dishwash Liquid 750ml,Cleaners,Dishwash,185,88,N,750 ml,Matched,130978.96,67408,0.485352457,4.459075284,34197.39,0.023498695
2024-06-01,Zepto,West,BEC-GB-001,196,196,29204,3351.63,2103.31,6,6,Garbage Bag Medium 30s,Garbage Bags,Medium,149,70,N,30 bags,Matched,25852.37,13720,0.469294305,12.29127898,10029.06,0.030612245
2024-02-01,Swiggy Instamart,South,BEC-KT-001,77,77,12320,3271.49,681.8,1,1,Kitchen Towel 2-roll,Kitchen Towel,Towel,160,78,N,2 rolls,Matched,9048.51,6006,0.33624431,13.27150191,2360.71,0.012987013
2025-06-01,Flipkart,South,BEC-CMB-001,21,21,14679,2325.02,1721.94,0,0,Home Cleaning Combo,Others,Combo,699,330,Y,4 items,Matched,12353.98,6930,0.439047173,7.174454394,3702.04,0
2024-02-01,Blinkit,West,BEC-TIS-002,347,347,62460,12409.56,4259.83,20,20,Bamboo Toilet Roll 4-pack,Tissues,Toilet Roll,180,95,N,4 rolls,Matched,50050.44,32965,0.341364432,11.74939845,12825.61,0.057636888
2024-11-01,Flipkart,South,BEC-BW-002,83,83,14525,878.39,1574.55,4,4,Parchment Paper Roll,Bake & Wrap,Bake,175,92,N,20 m,Matched,13646.61,7636,0.440447115,8.666990569,4436.06,0.048192771
2024-08-01,Amazon,South,BEC-OTH-001,114,114,16986,3428.71,1255.49,3,3,Bamboo Wet Wipes 72s,Others,Wipes,149,72,N,72 wipes,Matched,13557.29,8208,0.394569269,10.7984054,4093.8,0.026315789
2024-11-01,Swiggy Instamart,North,BEC-TIS-002,128,128,23040,2461.07,1331.78,4,4,Bamboo Toilet Roll 4-pack,Tissues,Toilet Roll,180,95,N,4 rolls,Matched,20578.93,12160,0.409104361,15.45219931,7087.15,0.03125
2024-10-01,D2C,West,BEC-BW-002,82,82,14350,1356.8,1801.88,13,13,Parchment Paper Roll,Bake & Wrap,Bake,175,92,N,20 m,Matched,12993.2,7544,0.419388603,7.210913046,3647.32,0.158536585
2025-01-01,D2C,North,BEC-CLN-001,254,254,50546,3015.53,11773.39,23,23,Floor Cleaner 1L,Cleaners,Floor Cleaner,199,96,N,1 L,Matched,47530.47,24384,0.486981719,4.037109957,11373.08,0.090551181
2025-01-01,Zepto,North,BEC-CLN-004,356,356,35244,4009.98,7593.09,9,9,Handwash 250ml,Cleaners,Handwash,99,44,N,250 ml,Matched,31234.02,15664,0.498495551,4.113479493,7976.93,0.025280899
2024-12-01,Flipkart,West,BEC-CLN-003,345,345,103155,13185.09,19456.71,9,9,Laundry Liquid 1L,Cleaners,Laundry,299,150,N,1 L,Matched,89969.91,51750,0.424807694,4.624107056,18763.2,0.026086957
2024-11-01,Flipkart,North,BEC-CMB-001,19,19,13281,1796.82,1463.18,0,0,Home Cleaning Combo,Others,Combo,699,330,Y,4 items,Matched,11484.18,6270,0.454031546,7.848781421,3751,0
2024-08-01,Amazon,North,BEC-CLN-003,390,390,116610,18963.85,32763.86,20,20,Laundry Liquid 1L,Cleaners,Laundry,299,150,N,1 L,Matched,97646.15,58500,0.400898038,2.980300551,6382.29,0.051282051
2024-05-01,D2C,South,BEC-CLN-003,212,212,63388,5054.73,17508.45,27,27,Laundry Liquid 1L,Cleaners,Laundry,299,150,N,1 L,Matched,58333.27,31800,0.454856551,3.331720969,9024.82,0.127358491
2025-04-01,Swiggy Instamart,South,BEC-TIS-002,176,176,31680,1758.42,3638.62,6,6,Bamboo Toilet Roll 4-pack,Tissues,Toilet Roll,180,95,N,4 rolls,Matched,29921.58,16720,0.441205979,8.223331923,9562.96,0.034090909
2025-06-01,Blinkit,South,BEC-GB-002,238,238,42602,3136.78,5407.64,10,10,Garbage Bag Large 15s,Garbage Bags,Large,179,86,N,15 bags,Matched,39465.22,20468,0.481366124,7.298048687,13589.58,0.042016807
2024-11-01,Zepto,West,BEC-TIS-002,288,288,51840,3089.57,3838.34,16,16,Bamboo Toilet Roll 4-pack,Tissues,Toilet Roll,180,95,N,4 rolls,Matched,48750.43,27360,0.438774181,12.70091498,17552.09,0.055555556
2024-07-01,Blinkit,South,BEC-GB-002,208,208,37232,9068.33,2968.64,7,7,Garbage Bag Large 15s,Garbage Bags,Large,179,86,N,15 bags,Matched,28163.67,17888,0.364855504,9.487061415,7307.03,0.033653846
2025-05-01,Blinkit,North,BEC-BW-002,151,151,26425,2446.09,3500.66,6,6,Parchment Paper Roll,Bake & Wrap,Bake,175,92,N,20 m,Matched,23978.91,13892,0.42065757,6.849825461,6586.25,0.039735099
2024-06-01,Amazon,South,BEC-CLN-002,370,370,68450,18268.34,9586.92,14,14,Dishwash Liquid 750ml,Cleaners,Dishwash,185,88,N,750 ml,Matched,50181.66,32560,0.351157375,5.234388104,8034.74,0.037837838
2025-04-01,Blinkit,West,BEC-TIS-002,335,335,60300,11356.36,4553.19,15,15,Bamboo Toilet Roll 4-pack,Tissues,Toilet Roll,180,95,N,4 rolls,Matched,48943.64,31825,0.349762298,10.74930763,12565.45,0.044776119
2024-01-01,D2C,South,BEC-TIS-002,157,157,28260,1040.37,2034.98,19,19,Bamboo Toilet Roll 4-pack,Tissues,Toilet Roll,180,95,N,4 rolls,Matched,27219.63,14915,0.452049863,13.37587102,10269.65,0.121019108
2025-06-01,Amazon,North,BEC-KT-001,406,406,64960,18577.22,2905.18,19,19,Kitchen Towel 2-roll,Kitchen Towel,Towel,160,78,N,2 rolls,Matched,46382.78,31668,0.317246616,15.9655443,11809.6,0.04679803
2024-05-01,Amazon,South,BEC-GB-002,249,249,44571,2478.57,3353.88,14,14,Garbage Bag Large 15s,Garbage Bags,Large,179,86,N,15 bags,Matched,42092.43,21414,0.491262443,12.55036853,17324.55,0.0562249
2024-11-01,Zepto,South,BEC-KT-001,136,136,21760,3978.88,2305.78,6,6,Kitchen Towel 2-roll,Kitchen Towel,Towel,160,78,N,2 rolls,Matched,17781.12,10608,0.403412159,7.711542298,4867.34,0.044117647
2024-02-01,Zepto,South,BEC-TIS-002,171,171,30780,2988.08,3866.75,3,3,Bamboo Toilet Roll 4-pack,Tissues,Toilet Roll,180,95,N,4 rolls,Matched,27791.92,16245,0.415477592,7.187410616,7680.17,0.01754386
2024-10-01,Blinkit,South,BEC-GB-002,175,175,31325,7061.18,2895.14,3,3,Garbage Bag Large 15s,Garbage Bags,Large,179,86,N,15 bags,Matched,24263.82,15050,0.37973493,8.380879681,6318.68,0.017142857
2024-04-01,Swiggy Instamart,North,BEC-KT-002,156,156,65520,6178.46,7879.82,6,6,Kitchen Towel 6-roll,Kitchen Towel,Towel,420,205,N,6 rolls,Matched,59341.54,31980,0.461085776,7.530824308,19481.72,0.038461538
2025-05-01,Swiggy Instamart,West,BEC-CLN-002,362,362,66970,13432.18,14346.11,11,11,Dishwash Liquid 750ml,Cleaners,Dishwash,185,88,N,750 ml,Matched,53537.82,31856,0.404981376,3.731870172,7335.71,0.03038674
2024-11-01,D2C,South,BEC-OTH-001,56,56,8344,200.67,669.3,8,8,Bamboo Wet Wipes 72s,Others,Wipes,149,72,N,72 wipes,Matched,8143.33,4032,0.504870857,12.1669356,3442.03,0.142857143
2024-11-01,Amazon,West,BEC-BW-002,238,238,41650,10591.68,2708.02,12,12,Parchment Paper Roll,Bake & Wrap,Bake,175,92,N,20 m,Matched,31058.32,21896,0.295003722,11.46901426,6454.3,0.050420168
2025-03-01,D2C,South,BEC-GB-001,126,126,18774,2160.32,1501.13,19,19,Garbage Bag Medium 30s,Garbage Bags,Medium,149,70,N,30 bags,Matched,16613.68,8820,0.469112202,11.06744919,6292.55,0.150793651
2025-05-01,Blinkit,South,BEC-GB-001,220,220,32780,7528.96,3635.2,5,5,Garbage Bag Medium 30s,Garbage Bags,Medium,149,70,N,30 bags,Matched,25251.04,15400,0.39012413,6.946258803,6215.84,0.022727273
2024-04-01,Zepto,North,BEC-CLN-004,273,273,27027,7605.44,5083.26,9,9,Handwash 250ml,Cleaners,Handwash,99,44,N,250 ml,Matched,19421.56,12012,0.381512093,3.820689872,2326.3,0.032967033
2024-10-01,Amazon,North,BEC-BW-001,156,156,34320,7174.39,1823.27,7,7,Compostable Cling Wrap,Bake & Wrap,Wrap,220,118,N,30 m,Matched,27145.61,18408,0.321879302,14.88842026,6914.34,0.044871795
2024-03-01,Swiggy Instamart,North,BEC-GB-002,139,139,24881,6841.63,1361.86,4,4,Garbage Bag Large 15s,Garbage Bags,Large,179,86,N,15 bags,Matched,18039.37,11954,0.337338277,13.24612662,4723.51,0.028776978
2025-02-01,Flipkart,North,BEC-BW-002,88,88,15400,4604.96,1531.22,4,4,Parchment Paper Roll,Bake & Wrap,Bake,175,92,N,20 m,Matched,10795.04,8096,0.250025938,7.049960162,1167.82,0.045454545
2025-01-01,Blinkit,South,BEC-BW-002,113,113,19775,4808.51,2005.86,2,2,Parchment Paper Roll,Bake & Wrap,Bake,175,92,N,20 m,Matched,14966.49,10396,0.305381556,7.461383147,2564.63,0.017699115
2025-05-01,Flipkart,South,BEC-TIS-002,172,172,30960,1991.26,1981.54,8,8,Bamboo Toilet Roll 4-pack,Tissues,Toilet Roll,180,95,N,4 rolls,Matched,28968.74,16340,0.43594371,14.6193062,10647.2,0.046511628
2025-04-01,Amazon,South,BEC-CLN-003,341,341,101959,25246.14,20649.95,10,10,Laundry Liquid 1L,Cleaners,Laundry,299,150,N,1 L,Matched,76712.86,51150,0.333227832,3.71491747,4912.91,0.029325513
2024-10-01,Blinkit,North,BEC-TIS-001,300,300,28500,5280.64,1854.89,10,10,Bamboo Facial Tissue 100s,Tissues,Facial,95,42,N,100 pulls,Matched,23219.36,12600,0.457349384,12.5179175,8764.47,0.033333333
2024-06-01,Swiggy Instamart,West,BEC-TIS-001,144,144,13680,2699.78,1154.8,3,3,Bamboo Facial Tissue 100s,Tissues,Facial,95,42,N,100 pulls,Matched,10980.22,6048,0.449191364,9.508330447,3777.42,0.020833333
2024-09-01,Blinkit,West,BEC-BW-001,110,110,24200,7193.58,1303.56,4,4,Compostable Cling Wrap,Bake & Wrap,Wrap,220,118,N,30 m,Matched,17006.42,12980,0.236758824,13.0461352,2722.86,0.036363636
2024-07-01,Flipkart,South,BEC-TIS-002,131,131,23580,4827.03,1950.19,3,3,Bamboo Toilet Roll 4-pack,Tissues,Toilet Roll,180,95,N,4 rolls,Matched,18752.97,12445,0.336371785,9.615970752,4357.78,0.022900763
2024-11-01,Blinkit,North,BEC-TIS-001,204,204,19380,4383.01,759.48,11,11,Bamboo Facial Tissue 100s,Tissues,Facial,95,42,N,100 pulls,Matched,14996.99,8568,0.428685356,19.74639227,5669.51,0.053921569
2024-03-01,Amazon,West,BEC-BW-002,318,318,55650,13738.31,3151.78,17,17,Parchment Paper Roll,Bake & Wrap,Bake,175,92,N,20 m,Matched,41911.69,29256,0.301960861,13.29778411,9503.91,0.053459119
2024-10-01,Swiggy Instamart,South,BEC-GB-002,66,66,11814,1390.59,789.19,3,3,Garbage Bag Large 15s,Garbage Bags,Large,179,86,N,15 bags,Matched,10423.41,5676,0.455456516,13.20773198,3958.22,0.045454545
2024-04-01,Zepto,West,BEC-CLN-003,384,384,114816,33992.4,22846.6,9,9,Laundry Liquid 1L,Cleaners,Laundry,299,150,N,1 L,Matched,80823.6,57600,0.287336867,3.537664248,377,0.0234375
2025-01-01,Blinkit,West,BEC-CMB-001,46,46,32154,4328.31,2156.31,1,1,Home Cleaning Combo,Others,Combo,699,330,Y,4 items,Matched,27825.69,15180,0.454460968,12.90430875,10489.38,0.02173913
2024-05-01,Flipkart,West,BEC-GB-001,264,264,39336,5590.42,4562.21,14,14,Garbage Bag Medium 30s,Garbage Bags,Medium,149,70,N,30 bags,Matched,33745.58,18480,0.452372726,7.396761657,10703.37,0.053030303
2025-03-01,Flipkart,South,BEC-BW-002,80,80,14000,2436.62,836.34,3,3,Parchment Paper Roll,Bake & Wrap,Bake,175,92,N,20 m,Matched,11563.38,7360,0.363507902,13.82617117,3367.04,0.0375
2024-09-01,Swiggy Instamart,West,BEC-CLN-001,215,215,42785,11033.31,6336.34,12,12,Floor Cleaner 1L,Cleaners,Floor Cleaner,199,96,N,1 L,Matched,31751.69,20640,0.349955861,5.011045809,4775.35,0.055813953
2025-02-01,Flipkart,South,BEC-CLN-003,196,196,58604,17526.47,9233.11,6,6,Laundry Liquid 1L,Cleaners,Laundry,299,150,N,1 L,Matched,41077.53,29400,0.284280238,4.448937574,2444.42,0.030612245
2025-03-01,Zepto,North,BEC-CLN-003,368,368,110032,25187.35,17458.45,16,16,Laundry Liquid 1L,Cleaners,Laundry,299,150,N,1 L,Matched,84844.65,55200,0.349399167,4.859804278,12186.2,0.043478261
2025-02-01,Zepto,West,BEC-OTH-001,109,109,16241,4790.4,1302.99,3,3,Bamboo Wet Wipes 72s,Others,Wipes,149,72,N,72 wipes,Matched,11450.6,7848,0.314621068,8.787941581,2299.61,0.027522936
2024-12-01,Flipkart,North,BEC-BW-001,75,75,16500,3526.85,1817.25,3,3,Compostable Cling Wrap,Bake & Wrap,Wrap,220,118,N,30 m,Matched,12973.15,8850,0.317821809,7.138891182,2305.9,0.04
2024-02-01,Zepto,North,BEC-CLN-004,392,392,38808,7313.77,7620.92,15,15,Handwash 250ml,Cleaners,Handwash,99,44,N,250 ml,Matched,31494.23,17248,0.452344128,4.132602101,6625.31,0.038265306
2024-08-01,Swiggy Instamart,North,BEC-GB-001,136,136,20264,2271.35,2693.41,5,5,Garbage Bag Medium 30s,Garbage Bags,Medium,149,70,N,30 bags,Matched,17992.65,9520,0.47089506,6.680249201,5779.24,0.036764706
2024-05-01,Flipkart,North,BEC-OTH-001,87,87,12963,1205,995.03,2,2,Bamboo Wet Wipes 72s,Others,Wipes,149,72,N,72 wipes,Matched,11758,6264,0.467256336,11.81672914,4498.97,0.022988506
2024-04-01,Flipkart,West,BEC-GB-001,285,285,42465,10381.4,3033.33,10,10,Garbage Bag Medium 30s,Garbage Bags,Medium,149,70,N,30 bags,Matched,32083.6,19950,0.378186986,10.57702261,9100.27,0.035087719
2024-09-01,Zepto,West,BEC-CLN-002,228,228,42180,8802.96,7066.73,12,12,Dishwash Liquid 750ml,Cleaners,Dishwash,185,88,N,750 ml,Matched,33377.04,20064,0.398868204,4.723123708,6246.31,0.052631579
2024-03-01,Flipkart,West,BEC-CMB-001,42,42,29358,7582.38,1457.04,1,1,Home Cleaning Combo,Others,Combo,699,330,Y,4 items,Matched,21775.62,13860,0.363508364,14.94510789,6458.58,0.023809524
2025-02-01,Flipkart,North,BEC-BW-001,93,93,20460,4088.26,1794.95,2,2,Compostable Cling Wrap,Bake & Wrap,Wrap,220,118,N,30 m,Matched,16371.74,10974,0.329698615,9.121000585,3602.79,0.021505376
2024-12-01,Swiggy Instamart,South,BEC-KT-001,74,74,11840,2626.38,857.92,4,4,Kitchen Towel 2-roll,Kitchen Towel,Towel,160,78,N,2 rolls,Matched,9213.62,5772,0.373536135,10.7394862,2583.7,0.054054054
2025-03-01,Blinkit,West,BEC-BW-002,226,226,39550,3066.52,4920.96,8,8,Parchment Paper Roll,Bake & Wrap,Bake,175,92,N,20 m,Matched,36483.48,20792,0.430098225,7.41389485,10770.52,0.03539823
2024-03-01,Swiggy Instamart,South,BEC-TIS-002,105,105,18900,5495.55,1157.65,5,5,Bamboo Toilet Roll 4-pack,Tissues,Toilet Roll,180,95,N,4 rolls,Matched,13404.45,9975,0.255844141,11.57901784,2271.8,0.047619048
2024-04-01,D2C,North,BEC-OTH-001,81,81,12069,1293.96,597.85,13,13,Bamboo Wet Wipes 72s,Others,Wipes,149,72,N,72 wipes,Matched,10775.04,5832,0.458749109,18.02298235,4345.19,0.160493827
2024-04-01,Flipkart,West,BEC-CLN-002,247,247,45695,13523.16,9836.8,11,11,Dishwash Liquid 750ml,Cleaners,Dishwash,185,88,N,750 ml,Matched,32171.84,21736,0.32437809,3.270559532,599.04,0.044534413
2024-03-01,Flipkart,West,BEC-BW-002,93,93,16275,2416.27,823.27,5,5,Parchment Paper Roll,Bake & Wrap,Bake,175,92,N,20 m,Matched,13858.73,8556,0.382627412,16.83376049,4479.46,0.053763441
2024-11-01,Zepto,West,BEC-TIS-001,373,373,35435,5400.1,2475.17,21,21,Bamboo Facial Tissue 100s,Tissues,Facial,95,42,N,100 pulls,Matched,30034.9,15666,0.478406787,12.13447965,11893.73,0.056300268
2024-03-01,Blinkit,West,BEC-TIS-001,433,433,41135,6301.2,4555.43,10,10,Bamboo Facial Tissue 100s,Tissues,Facial,95,42,N,100 pulls,Matched,34833.8,18186,0.47792087,7.646654652,12092.37,0.023094688
2024-05-01,D2C,South,BEC-CLN-002,139,139,25715,961.57,5658.06,20,20,Dishwash Liquid 750ml,Cleaners,Dishwash,185,88,N,750 ml,Matched,24753.43,12232,0.50584626,4.37489705,6863.37,0.143884892
2025-02-01,Zepto,North,BEC-KT-002,157,157,65940,11611.2,5340.15,5,5,Kitchen Towel 6-roll,Kitchen Towel,Towel,420,205,N,6 rolls,Matched,54328.8,32185,0.407588609,10.17364681,16803.65,0.031847134
2024-01-01,Amazon,North,BEC-BW-001,142,142,31240,3926.71,1699.84,7,7,Compostable Cling Wrap,Bake & Wrap,Wrap,220,118,N,30 m,Matched,27313.29,16756,0.386525754,16.06815347,8857.45,0.049295775
2024-03-01,Swiggy Instamart,South,BEC-OTH-001,50,50,7450,964.44,457.45,2,2,Bamboo Wet Wipes 72s,Others,Wipes,149,72,N,72 wipes,Matched,6485.56,3600,0.444920716,14.1776369,2428.11,0.04
2024-01-01,D2C,West,BEC-TIS-001,240,240,22800,725.76,2969.97,31,31,Bamboo Facial Tissue 100s,Tissues,Facial,95,42,N,100 pulls,Matched,22074.24,10080,0.543359137,7.432479116,9024.27,0.129166667
2024-08-01,Swiggy Instamart,South,BEC-TIS-002,101,101,18180,4329.51,1631.94,4,4,Bamboo Toilet Roll 4-pack,Tissues,Toilet Roll,180,95,N,4 rolls,Matched,13850.49,9595,0.307244726,8.48713188,2623.55,0.03960396
2024-09-01,Flipkart,South,BEC-OTH-001,35,35,5215,428.61,462.04,1,1,Bamboo Wet Wipes 72s,Others,Wipes,149,72,N,72 wipes,Matched,4786.39,2520,0.473507173,10.35925461,1804.35,0.028571429
2025-06-01,Amazon,South,BEC-OTH-001,141,141,21009,5041.99,2014.74,4,4,Bamboo Wet Wipes 72s,Others,Wipes,149,72,N,72 wipes,Matched,15967.01,10152,0.364189037,7.925097035,3800.27,0.028368794
2024-10-01,Swiggy Instamart,North,BEC-CLN-004,189,189,18711,3194.84,3159.19,10,10,Handwash 250ml,Cleaners,Handwash,99,44,N,250 ml,Matched,15516.16,8316,0.46404265,4.911436159,4040.97,0.052910053
2024-07-01,Blinkit,South,BEC-CLN-001,304,304,60496,6722.42,15612.38,15,15,Floor Cleaner 1L,Cleaners,Floor Cleaner,199,96,N,1 L,Matched,53773.58,29184,0.45727995,3.444291005,8977.2,0.049342105
2024-01-01,Blinkit,West,BEC-CLN-003,564,564,168636,20177.45,34237.08,30,30,Laundry Liquid 1L,Cleaners,Laundry,299,150,N,1 L,Matched,148458.55,84600,0.430143969,4.33619193,29621.47,0.053191489
2025-06-01,Amazon,South,BEC-GB-002,286,286,51194,3487.71,6662.33,9,9,Garbage Bag Large 15s,Garbage Bags,Large,179,86,N,15 bags,Matched,47706.29,24596,0.484428573,7.160601471,16447.96,0.031468531
2024-11-01,Zepto,North,BEC-BW-001,104,104,22880,1452.11,2028.1,5,5,Compostable Cling Wrap,Bake & Wrap,Wrap,220,118,N,30 m,Matched,21427.89,12272,0.427288454,10.56549973,7127.79,0.048076923
2024-09-01,Flipkart,West,BEC-CLN-002,283,283,52355,13092.05,8327.01,15,15,Dishwash Liquid 750ml,Cleaners,Dishwash,185,88,N,750 ml,Matched,39262.95,24904,0.365712459,4.715131842,6031.94,0.053003534
2024-02-01,Swiggy Instamart,West,BEC-GB-001,205,205,30545,2624.2,2469.4,4,4,Garbage Bag Medium 30s,Garbage Bags,Medium,149,70,N,30 bags,Matched,27920.8,14350,0.486046245,11.30671418,11101.4,0.019512195
2025-06-01,Amazon,North,BEC-KT-002,230,230,96600,5539.66,10691.21,12,12,Kitchen Towel 6-roll,Kitchen Towel,Towel,420,205,N,6 rolls,Matched,91060.34,47150,0.482211465,8.517309079,33219.13,0.052173913
2025-01-01,Amazon,South,BEC-CLN-004,418,418,41382,5309.36,8316.72,18,18,Handwash 250ml,Cleaners,Handwash,99,44,N,250 ml,Matched,36072.64,18392,0.490139895,4.337363768,9363.92,0.043062201
2024-09-01,Amazon,South,BEC-BW-001,116,116,25520,6938.43,1923.41,2,2,Compostable Cling Wrap,Bake & Wrap,Wrap,220,118,N,30 m,Matched,18581.57,13688,0.26335611,9.660743159,2970.16,0.017241379
2024-04-01,D2C,West,BEC-OTH-001,82,82,12218,501.56,841.84,7,7,Bamboo Wet Wipes 72s,Others,Wipes,149,72,N,72 wipes,Matched,11716.44,5904,0.49609267,13.91765656,4970.6,0.085365854
2025-06-01,Flipkart,North,BEC-GB-002,197,197,35263,4948.48,3091.22,9,9,Garbage Bag Large 15s,Garbage Bags,Large,179,86,N,15 bags,Matched,30314.52,16942,0.441125903,9.80665239,10281.3,0.045685279
2025-04-01,Flipkart,West,BEC-CLN-001,355,355,70645,10129.64,19331.93,9,9,Floor Cleaner 1L,Cleaners,Floor Cleaner,199,96,N,1 L,Matched,60515.36,34080,0.436837193,3.130332047,7103.43,0.025352113
2024-03-01,Flipkart,North,BEC-CLN-002,250,250,46250,10083.76,11136.87,5,5,Dishwash Liquid 750ml,Cleaners,Dishwash,185,88,N,750 ml,Matched,36166.24,22000,0.391697893,3.247433076,3029.37,0.02
2025-05-01,Blinkit,North,BEC-CLN-001,349,349,69451,18269.06,14794.76,19,19,Floor Cleaner 1L,Cleaners,Floor Cleaner,199,96,N,1 L,Matched,51181.94,33504,0.345394098,3.459464026,2883.18,0.054441261
2024-07-01,Flipkart,West,BEC-GB-002,162,162,28998,5034.04,3533.61,8,8,Garbage Bag Large 15s,Garbage Bags,Large,179,86,N,15 bags,Matched,23963.96,13932,0.418626972,6.781721809,6498.35,0.049382716
2024-04-01,Blinkit,South,BEC-CLN-003,381,381,113919,33992.9,22357.43,17,17,Laundry Liquid 1L,Cleaners,Laundry,299,150,N,1 L,Matched,79926.1,57150,0.284964486,3.574923415,418.67,0.044619423
2024-02-01,D2C,West,BEC-CLN-004,375,375,37125,4590.28,8708.1,57,57,Handwash 250ml,Cleaners,Handwash,99,44,N,250 ml,Matched,32534.72,16500,0.492849485,3.736144509,7326.62,0.152
2024-02-01,Swiggy Instamart,West,BEC-CLN-003,298,298,89102,11836.51,19698.44,17,17,Laundry Liquid 1L,Cleaners,Laundry,299,150,N,1 L,Matched,77265.49,44700,0.421475228,3.922416699,12867.05,0.05704698
2024-09-01,Amazon,West,BEC-CMB-001,44,44,30756,2145.9,1806,1,1,Home Cleaning Combo,Others,Combo,699,330,Y,4 items,Matched,28610.1,14520,0.492486919,15.84169435,12284.1,0.022727273
2024-09-01,Blinkit,South,BEC-TIS-001,175,175,16625,4273.78,1221.06,5,5,Bamboo Facial Tissue 100s,Tissues,Facial,95,42,N,100 pulls,Matched,12351.22,7350,0.404917085,10.11516224,3780.16,0.028571429
2025-03-01,Amazon,South,BEC-KT-001,367,367,58720,9034.78,6876.82,11,11,Kitchen Towel 2-roll,Kitchen Towel,Towel,160,78,N,2 rolls,Matched,49685.22,28626,0.423852808,7.225028429,14182.4,0.029972752
2024-04-01,Amazon,South,BEC-GB-002,290,290,51910,8455.96,6002.63,12,12,Garbage Bag Large 15s,Garbage Bags,Large,179,86,N,15 bags,Matched,43454.04,24940,0.42606027,7.239166832,12511.41,0.04137931
2024-05-01,Swiggy Instamart,North,BEC-TIS-001,181,181,17195,4367.34,823.77,9,9,Bamboo Facial Tissue 100s,Tissues,Facial,95,42,N,100 pulls,Matched,12827.66,7602,0.407374377,15.57189507,4401.89,0.049723757
2024-02-01,Swiggy Instamart,South,BEC-CLN-003,131,131,39169,6610.83,6345.53,4,4,Laundry Liquid 1L,Cleaners,Laundry,299,150,N,1 L,Matched,32558.17,19650,0.39646485,5.130882684,6562.64,0.030534351
2024-08-01,Swiggy Instamart,North,BEC-BW-002,50,50,8750,1353.48,495.04,1,1,Parchment Paper Roll,Bake & Wrap,Bake,175,92,N,20 m,Matched,7396.52,4600,0.378085911,14.94125727,2301.48,0.02
2024-02-01,Amazon,South,BEC-TIS-002,396,396,71280,6054.57,6178.45,9,9,Bamboo Toilet Roll 4-pack,Tissues,Toilet Roll,180,95,N,4 rolls,Matched,65225.43,37620,0.423231093,10.55692447,21426.98,0.022727273
2024-09-01,D2C,West,BEC-BW-001,100,100,22000,0,2657.32,12,12,Compostable Cling Wrap,Bake & Wrap,Wrap,220,118,N,30 m,Matched,22000,11800,0.463636364,8.279017958,7542.68,0.12
2024-07-01,D2C,West,BEC-KT-001,120,120,19200,894.69,2135.85,12,12,Kitchen Towel 2-roll,Kitchen Towel,Towel,160,78,N,2 rolls,Matched,18305.31,9360,0.488672959,8.570503547,6809.46,0.1
2024-09-01,D2C,North,BEC-KT-002,77,77,32340,2824.64,2491.39,7,7,Kitchen Towel 6-roll,Kitchen Towel,Towel,420,205,N,6 rolls,Matched,29515.36,15785,0.465193716,11.84694488,11238.97,0.090909091
2024-04-01,Blinkit,North,BEC-CMB-001,37,37,25863,1751.67,2447.1,1,1,Home Cleaning Combo,Others,Combo,699,330,Y,4 items,Matched,24111.33,12210,0.493599067,9.853021944,9454.23,0.027027027
2024-04-01,Swiggy Instamart,South,BEC-CMB-001,21,21,14679,4027.99,742.83,0,0,Home Cleaning Combo,Others,Combo,699,330,Y,4 items,Matched,10651.01,6930,0.349357479,14.33842198,2978.18,0
2024-07-01,Flipkart,West,BEC-CLN-002,222,222,41070,8381.37,6187.08,8,8,Dishwash Liquid 750ml,Cleaners,Dishwash,185,88,N,750 ml,Matched,32688.63,19536,0.402361004,5.283369538,6965.55,0.036036036
2024-08-01,Swiggy Instamart,South,BEC-CLN-001,107,107,21293,2267.87,6123.69,3,3,Floor Cleaner 1L,Cleaners,Floor Cleaner,199,96,N,1 L,Matched,19025.13,10272,0.460082533,3.10680815,2629.44,0.028037383
2024-10-01,Zepto,West,BEC-CMB-001,40,40,27960,5936,2886.84,1,1,Home Cleaning Combo,Others,Combo,699,330,Y,4 items,Matched,22024,13200,0.400653832,7.629103102,5937.16,0.025
2024-02-01,Zepto,South,BEC-CLN-002,282,282,52170,8641.72,14799.19,10,10,Dishwash Liquid 750ml,Cleaners,Dishwash,185,88,N,750 ml,Matched,43528.28,24816,0.42988788,2.941260974,3913.09,0.035460993
2025-02-01,Zepto,North,BEC-KT-001,246,246,39360,6919.91,4048.61,12,12,Kitchen Towel 2-roll,Kitchen Towel,Towel,160,78,N,2 rolls,Matched,32440.09,19188,0.408509656,8.012648786,9203.48,0.048780488
2025-06-01,Zepto,South,BEC-CLN-003,316,316,94484,26720.34,21148.15,13,13,Laundry Liquid 1L,Cleaners,Laundry,299,150,N,1 L,Matched,67763.66,47400,0.300510037,3.204235832,-784.49,0.041139241
2024-03-01,Zepto,West,BEC-CLN-001,356,356,70844,19151.94,17440.16,8,8,Floor Cleaner 1L,Cleaners,Floor Cleaner,199,96,N,1 L,Matched,51692.06,34176,0.338853975,2.963967074,75.9,0.02247191
2024-03-01,Swiggy Instamart,West,BEC-BW-001,85,85,18700,1498.51,2511.85,2,2,Compostable Cling Wrap,Bake & Wrap,Wrap,220,118,N,30 m,Matched,17201.49,10030,0.416910977,6.848135836,4659.64,0.023529412
2024-11-01,Swiggy Instamart,North,BEC-KT-001,108,108,17280,981.43,2183.31,6,6,Kitchen Towel 2-roll,Kitchen Towel,Towel,160,78,N,2 rolls,Matched,16298.57,8424,0.48314484,7.465073673,5691.26,0.055555556
2025-04-01,Flipkart,West,BEC-KT-001,165,165,26400,7860.32,2648.96,7,7,Kitchen Towel 2-roll,Kitchen Towel,Towel,160,78,N,2 rolls,Matched,18539.68,12870,0.305813261,6.99885238,3020.72,0.042424242
2025-01-01,Blinkit,West,BEC-GB-001,274,274,40826,4093.38,3573.69,8,8,Garbage Bag Medium 30s,Garbage Bags,Medium,149,70,N,30 bags,Matched,36732.62,19180,0.477848299,10.27862517,13978.93,0.02919708
2025-06-01,Zepto,West,BEC-CLN-001,490,490,97510,21060.45,18616.42,28,28,Floor Cleaner 1L,Cleaners,Floor Cleaner,199,96,N,1 L,Matched,76449.55,47040,0.384692258,4.106565602,10793.13,0.057142857
2024-10-01,Swiggy Instamart,South,BEC-CLN-004,152,152,15048,920.72,3487.67,8,8,Handwash 250ml,Cleaners,Handwash,99,44,N,250 ml,Matched,14127.28,6688,0.52658969,4.050635525,3951.61,0.052631579
2024-07-01,Swiggy Instamart,North,BEC-BW-001,53,53,11660,2496.65,1258.69,1,1,Compostable Cling Wrap,Bake & Wrap,Wrap,220,118,N,30 m,Matched,9163.35,6254,0.317498513,7.280068961,1650.66,0.018867925
2024-09-01,Blinkit,North,BEC-CLN-001,271,271,53929,5627.04,15485.39,11,11,Floor Cleaner 1L,Cleaners,Floor Cleaner,199,96,N,1 L,Matched,48301.96,26016,0.461388316,3.119195577,6800.57,0.040590406
2024-02-01,Flipkart,West,BEC-GB-001,247,247,36803,8542.94,1549.55,13,13,Garbage Bag Medium 30s,Garbage Bags,Medium,149,70,N,30 bags,Matched,28260.06,17290,0.388182474,18.23759156,9420.51,0.052631579
2024-06-01,Blinkit,North,BEC-CLN-001,366,366,72834,19596.55,9964.79,21,21,Floor Cleaner 1L,Cleaners,Floor Cleaner,199,96,N,1 L,Matched,53237.45,35136,0.340013468,5.34255614,8136.66,0.057377049
2025-04-01,Amazon,North,BEC-KT-001,455,455,72800,7870.06,7695.85,25,25,Kitchen Towel 2-roll,Kitchen Towel,Towel,160,78,N,2 rolls,Matched,64929.94,35490,0.453410861,8.437006958,21744.09,0.054945055
2025-06-01,D2C,West,BEC-KT-002,132,132,55440,5426.22,4991.32,18,18,Kitchen Towel 6-roll,Kitchen Towel,Towel,420,205,N,6 rolls,Matched,50013.78,27060,0.458949114,10.02015098,17962.46,0.136363636
2025-01-01,Swiggy Instamart,West,BEC-GB-002,230,230,41170,10907.68,1788.73,4,4,Garbage Bag Large 15s,Garbage Bags,Large,179,86,N,15 bags,Matched,30262.32,19780,0.346381903,16.91832753,8693.59,0.017391304
2024-03-01,Swiggy Instamart,South,BEC-GB-002,95,95,17005,4014.12,1380.76,5,5,Garbage Bag Large 15s,Garbage Bags,Large,179,86,N,15 bags,Matched,12990.88,8170,0.371097262,9.408499667,3440.12,0.052631579
2024-08-01,Blinkit,West,BEC-KT-001,275,275,44000,4201.84,5037.02,7,7,Kitchen Towel 2-roll,Kitchen Towel,Towel,160,78,N,2 rolls,Matched,39798.16,21450,0.461030359,7.901132019,13311.14,0.025454545
2025-06-01,D2C,West,BEC-BW-002,113,113,19775,1545.64,1049.43,12,12,Parchment Paper Roll,Bake & Wrap,Bake,175,92,N,20 m,Matched,18229.36,10396,0.429711191,17.37072506,6783.93,0.10619469
2025-02-01,D2C,South,BEC-GB-002,118,118,21122,2747.98,1589.8,18,18,Garbage Bag Large 15s,Garbage Bags,Large,179,86,N,15 bags,Matched,18374.02,10148,0.447698435,11.55744119,6636.22,0.152542373
2025-06-01,Flipkart,West,BEC-CMB-001,47,47,32853,7366.4,1302.88,1,1,Home Cleaning Combo,Others,Combo,699,330,Y,4 items,Matched,25486.6,15510,0.391444916,19.56174014,8673.72,0.021276596
2024-07-01,Flipkart,North,BEC-TIS-001,209,209,19855,1992.18,975.36,8,8,Bamboo Facial Tissue 100s,Tissues,Facial,95,42,N,100 pulls,Matched,17862.82,8778,0.50858823,18.3140789,8109.46,0.038277512
2024-10-01,D2C,West,BEC-KT-001,187,187,29920,1574.24,2296.13,31,31,Kitchen Towel 2-roll,Kitchen Towel,Towel,160,78,N,2 rolls,Matched,28345.76,14586,0.485425686,12.34501531,11463.63,0.165775401
2025-05-01,Flipkart,South,BEC-CLN-003,226,226,67574,12364.3,10422.75,8,8,Laundry Liquid 1L,Cleaners,Laundry,299,150,N,1 L,Matched,55209.7,33900,0.385977464,5.29703773,10886.95,0.03539823
2024-01-01,Zepto,North,BEC-CLN-002,259,259,47915,12025.9,6963.98,12,12,Dishwash Liquid 750ml,Cleaners,Dishwash,185,88,N,750 ml,Matched,35889.1,22792,0.364932528,5.153532894,6133.12,0.046332046
2024-09-01,D2C,West,BEC-CLN-001,227,227,45173,975.94,13349.99,38,38,Floor Cleaner 1L,Cleaners,Floor Cleaner,199,96,N,1 L,Matched,44197.06,21792,0.506935529,3.310643678,9055.07,0.167400881
2024-02-01,Blinkit,North,BEC-CMB-001,46,46,32154,6533.69,2482.52,1,1,Home Cleaning Combo,Others,Combo,699,330,Y,4 items,Matched,25620.31,15180,0.407501314,10.32028342,7957.79,0.02173913
2024-07-01,Blinkit,West,BEC-BW-002,118,118,20650,2421.76,2230.34,5,5,Parchment Paper Roll,Bake & Wrap,Bake,175,92,N,20 m,Matched,18228.24,10856,0.404440582,8.17285257,5141.9,0.042372881
2024-11-01,Swiggy Instamart,North,BEC-KT-002,96,96,40320,9350.3,3729.07,5,5,Kitchen Towel 6-roll,Kitchen Towel,Towel,420,205,N,6 rolls,Matched,30969.7,19680,0.36454018,8.304939301,7560.63,0.052083333
2025-03-01,D2C,West,BEC-BW-002,129,129,22575,1352.64,2266.55,17,17,Parchment Paper Roll,Bake & Wrap,Bake,175,92,N,20 m,Matched,21222.36,11868,0.4407785,9.363287816,7087.81,0.131782946
2025-01-01,Amazon,South,BEC-GB-002,205,205,36695,6438.79,1621.53,7,7,Garbage Bag Large 15s,Garbage Bags,Large,179,86,N,15 bags,Matched,30256.21,17630,0.417309703,18.6590504,11004.68,0.034146341
2024-07-01,Amazon,South,BEC-KT-001,225,225,36000,5830.86,1665.92,10,10,Kitchen Towel 2-roll,Kitchen Towel,Towel,160,78,N,2 rolls,Matched,30169.14,17550,0.418279739,18.1095971,10953.22,0.044444444
2024-06-01,Flipkart,West,BEC-GB-001,257,257,38293,6730.2,3883.81,9,9,Garbage Bag Medium 30s,Garbage Bags,Medium,149,70,N,30 bags,Matched,31562.8,17990,0.43002522,8.126762123,9688.99,0.035019455
2024-01-01,Amazon,South,BEC-CLN-002,298,298,55130,15095.77,8928.74,6,6,Dishwash Liquid 750ml,Cleaners,Dishwash,185,88,N,750 ml,Matched,40034.23,26224,0.34496055,4.483749107,4881.49,0.020134228
2024-01-01,D2C,North,BEC-CLN-004,-204,,20196,2828.4,4130.94,22,22,Handwash 250ml,Cleaners,Handwash,99,44,N,250 ml,Matched,17367.6,,,4.204273119,,
2024-04-01,Zepto,North,BEC-GB-001,265,265,39485,2288.57,2815.02,8,8,Garbage Bag Medium 30s,Garbage Bags,Medium,149,70,N,30 bags,Matched,37196.43,18550,0.501296227,13.21355799,15831.41,0.030188679
2025-05-01,Swiggy Instamart,South,BEC-GB-001,102,102,15198,4550.21,1440.43,4,4,Garbage Bag Medium 30s,Garbage Bags,Medium,149,70,N,30 bags,Matched,10647.79,7140,0.329438315,7.392091251,2067.36,0.039215686
2024-03-01,Zepto,West,BEC-KT-002,340,340,142800,29012.69,6671.95,13,13,Kitchen Towel 6-roll,Kitchen Towel,Towel,420,205,N,6 rolls,Matched,113787.31,69700,0.387453662,17.05458074,37415.36,0.038235294
2024-10-01,Amazon,North,BEC-KT-001,246,246,39360,4024.99,2778.26,12,12,Kitchen Towel 2-roll,Kitchen Towel,Towel,160,78,N,2 rolls,Matched,35335.01,19188,0.456969165,12.71839569,13368.75,0.048780488
2025-03-01,Blinkit,West,BEC-CLN-004,707,707,69993,15173.81,10323.82,32,32,Handwash 250ml,Cleaners,Handwash,99,44,N,250 ml,Matched,54819.19,31108,0.432534483,5.309971503,13387.37,0.045261669
2024-12-01,Zepto,South,BEC-CLN-003,292,292,87308,6177.52,21234.97,8,8,Laundry Liquid 1L,Cleaners,Laundry,299,150,N,1 L,Matched,81130.48,43800,0.460128918,3.820607234,16095.51,0.02739726
2024-02-01,Amazon,South,BEC-KT-002,227,227,95340,12679.72,10217.33,6,6,Kitchen Towel 6-roll,Kitchen Towel,Towel,420,205,N,6 rolls,Matched,82660.28,46535,0.437033119,8.090203605,25907.95,0.026431718
2025-01-01,Zepto,West,BEC-CLN-001,478,478,95122,27570.22,18260.79,20,20,Floor Cleaner 1L,Cleaners,Floor Cleaner,199,96,N,1 L,Matched,67551.78,45888,0.320698877,3.699280261,3402.99,0.041841004
2024-02-01,Swiggy Instamart,South,BEC-BW-002,44,44,7700,1547.3,368.94,1,1,Parchment Paper Roll,Bake & Wrap,Bake,175,92,N,20 m,Matched,6152.7,4048,0.342077462,16.6766954,1735.76,0.022727273
2024-03-01,Zepto,North,BEC-KT-001,190,190,30400,5411.86,2720.6,5,5,Kitchen Towel 2-roll,Kitchen Towel,Towel,160,78,N,2 rolls,Matched,24988.14,14820,0.406918642,9.18479012,7447.54,0.026315789
2025-01-01,D2C,South,BEC-BW-002,85,85,14875,2116.23,1853.41,11,11,Parchment Paper Roll,Bake & Wrap,Bake,175,92,N,20 m,Matched,12758.77,7820,0.387088254,6.88394365,3085.36,0.129411765
2024-09-01,Zepto,South,BEC-CLN-004,189,189,18711,0,3814.51,5,5,Handwash 250ml,Cleaners,Handwash,99,44,N,250 ml,Matched,18711,8316,0.555555556,4.905217184,6580.49,0.026455026
2025-04-01,Swiggy Instamart,North,BEC-GB-001,197,197,29353,3448.52,3834.12,11,11,Garbage Bag Medium 30s,Garbage Bags,Medium,149,70,N,30 bags,Matched,25904.48,13790,0.467659648,6.756303924,8280.36,0.055837563
2024-12-01,D2C,North,BEC-BW-002,69,69,12075,1695.76,1346,8,8,Parchment Paper Roll,Bake & Wrap,Bake,175,92,N,20 m,Matched,10379.24,6348,0.388394526,7.711173848,2685.24,0.115942029
2024-11-01,D2C,South,BEC-CMB-001,22,22,15378,1878.16,1458.02,2,2,Home Cleaning Combo,Others,Combo,699,330,Y,4 items,Matched,13499.84,7260,0.462215848,9.25902251,4781.82,0.090909091
2025-01-01,Blinkit,West,BEC-KT-001,305,305,48800,11925.77,3886.42,8,8,Kitchen Towel 2-roll,Kitchen Towel,Towel,160,78,N,2 rolls,Matched,36874.23,23790,0.354833986,9.487968362,9197.81,0.026229508
2024-10-01,D2C,South,BEC-CLN-002,133,133,24605,3010.11,4368.24,16,16,Dishwash Liquid 750ml,Cleaners,Dishwash,185,88,N,750 ml,Matched,21594.89,11704,0.45801993,4.943613446,5522.65,0.120300752
2024-08-01,D2C,North,BEC-CLN-004,149,149,14751,1621.9,4396.25,13,13,Handwash 250ml,Cleaners,Handwash,99,44,N,250 ml,Matched,13129.1,6556,0.500651225,2.986431618,2176.85,0.087248322
2024-07-01,Amazon,South,BEC-CLN-003,293,293,87607,11834.47,19777.5,15,15,Laundry Liquid 1L,Cleaners,Laundry,299,150,N,1 L,Matched,75772.53,43950,0.419974495,3.831249147,12045.03,0.051194539
2024-12-01,Zepto,South,BEC-CLN-001,187,187,37213,6231.32,7835.39,7,7,Floor Cleaner 1L,Cleaners,Floor Cleaner,199,96,N,1 L,Matched,30981.68,17952,0.420560796,3.954069931,5194.29,0.037433155
2024-12-01,Blinkit,West,BEC-BW-001,173,173,38060,5177.33,2433.24,8,8,Compostable Cling Wrap,Bake & Wrap,Wrap,220,118,N,30 m,Matched,32882.67,20414,0.379186666,13.51394437,10035.43,0.046242775
2024-05-01,D2C,North,BEC-TIS-001,169,169,16055,440.63,2158.2,15,15,Bamboo Facial Tissue 100s,Tissues,Facial,95,42,N,100 pulls,Matched,15614.37,7098,0.545418739,7.234904087,6358.17,0.088757396
2024-10-01,Flipkart,South,BEC-TIS-001,156,156,14820,2530.66,1086.71,3,3,Bamboo Facial Tissue 100s,Tissues,Facial,95,42,N,100 pulls,Matched,12289.34,6552,0.466855014,11.30875763,4650.63,0.019230769
2025-01-01,Blinkit,South,BEC-CLN-002,311,311,57535,16591.85,11918.95,12,12,Dishwash Liquid 750ml,Cleaners,Dishwash,185,88,N,750 ml,Matched,40943.15,27368,0.331560957,3.435130611,1656.2,0.038585209
2025-02-01,D2C,South,BEC-CLN-001,165,165,32835,947.24,6314.29,19,19,Floor Cleaner 1L,Cleaners,Floor Cleaner,199,96,N,1 L,Matched,31887.76,15840,0.503257676,5.05009431,9733.47,0.115151515
2025-06-01,Swiggy Instamart,South,BEC-KT-002,82,82,34440,7791.78,2503.37,4,4,Kitchen Towel 6-roll,Kitchen Towel,Towel,420,205,N,6 rolls,Matched,26648.22,16810,0.369188636,10.64493862,7334.85,0.048780488
2024-06-01,Blinkit,South,BEC-BW-002,70,70,12250,1444.32,1092.56,1,1,Parchment Paper Roll,Bake & Wrap,Bake,175,92,N,20 m,Matched,10805.68,6440,0.404017147,9.890239438,3273.12,0.014285714
2024-03-01,D2C,North,BEC-KT-002,182,182,76440,4059.46,8040.81,21,21,Kitchen Towel 6-roll,Kitchen Towel,Towel,420,205,N,6 rolls,Matched,72380.54,37310,0.484529958,9.001647844,27029.73,0.115384615
2025-03-01,D2C,North,BEC-CLN-003,232,232,69368,5778.5,17389.94,37,37,Laundry Liquid 1L,Cleaners,Laundry,299,150,N,1 L,Matched,63589.5,34800,0.452739839,3.656683117,11399.56,0.159482759
2024-05-01,Flipkart,West,BEC-CLN-001,277,277,55123,8495.76,12048.41,9,9,Floor Cleaner 1L,Cleaners,Floor Cleaner,199,96,N,1 L,Matched,46627.24,26592,0.429689598,3.869991144,7986.83,0.032490975
2025-04-01,Zepto,South,BEC-OTH-001,90,90,13410,967.67,1558.98,1,1,Bamboo Wet Wipes 72s,Others,Wipes,149,72,N,72 wipes,Matched,12442.33,6480,0.479197224,7.981070957,4403.35,0.011111111
2024-07-01,Flipkart,North,BEC-CMB-001,32,32,22368,3364.9,2720.18,1,1,Home Cleaning Combo,Others,Combo,699,330,Y,4 items,Matched,19003.1,10560,0.444301193,6.985971517,5722.92,0.03125
2024-12-01,Flipkart,West,BEC-BW-002,108,108,18900,4533.89,1729.02,4,4,Parchment Paper Roll,Bake & Wrap,Bake,175,92,N,20 m,Matched,14366.11,9936,0.308372273,8.308816555,2701.09,0.037037037
2024-07-01,Flipkart,South,BEC-CLN-001,148,148,29452,1501.42,6765.83,8,8,Floor Cleaner 1L,Cleaners,Floor Cleaner,199,96,N,1 L,Matched,27950.58,14208,0.491674234,4.131138382,6976.75,0.054054054
2024-12-01,D2C,South,BEC-GB-002,139,139,24881,3390.49,2530.51,20,20,Garbage Bag Large 15s,Garbage Bags,Large,179,86,N,15 bags,Matched,21490.51,11954,0.443754476,8.492560788,7006,0.143884892
2025-05-01,Zepto,West,BEC-CLN-001,493,493,98107,11669.35,25460.45,20,20,Floor Cleaner 1L,Cleaners,Floor Cleaner,199,96,N,1 L,Matched,86437.65,47328,0.45246082,3.394977308,13649.2,0.040567951
2025-02-01,Amazon,North,BEC-BW-002,222,222,38850,2445.68,5082.96,10,10,Parchment Paper Roll,Bake & Wrap,Bake,175,92,N,20 m,Matched,36404.32,20424,0.438967683,7.162031572,10897.36,0.045045045
2025-02-01,Zepto,North,BEC-CLN-002,358,358,66230,6347.7,11192.9,7,7,Dishwash Liquid 750ml,Cleaners,Dishwash,185,88,N,750 ml,Matched,59882.3,31504,0.473901303,5.350025463,17185.4,0.019553073
2024-08-01,Zepto,South,BEC-OTH-001,48,48,7152,1929.37,398.77,1,1,Bamboo Wet Wipes 72s,Others,Wipes,149,72,N,72 wipes,Matched,5222.63,3456,0.338264438,13.09684781,1367.86,0.020833333
2025-05-01,Swiggy Instamart,West,BEC-CMB-001,43,43,30057,4626.79,2153.39,1,1,Home Cleaning Combo,Others,Combo,699,330,Y,4 items,Matched,25430.21,14190,0.442002249,11.80938427,9086.82,0.023255814
2024-05-01,D2C,North,BEC-CMB-001,29,29,20271,2514.45,1310.59,3,3,Home Cleaning Combo,Others,Combo,699,330,Y,4 items,Matched,17756.55,9570,0.461043953,13.54851632,6875.96,0.103448276
2024-07-01,Amazon,West,BEC-BW-002,230,230,40250,7502.3,1780.96,6,6,Parchment Paper Roll,Bake & Wrap,Bake,175,92,N,20 m,Matched,32747.7,21160,0.353847751,18.38766733,9806.74,0.026086957
2025-06-01,Zepto,North,BEC-CMB-001,49,49,34251,7880.36,1793.14,1,1,Home Cleaning Combo,Others,Combo,699,330,Y,4 items,Matched,26370.64,16170,0.386818067,14.70640329,8407.5,0.020408163
2024-06-01,Zepto,West,BEC-TIS-001,328,328,31160,3893.78,3599.27,7,7,Bamboo Facial Tissue 100s,Tissues,Facial,95,42,N,100 pulls,Matched,27266.22,13776,0.49475945,7.57548614,9890.95,0.021341463
2024-02-01,Amazon,North,BEC-CLN-002,603,603,111555,18358.63,30899.52,34,34,Dishwash Liquid 750ml,Cleaners,Dishwash,185,88,N,750 ml,Matched,93196.37,53064,0.4306216,3.016110606,9232.85,0.056384743
2025-06-01,D2C,South,BEC-KT-002,106,106,44520,2222.98,4913.76,10,10,Kitchen Towel 6-roll,Kitchen Towel,Towel,420,205,N,6 rolls,Matched,42297.02,21730,0.486252223,8.607872586,15653.26,0.094339623
2024-08-01,D2C,North,BEC-KT-001,78,78,12480,581.63,1654,11,11,Kitchen Towel 2-roll,Kitchen Towel,Towel,160,78,N,2 rolls,Matched,11898.37,6084,0.488669456,7.193694075,4160.37,0.141025641
2025-01-01,Zepto,South,BEC-CLN-003,340,340,101660,26526.12,19813.24,8,8,Laundry Liquid 1L,Cleaners,Laundry,299,150,N,1 L,Matched,75133.88,51000,0.321211682,3.792104673,4320.64,0.023529412
2025-03-01,Flipkart,South,BEC-OTH-001,74,74,11026,1696.77,682.69,4,4,Bamboo Wet Wipes 72s,Others,Wipes,149,72,N,72 wipes,Matched,9329.23,5328,0.428891773,13.66539718,3318.54,0.054054054
2024-07-01,Zepto,North,BEC-CMB-001,25,25,17475,4507.57,1478.57,1,1,Home Cleaning Combo,Others,Combo,699,330,Y,4 items,Matched,12967.43,8250,0.363790666,8.770250986,3238.86,0.04
2024-05-01,Amazon,North,BEC-KT-001,277,277,44320,3406.34,2327.25,11,11,Kitchen Towel 2-roll,Kitchen Towel,Towel,160,78,N,2 rolls,Matched,40913.66,21606,0.471912315,17.58025996,16980.41,0.039711191
2025-02-01,Blinkit,South,BEC-CLN-003,355,355,106145,9607.94,18575.63,18,18,Laundry Liquid 1L,Cleaners,Laundry,299,150,N,1 L,Matched,96537.06,53250,0.448398366,5.196973669,24711.43,0.050704225
2024-10-01,D2C,North,BEC-KT-002,103,103,43260,4831.2,2915.38,10,10,Kitchen Towel 6-roll,Kitchen Towel,Towel,420,205,N,6 rolls,Matched,38428.8,21115,0.450542302,13.18140345,14398.42,0.097087379
2024-10-01,Zepto,North,BEC-CLN-001,196,196,39004,10169.67,6331.84,10,10,Floor Cleaner 1L,Cleaners,Floor Cleaner,199,96,N,1 L,Matched,28834.33,18816,0.347444522,4.5538627,3686.49,0.051020408
2024-07-01,Zepto,North,BEC-KT-002,156,156,65520,18672.91,2390.35,3,3,Kitchen Towel 6-roll,Kitchen Towel,Towel,420,205,N,6 rolls,Matched,46847.09,31980,0.317353543,19.59842283,12476.74,0.019230769
2024-03-01,D2C,West,BEC-CMB-001,46,46,32154,884.34,2919.71,6,6,Home Cleaning Combo,Others,Combo,699,330,Y,4 items,Matched,31269.66,15180,0.514545409,10.70985132,13169.95,0.130434783
2024-02-01,Amazon,North,BEC-TIS-002,424,424,76320,10397.11,6720.55,8,8,Bamboo Toilet Roll 4-pack,Tissues,Toilet Roll,180,95,N,4 rolls,Matched,65922.89,40280,0.388983098,9.809151037,18922.34,0.018867925
2024-10-01,Flipkart,North,BEC-BW-001,83,83,18260,2583.54,2178.65,3,3,Compostable Cling Wrap,Bake & Wrap,Wrap,220,118,N,30 m,Matched,15676.46,9794,0.375241604,7.195492622,3703.81,0.036144578
2025-03-01,Zepto,West,BEC-KT-001,390,390,62400,14181.29,6235.43,15,15,Kitchen Towel 2-roll,Kitchen Towel,Towel,160,78,N,2 rolls,Matched,48218.71,30420,0.369124558,7.733020818,11563.28,0.038461538
2024-07-01,Flipkart,North,BEC-KT-001,160,160,25600,2915.51,1816.1,4,4,Kitchen Towel 2-roll,Kitchen Towel,Towel,160,78,N,2 rolls,Matched,22684.49,12480,0.449844365,12.49077143,8388.39,0.025
2024-01-01,Blinkit,South,BEC-GB-002,148,148,26492,5006.15,1760.31,5,5,Garbage Bag Large 15s,Garbage Bags,Large,179,86,N,15 bags,Matched,21485.85,12728,0.407610125,12.20571945,6997.54,0.033783784
2024-05-01,Swiggy Instamart,North,BEC-TIS-002,191,191,34380,2260.88,3349.75,9,9,Bamboo Toilet Roll 4-pack,Tissues,Toilet Roll,180,95,N,4 rolls,Matched,32119.12,18145,0.435071696,9.588512576,10624.37,0.047120419
2024-10-01,D2C,South,BEC-CLN-003,104,104,31096,1531.7,8356.62,13,13,Laundry Liquid 1L,Cleaners,Laundry,299,150,N,1 L,Matched,29564.3,15600,0.472336568,3.537829888,5607.68,0.125
2024-11-01,Zepto,North,BEC-CLN-003,286,286,85514,18533.15,14148.81,9,9,Laundry Liquid 1L,Cleaners,Laundry,299,150,N,1 L,Matched,66980.85,42900,0.35951843,4.734027102,9932.04,0.031468531
2024-12-01,D2C,South,BEC-GB-001,135,135,20115,445.89,1782.96,12,12,Garbage Bag Medium 30s,Garbage Bags,Medium,149,70,N,30 bags,Matched,19669.11,9450,0.519551215,11.03171692,8436.15,0.088888889
2025-05-01,Blinkit,North,BEC-CMB-001,51,51,35649,10333.16,2603.05,1,1,Home Cleaning Combo,Others,Combo,699,330,Y,4 items,Matched,25315.84,16830,0.335198832,9.725452834,5882.79,0.019607843
2024-06-01,D2C,South,BEC-CMB-001,14,14,9786,1399.79,749,1,1,Home Cleaning Combo,Others,Combo,699,330,Y,4 items,Matched,8386.21,4620,0.449095599,11.19654206,3017.21,0.071428571
2024-01-01,D2C,South,BEC-BW-001,49,49,10780,569.11,865.26,5,5,Compostable Cling Wrap,Bake & Wrap,Wrap,220,118,N,30 m,Matched,10210.89,5782,0.433741819,11.80095,3563.63,0.102040816
2024-09-01,Swiggy Instamart,West,BEC-KT-001,115,115,18400,4874.6,1487.66,4,4,Kitchen Towel 2-roll,Kitchen Towel,Towel,160,78,N,2 rolls,Matched,13525.4,8970,0.336803348,9.091727949,3067.74,0.034782609
2025-03-01,Swiggy Instamart,West,BEC-TIS-002,326,326,58680,11621.16,6204.72,8,8,Bamboo Toilet Roll 4-pack,Tissues,Toilet Roll,180,95,N,4 rolls,Matched,47058.84,30970,0.34188773,7.584361583,9884.12,0.024539877
2024-04-01,Blinkit,South,BEC-CLN-004,270,270,26730,2227.93,8013.6,9,9,Handwash 250ml,Cleaners,Handwash,99,44,N,250 ml,Matched,24502.07,11880,0.515143006,3.057560896,4608.47,0.033333333
2024-11-01,Swiggy Instamart,North,BEC-GB-002,135,135,24165,6215.76,0,4,4,Garbage Bag Large 15s,Garbage Bags,Large,179,86,N,15 bags,Matched,17949.24,11610,0.353175956,,6339.24,0.02962963
2024-09-01,Zepto,West,BEC-BW-002,138,138,24150,3876.86,2916.25,5,5,Parchment Paper Roll,Bake & Wrap,Bake,175,92,N,20 m,Matched,20273.14,12696,0.37375266,6.951783969,4660.89,0.036231884
2024-03-01,Flipkart,West,BEC-CLN-001,334,334,66466,5836.58,19951.11,18,18,Floor Cleaner 1L,Cleaners,Floor Cleaner,199,96,N,1 L,Matched,60629.42,32064,0.471147835,3.03889959,8614.31,0.053892216
2025-01-01,Amazon,North,BEC-CLN-002,598,598,110630,18329.68,23356.95,23,23,Dishwash Liquid 750ml,Cleaners,Dishwash,185,88,N,750 ml,Matched,92300.32,52624,0.429861132,3.951728286,16319.37,0.038461538
2025-05-01,Zepto,South,BEC-BW-001,125,125,27500,7848.3,1120.87,4,4,Compostable Cling Wrap,Bake & Wrap,Wrap,220,118,N,30 m,Matched,19651.7,14750,0.249428803,17.53254169,3780.83,0.032
2024-02-01,Flipkart,North,BEC-GB-002,184,184,32936,1770.37,2564.61,3,3,Garbage Bag Large 15s,Garbage Bags,Large,179,86,N,15 bags,Matched,31165.63,15824,0.492261186,12.15219078,12777.02,0.016304348
2024-04-01,Flipkart,West,BEC-TIS-002,225,225,40500,8034.7,3123.19,8,8,Bamboo Toilet Roll 4-pack,Tissues,Toilet Roll,180,95,N,4 rolls,Matched,32465.3,21375,0.341604729,10.39491674,7967.11,0.035555556
2024-10-01,D2C,South,BEC-BW-001,62,62,13640,640.36,1379.98,9,9,Compostable Cling Wrap,Bake & Wrap,Wrap,220,118,N,30 m,Matched,12999.64,7316,0.437215184,9.42016551,4303.66,0.14516129
2025-05-01,D2C,South,BEC-CMB-001,28,28,19572,2102.54,2089.19,3,3,Home Cleaning Combo,Others,Combo,699,330,Y,4 items,Matched,17469.46,9240,0.471076954,8.361834012,6140.27,0.107142857
2025-03-01,Flipkart,West,BEC-BW-001,155,155,34100,3018.72,2538.17,4,4,Compostable Cling Wrap,Bake & Wrap,Wrap,220,118,N,30 m,Matched,31081.28,18290,0.411542897,12.24554699,10253.11,0.025806452
2024-05-01,Amazon,West,BEC-GB-002,347,347,62113,15447.11,2782.77,15,15,Garbage Bag Large 15s,Garbage Bags,Large,179,86,N,15 bags,Matched,46665.89,29842,0.360517929,16.76958211,14041.12,0.043227666
2024-01-01,Zepto,West,BEC-KT-002,290,290,121800,36437.09,7373.49,8,8,Kitchen Towel 6-roll,Kitchen Towel,Towel,420,205,N,6 rolls,Matched,85362.91,59450,0.303561699,11.57700221,18539.42,0.027586207
2025-04-01,Amazon,North,BEC-BW-002,261,261,45675,12295.12,4732.73,5,5,Parchment Paper Roll,Bake & Wrap,Bake,175,92,N,20 m,Matched,33379.88,24012,0.280644508,7.052986331,4635.15,0.019157088
2024-10-01,Flipkart,South,BEC-CLN-004,136,136,13464,2875.93,2431.7,5,5,Handwash 250ml,Cleaners,Handwash,99,44,N,250 ml,Matched,10588.07,5984,0.434835622,4.354184315,2172.37,0.036764706
2024-12-01,Blinkit,South,BEC-CMB-001,43,43,30057,4016.64,1516.41,1,1,Home Cleaning Combo,Others,Combo,699,330,Y,4 items,Matched,26040.36,14190,0.455076658,17.17237423,10333.95,0.023255814
2024-06-01,D2C,North,BEC-TIS-002,131,131,23580,2861.21,2845.74,12,12,Bamboo Toilet Roll 4-pack,Tissues,Toilet Roll,180,95,N,4 rolls,Matched,20718.79,12445,0.39933751,7.280633508,5428.05,0.091603053
2024-02-01,D2C,North,BEC-KT-001,137,137,21920,2041.5,2316.44,21,21,Kitchen Towel 2-roll,Kitchen Towel,Towel,160,78,N,2 rolls,Matched,19878.5,10686,0.462434288,8.58148711,6876.06,0.153284672
2024-08-01,Flipkart,South,BEC-CLN-001,158,158,31442,6554.21,7874.4,4,4,Floor Cleaner 1L,Cleaners,Floor Cleaner,199,96,N,1 L,Matched,24887.79,15168,0.39054452,3.160595093,1845.39,0.025316456
2025-06-01,Amazon,South,BEC-BW-001,175,175,38500,5866.72,4737.01,9,9,Compostable Cling Wrap,Bake & Wrap,Wrap,220,118,N,30 m,Matched,32633.28,20650,0.367210406,6.889003823,7246.27,0.051428571
2024-12-01,Amazon,North,BEC-CMB-001,72,72,50328,6378.79,6588.63,2,2,Home Cleaning Combo,Others,Combo,699,330,Y,4 items,Matched,43949.21,23760,0.459375948,6.6704626,13600.58,0.027777778
2024-01-01,D2C,North,BEC-TIS-001,152,152,14440,571.97,1596.12,14,14,Bamboo Facial Tissue 100s,Tissues,Facial,95,42,N,100 pulls,Matched,13868.03,6384,0.539660644,8.688588577,5887.91,0.092105263
2024-07-01,Blinkit,South,BEC-TIS-002,177,177,31860,6497.82,3792.28,3,3,Bamboo Toilet Roll 4-pack,Tissues,Toilet Roll,180,95,N,4 rolls,Matched,25362.18,16815,0.337004942,6.687844779,4754.9,0.016949153
2024-01-01,Flipkart,North,BEC-OTH-001,92,92,13708,3163.67,1162.93,3,3,Bamboo Wet Wipes 72s,Others,Wipes,149,72,N,72 wipes,Matched,10544.33,6624,0.371795078,9.067037569,2757.4,0.032608696
2024-06-01,Zepto,West,BEC-CLN-003,375,375,112125,30006.16,24233.63,10,10,Laundry Liquid 1L,Cleaners,Laundry,299,150,N,1 L,Matched,82118.84,56250,0.315017114,3.388631418,1635.21,0.026666667
2024-10-01,Zepto,North,BEC-CLN-003,229,229,68471,20002.14,14747.42,9,9,Laundry Liquid 1L,Cleaners,Laundry,299,150,N,1 L,Matched,48468.86,34350,0.291297547,3.286599283,-628.56,0.03930131
2024-09-01,D2C,North,BEC-BW-002,56,56,9800,712.37,465.67,7,7,Parchment Paper Roll,Bake & Wrap,Bake,175,92,N,20 m,Matched,9087.63,5152,0.43307551,19.51517169,3469.96,0.125
2024-12-01,Blinkit,West,BEC-CMB-001,49,49,34251,5935.44,3843.12,2,2,Home Cleaning Combo,Others,Combo,699,330,Y,4 items,Matched,28315.56,16170,0.428935892,7.367857366,8302.44,0.040816327
2024-07-01,D2C,West,BEC-CMB-001,27,27,18873,2308.79,1714.34,3,3,Home Cleaning Combo,Others,Combo,699,330,Y,4 items,Matched,16564.21,8910,0.462093272,9.662149865,5939.87,0.111111111
2024-12-01,Blinkit,West,BEC-BW-002,129,129,22575,3707.85,2082.2,4,4,Parchment Paper Roll,Bake & Wrap,Bake,175,92,N,20 m,Matched,18867.15,11868,0.370970178,9.061161272,4916.95,0.031007752
2025-02-01,Blinkit,South,BEC-KT-001,250,250,40000,6902.1,2474.85,8,8,Kitchen Towel 2-roll,Kitchen Towel,Towel,160,78,N,2 rolls,Matched,33097.9,19500,0.410838754,13.37369942,11123.05,0.032
2024-02-01,Swiggy Instamart,North,BEC-BW-001,74,74,16280,3022.88,1347.96,2,2,Compostable Cling Wrap,Bake & Wrap,Wrap,220,118,N,30 m,Matched,13257.12,8732,0.341335071,9.834950592,3177.16,0.027027027
2024-10-01,Zepto,West,BEC-CLN-001,365,365,72635,7938.92,20058.17,16,16,Floor Cleaner 1L,Cleaners,Floor Cleaner,199,96,N,1 L,Matched,64696.08,35040,0.458390678,3.225422858,9597.91,0.043835616
2024-05-01,Blinkit,South,BEC-KT-002,169,169,70980,5630.62,8153.59,5,5,Kitchen Towel 6-roll,Kitchen Towel,Towel,420,205,N,6 rolls,Matched,65349.38,34645,0.469849599,8.014798389,22550.79,0.029585799
2024-05-01,Swiggy Instamart,West,BEC-TIS-001,183,183,17385,3518.54,1814.85,4,4,Bamboo Facial Tissue 100s,Tissues,Facial,95,42,N,100 pulls,Matched,13866.46,7686,0.445712893,7.640554316,4365.61,0.021857923
2024-08-01,Swiggy Instamart,West,BEC-OTH-001,74,74,11026,1523.13,1257.5,1,1,Bamboo Wet Wipes 72s,Others,Wipes,149,72,N,72 wipes,Matched,9502.87,5328,0.439327277,7.556954274,2917.37,0.013513514
2024-02-01,Swiggy Instamart,South,BEC-TIS-002,136,136,24480,3649.62,1279.51,3,3,Bamboo Toilet Roll 4-pack,Tissues,Toilet Roll,180,95,N,4 rolls,Matched,20830.38,12920,0.379752074,16.27996655,6630.87,0.022058824
2024-02-01,Blinkit,North,BEC-BW-002,141,141,24675,2924.68,2688.19,6,6,Parchment Paper Roll,Bake & Wrap,Bake,175,92,N,20 m,Matched,21750.32,12972,0.403594982,8.091064992,6090.13,0.042553191
2024-06-01,D2C,West,BEC-CLN-002,322,322,59570,6647.8,9589.23,30,30,Dishwash Liquid 750ml,Cleaners,Dishwash,185,88,N,750 ml,Matched,52922.2,28336,0.464572523,5.518920706,14996.97,0.093167702
2024-12-01,Swiggy Instamart,West,BEC-TIS-002,265,265,47700,7476.69,4720.56,15,15,Bamboo Toilet Roll 4-pack,Tissues,Toilet Roll,180,95,N,4 rolls,Matched,40223.31,25175,0.374119136,8.52087676,10327.75,0.056603774
2024-03-01,Swiggy Instamart,South,BEC-CMB-001,23,23,16077,2712.89,1012.09,0,0,Home Cleaning Combo,Others,Combo,699,330,Y,4 items,Matched,13364.11,7590,0.432060945,13.20446798,4762.02,0
2024-12-01,Blinkit,North,BEC-CLN-002,281,281,51985,8280.64,13748.94,8,8,Dishwash Liquid 750ml,Cleaners,Dishwash,185,88,N,750 ml,Matched,43704.36,24728,0.434198327,3.178743961,5227.42,0.028469751
2024-01-01,Flipkart,West,BEC-CLN-003,352,352,105248,14681.5,25784.68,11,11,Laundry Liquid 1L,Cleaners,Laundry,299,150,N,1 L,Matched,90566.5,52800,0.417002976,3.512415124,11981.82,0.03125
2025-01-01,D2C,South,BEC-TIS-001,117,117,11115,1396.03,1387.97,17,17,Bamboo Facial Tissue 100s,Tissues,Facial,95,42,N,100 pulls,Matched,9718.97,4914,0.494390867,7.002291116,3417,0.145299145
2024-04-01,D2C,South,BEC-OTH-001,42,42,6258,464.26,479.29,7,7,Bamboo Wet Wipes 72s,Others,Wipes,149,72,N,72 wipes,Matched,5793.74,3024,0.478057352,12.08817209,2290.45,0.166666667
2024-01-01,Swiggy Instamart,South,BEC-KT-002,97,97,40740,5130.58,3643.16,4,4,Kitchen Towel 6-roll,Kitchen Towel,Towel,420,205,N,6 rolls,Matched,35609.42,19885,0.441580346,9.774322292,12081.26,0.041237113
2024-11-01,Amazon,South,BEC-BW-002,162,162,28350,6568.7,0,4,4,Parchment Paper Roll,Bake & Wrap,Bake,175,92,N,20 m,Matched,21781.3,14904,0.315743321,,6877.3,0.024691358
2025-01-01,Zepto,North,BEC-TIS-001,350,350,33250,6418.03,1404.68,11,11,Bamboo Facial Tissue 100s,Tissues,Facial,95,42,N,100 pulls,Matched,26831.97,14700,0.452146078,19.10183814,10727.29,0.031428571
2024-10-01,Blinkit,North,BEC-CLN-003,345,345,103155,14938,22004.55,12,12,Laundry Liquid 1L,Cleaners,Laundry,299,150,N,1 L,Matched,88217,51750,0.413378374,4.009034495,14462.45,0.034782609
2024-12-01,Blinkit,West,BEC-GB-002,396,396,70884,17068.22,7633.6,18,18,Garbage Bag Large 15s,Garbage Bags,Large,179,86,N,15 bags,Matched,53815.78,34056,0.367174461,7.0498559,12126.18,0.045454545
2025-05-01,Amazon,North,BEC-OTH-001,129,129,19221,2410.21,1455.76,7,7,Bamboo Wet Wipes 72s,Others,Wipes,149,72,N,72 wipes,Matched,16810.79,9288,0.447497708,11.54777573,6067.03,0.054263566
2025-05-01,Flipkart,South,BEC-KT-002,178,178,74760,14685.24,6982.98,7,7,Kitchen Towel 6-roll,Kitchen Towel,Towel,420,205,N,6 rolls,Matched,60074.76,36490,0.392590166,8.603026215,16601.78,0.039325843
2025-03-01,Swiggy Instamart,North,BEC-CLN-003,245,245,73255,6216.65,17915.2,13,13,Laundry Liquid 1L,Cleaners,Laundry,299,150,N,1 L,Matched,67038.35,36750,0.451806317,3.741981669,12373.15,0.053061224
2024-07-01,Zepto,South,BEC-OTH-001,51,51,7599,1340.16,740.6,2,2,Bamboo Wet Wipes 72s,Others,Wipes,149,72,N,72 wipes,Matched,6258.84,3672,0.413309815,8.451039698,1846.24,0.039215686
2025-02-01,Zepto,North,BEC-TIS-001,208,208,19760,5105.24,1594.24,5,5,Bamboo Facial Tissue 100s,Tissues,Facial,95,42,N,100 pulls,Matched,14654.76,8736,0.403879695,9.192317342,4324.52,0.024038462
2024-05-01,Swiggy Instamart,South,BEC-CLN-004,131,131,12969,2692.57,3063.94,3,3,Handwash 250ml,Cleaners,Handwash,99,44,N,250 ml,Matched,10276.43,5764,0.439104825,3.353991919,1448.49,0.022900763
2025-02-01,D2C,North,BEC-CLN-002,257,257,47545,6544.07,12835.97,29,29,Dishwash Liquid 750ml,Cleaners,Dishwash,185,88,N,750 ml,Matched,41000.93,22616,0.448402756,3.194221395,5548.96,0.112840467
2025-01-01,D2C,North,BEC-CLN-002,302,302,55870,3611.76,13977.53,34,34,Dishwash Liquid 750ml,Cleaners,Dishwash,185,88,N,750 ml,Matched,52258.24,26576,0.491448621,3.738732094,11704.71,0.112582781
2025-05-01,Swiggy Instamart,North,BEC-OTH-001,63,63,9387,1647.67,1133.08,2,2,Bamboo Wet Wipes 72s,Others,Wipes,149,72,N,72 wipes,Matched,7739.33,4536,0.413902754,6.830347372,2070.25,0.031746032
2024-01-01,Swiggy Instamart,North,BEC-TIS-001,135,135,12825,1440.44,1012.33,4,4,Bamboo Facial Tissue 100s,Tissues,Facial,95,42,N,100 pulls,Matched,11384.56,5670,0.501957037,11.24589808,4702.23,0.02962963
2024-08-01,Zepto,West,BEC-KT-001,170,170,27200,5478.02,1648.31,9,9,Kitchen Towel 2-roll,Kitchen Towel,Towel,160,78,N,2 rolls,Matched,21721.98,13260,0.38955841,13.17833417,6813.67,0.052941176
2024-12-01,Blinkit,South,BEC-CLN-002,335,335,61975,12003.13,11190.3,11,11,Dishwash Liquid 750ml,Cleaners,Dishwash,185,88,N,750 ml,Matched,49971.87,29480,0.410068104,4.465641672,9301.57,0.032835821
2025-02-01,Flipkart,North,BEC-CLN-001,325,325,64675,11889.92,14202.56,14,14,Floor Cleaner 1L,Cleaners,Floor Cleaner,199,96,N,1 L,Matched,52785.08,31200,0.408923885,3.716589122,7382.52,0.043076923
2024-08-01,Flipkart,South,BEC-KT-001,78,78,12480,1895.21,1496.18,1,1,Kitchen Towel 2-roll,Kitchen Towel,Towel,160,78,N,2 rolls,Matched,10584.79,6084,0.425212971,7.07454317,3004.61,0.012820513
2025-02-01,Swiggy Instamart,North,BEC-CLN-004,286,286,28314,6852.24,4477.32,6,6,Handwash 250ml,Cleaners,Handwash,99,44,N,250 ml,Matched,21461.76,12584,0.413654798,4.793438932,4400.44,0.020979021
2024-03-01,Zepto,North,BEC-CLN-004,412,412,40788,11420.08,8681.31,20,20,Handwash 250ml,Cleaners,Handwash,99,44,N,250 ml,Matched,29367.92,18128,0.38272782,3.38289037,2558.61,0.048543689
2024-08-01,Zepto,South,BEC-TIS-001,141,141,13395,3981.6,702.29,8,8,Bamboo Facial Tissue 100s,Tissues,Facial,95,42,N,100 pulls,Matched,9413.4,5922,0.370896807,13.4038645,2789.11,0.056737589
2025-04-01,Flipkart,North,BEC-KT-001,191,191,30560,6280.72,3608.75,6,6,Kitchen Towel 2-roll,Kitchen Towel,Towel,160,78,N,2 rolls,Matched,24279.28,14898,0.386390371,6.727891929,5772.53,0.031413613
2024-10-01,Amazon,West,BEC-TIS-002,392,392,70560,18974.55,3811.16,13,13,Bamboo Toilet Roll 4-pack,Tissues,Toilet Roll,180,95,N,4 rolls,Matched,51585.45,37240,0.278091012,13.53536718,10534.29,0.033163265
2024-12-01,Blinkit,West,BEC-KT-002,238,238,99960,28567.23,9040.59,6,6,Kitchen Towel 6-roll,Kitchen Towel,Towel,420,205,N,6 rolls,Matched,71392.77,48790,0.316597465,7.896914914,13562.18,0.025210084
2024-04-01,Swiggy Instamart,North,BEC-TIS-002,149,149,26820,2187.68,3332.14,5,5,Bamboo Toilet Roll 4-pack,Tissues,Toilet Roll,180,95,N,4 rolls,Matched,24632.32,14155,0.425348485,7.392342459,7145.18,0.033557047
2025-01-01,Swiggy Instamart,South,BEC-KT-001,102,102,16320,2037.32,1651.64,5,5,Kitchen Towel 2-roll,Kitchen Towel,Towel,160,78,N,2 rolls,Matched,14282.68,7956,0.442961685,8.647574532,4675.04,0.049019608
2025-01-01,Blinkit,North,BEC-CLN-003,358,358,107042,9646.99,18117.49,17,17,Laundry Liquid 1L,Cleaners,Laundry,299,150,N,1 L,Matched,97395.01,53700,0.44863705,5.375745205,25577.52,0.047486034
2025-01-01,Zepto,North,BEC-BW-001,130,130,28600,6601.62,2179.66,6,6,Compostable Cling Wrap,Bake & Wrap,Wrap,220,118,N,30 m,Matched,21998.38,15340,0.302675924,10.09257407,4478.72,0.046153846
2025-05-01,Zepto,West,BEC-KT-002,299,299,125580,16581.16,6188.53,13,13,Kitchen Towel 6-roll,Kitchen Towel,Towel,420,205,N,6 rolls,Matched,108998.84,61295,0.437654566,17.61304219,41515.31,0.043478261
2024-06-01,Blinkit,South,BEC-TIS-002,215,215,38700,3168.91,1907.55,9,9,Bamboo Toilet Roll 4-pack,Tissues,Toilet Roll,180,95,N,4 rolls,Matched,35531.09,20425,0.425151325,18.62655763,13198.54,0.041860465
2024-05-01,Flipkart,West,BEC-KT-002,141,141,59220,17138.63,4352.71,6,6,Kitchen Towel 6-roll,Kitchen Towel,Towel,420,205,N,6 rolls,Matched,42081.37,28905,0.313116469,9.667855198,8823.66,0.042553191
2024-05-01,Swiggy Instamart,South,BEC-GB-002,140,140,25060,1661.8,1886.32,5,5,Garbage Bag Large 15s,Garbage Bags,Large,179,86,N,15 bags,Matched,23398.2,12040,0.485430503,12.404152,9471.88,0.035714286
2024-03-01,Blinkit,West,BEC-OTH-001,180,180,26820,2082.21,1792.18,8,8,Bamboo Wet Wipes 72s,Others,Wipes,149,72,N,72 wipes,Matched,24737.79,12960,0.476105182,13.80318383,9985.61,0.044444444
2025-02-01,Blinkit,North,BEC-CLN-001,460,460,91540,17225.54,23445.78,23,23,Floor Cleaner 1L,Cleaners,Floor Cleaner,199,96,N,1 L,Matched,74314.46,44160,0.405768406,3.169630526,6708.68,0.05
2025-03-01,Blinkit,West,BEC-TIS-001,415,415,39425,7067.56,2711.09,10,10,Bamboo Facial Tissue 100s,Tissues,Facial,95,42,N,100 pulls,Matched,32357.44,17430,0.46132945,11.93521425,12216.35,0.024096386
2025-03-01,Swiggy Instamart,North,BEC-GB-001,189,189,28161,3266.57,1972.79,9,9,Garbage Bag Medium 30s,Garbage Bags,Medium,149,70,N,30 bags,Matched,24894.43,13230,0.468555818,12.61889507,9691.64,0.047619048
2024-01-01,Amazon,South,BEC-GB-001,213,213,31737,2455.27,1936.84,4,4,Garbage Bag Medium 30s,Garbage Bags,Medium,149,70,N,30 bags,Matched,29281.73,14910,0.490808774,15.11830094,12434.89,0.018779343
2025-03-01,Blinkit,West,BEC-BW-001,172,172,37840,10699.13,1912.91,9,9,Compostable Cling Wrap,Bake & Wrap,Wrap,220,118,N,30 m,Matched,27140.87,20296,0.252197885,14.18826291,4931.96,0.052325581
2025-02-01,Zepto,West,BEC-KT-002,234,234,98280,6222.26,4842.31,7,7,Kitchen Towel 6-roll,Kitchen Towel,Towel,420,205,N,6 rolls,Matched,92057.74,47970,0.478913995,19.01112073,39245.43,0.02991453
2025-02-01,Amazon,North,BEC-BW-001,193,193,42460,10035.55,2172.88,10,10,Compostable Cling Wrap,Bake & Wrap,Wrap,220,118,N,30 m,Matched,32424.45,22774,0.297628796,14.9223381,7477.57,0.051813472
2024-07-01,Amazon,West,BEC-CMB-001,76,76,53124,8587.94,4614.27,4,4,Home Cleaning Combo,Others,Combo,699,330,Y,4 items,Matched,44536.06,25080,0.436860827,9.651810579,14841.79,0.052631579
2025-05-01,Blinkit,West,BEC-TIS-002,541,541,97380,12866.2,5701.06,27,27,Bamboo Toilet Roll 4-pack,Tissues,Toilet Roll,180,95,N,4 rolls,Matched,84513.8,51395,0.391874463,14.82422567,27417.74,0.049907579
2024-09-01,Blinkit,West,BEC-CLN-001,344,344,68456,15731.41,15848.64,9,9,Floor Cleaner 1L,Cleaners,Floor Cleaner,199,96,N,1 L,Matched,52724.59,33024,0.37365089,3.326758006,3851.95,0.026162791
2024-01-01,Swiggy Instamart,West,BEC-TIS-002,250,250,45000,12309.5,1913.77,10,10,Bamboo Toilet Roll 4-pack,Tissues,Toilet Roll,180,95,N,4 rolls,Matched,32690.5,23750,0.27348924,17.08172873,7026.73,0.04
2024-06-01,D2C,West,BEC-CMB-001,24,24,16776,2243.99,1651.73,2,2,Home Cleaning Combo,Others,Combo,699,330,Y,4 items,Matched,14532.01,7920,0.454996246,8.798054161,4960.28,0.083333333
2024-03-01,Swiggy Instamart,North,BEC-KT-002,108,108,45360,10830.51,4784.63,5,5,Kitchen Towel 6-roll,Kitchen Towel,Towel,420,205,N,6 rolls,Matched,34529.49,22140,0.358808949,7.216752393,7604.86,0.046296296
2024-06-01,Zepto,South,BEC-TIS-001,194,194,18430,4103.65,1203.27,4,4,Bamboo Facial Tissue 100s,Tissues,Facial,95,42,N,100 pulls,Matched,14326.35,8148,0.431257787,11.90618066,4975.08,0.020618557
2025-02-01,Blinkit,North,BEC-KT-002,193,193,81060,21625.04,3054.4,4,4,Kitchen Towel 6-roll,Kitchen Towel,Towel,420,205,N,6 rolls,Matched,59434.96,39565,0.33431435,19.45880042,16815.56,0.020725389
2025-05-01,Zepto,North,BEC-TIS-002,278,278,50040,10980.92,5274.92,10,10,Bamboo Toilet Roll 4-pack,Tissues,Toilet Roll,180,95,N,4 rolls,Matched,39059.08,26410,0.323844801,7.404677227,7374.16,0.035971223
2025-02-01,D2C,South,BEC-TIS-001,178,178,16910,710.48,1946.23,22,22,Bamboo Facial Tissue 100s,Tissues,Facial,95,42,N,100 pulls,Matched,16199.52,7476,0.538504845,8.323538328,6777.29,0.123595506
2024-10-01,Flipkart,South,BEC-CMB-001,23,23,16077,1657.01,1429.44,1,1,Home Cleaning Combo,Others,Combo,699,330,Y,4 items,Matched,14419.99,7590,0.473647346,10.08785958,5400.55,0.043478261
2025-06-01,Blinkit,West,BEC-BW-001,221,221,48620,10728.83,5337.31,10,10,Compostable Cling Wrap,Bake & Wrap,Wrap,220,118,N,30 m,Matched,37891.17,26078,0.311765776,7.099300959,6475.86,0.045248869
2024-04-01,Zepto,North,BEC-OTH-001,107,107,15943,4344.36,1587.08,3,3,Bamboo Wet Wipes 72s,Others,Wipes,149,72,N,72 wipes,Matched,11598.64,7704,0.335784195,7.30816342,2307.56,0.028037383
2024-06-01,Flipkart,North,BEC-GB-002,172,172,30788,4288.21,2937.97,7,7,Garbage Bag Large 15s,Garbage Bags,Large,179,86,N,15 bags,Matched,26499.79,14792,0.441806897,9.019761944,8769.82,0.040697674
2024-07-01,Swiggy Instamart,West,BEC-CLN-002,185,185,34225,7904.78,8598.34,6,6,Dishwash Liquid 750ml,Cleaners,Dishwash,185,88,N,750 ml,Matched,26320.22,16280,0.381464137,3.061081558,1441.88,0.032432432
2024-05-01,Amazon,South,BEC-CLN-003,378,378,113022,30764.47,19099.34,19,19,Laundry Liquid 1L,Cleaners,Laundry,299,150,N,1 L,Matched,82257.53,56700,0.310701403,4.306825786,6458.19,0.05026455
2024-01-01,D2C,South,BEC-KT-002,99,99,41580,2770.9,5371.93,16,16,Kitchen Towel 6-roll,Kitchen Towel,Towel,420,205,N,6 rolls,Matched,38809.1,20295,0.477055639,7.224423997,13142.17,0.161616162
2024-01-01,Blinkit,South,BEC-CLN-001,195,195,38805,9044.98,7503.62,9,9,Floor Cleaner 1L,Cleaners,Floor Cleaner,199,96,N,1 L,Matched,29760.02,18720,0.370968165,3.966088368,3536.4,0.046153846
2024-11-01,Flipkart,North,BEC-TIS-002,169,169,30420,5915.85,1760.38,9,9,Bamboo Toilet Roll 4-pack,Tissues,Toilet Roll,180,95,N,4 rolls,Matched,24504.15,16055,0.34480486,13.91980709,6688.77,0.053254438
2024-11-01,Flipkart,North,BEC-BW-001,88,88,19360,1621.75,1107.05,3,3,Compostable Cling Wrap,Bake & Wrap,Wrap,220,118,N,30 m,Matched,17738.25,10384,0.414598396,16.02298902,6247.2,0.034090909
2025-03-01,Zepto,North,BEC-KT-002,247,247,103740,18836.37,5268.34,8,8,Kitchen Towel 6-roll,Kitchen Towel,Towel,420,205,N,6 rolls,Matched,84903.63,50635,0.403617961,16.11582206,29000.29,0.032388664
2025-01-01,Blinkit,North,BEC-KT-001,293,293,46880,5796.37,2701.26,9,9,Kitchen Towel 2-roll,Kitchen Towel,Towel,160,78,N,2 rolls,Matched,41083.63,22854,0.443720041,15.2090617,15528.37,0.030716724
2024-10-01,Amazon,South,BEC-OTH-001,76,76,11324,3166.87,972.6,2,2,Bamboo Wet Wipes 72s,Others,Wipes,149,72,N,72 wipes,Matched,8157.13,5472,0.329175825,8.386931935,1712.53,0.026315789
2024-06-01,Blinkit,South,BEC-GB-002,205,205,36695,8909.75,1983.61,6,6,Garbage Bag Large 15s,Garbage Bags,Large,179,86,N,15 bags,Matched,27785.25,17630,0.365490683,14.00741577,8171.64,0.029268293
2024-07-01,Zepto,South,BEC-KT-002,102,102,42840,7212.08,5257.27,3,3,Kitchen Towel 6-roll,Kitchen Towel,Towel,420,205,N,6 rolls,Matched,35627.92,20910,0.413100737,6.776886102,9460.65,0.029411765
2024-05-01,D2C,South,BEC-OTH-001,48,48,7152,148.91,576.38,7,7,Bamboo Wet Wipes 72s,Others,Wipes,149,72,N,72 wipes,Matched,7003.09,3456,0.506503558,12.15012665,2970.71,0.145833333
2024-02-01,D2C,South,BEC-CLN-003,177,177,52923,3895.89,9625.34,25,25,Laundry Liquid 1L,Cleaners,Laundry,299,150,N,1 L,Matched,49027.11,26550,0.458462879,5.093545786,12851.77,0.141242938
2025-01-01,Flipkart,North,BEC-CLN-004,257,257,25443,5152.64,4300.26,15,15,Handwash 250ml,Cleaners,Handwash,99,44,N,250 ml,Matched,20290.36,11308,0.442691012,4.718403073,4682.1,0.058365759
2024-07-01,Blinkit,North,BEC-OTH-001,116,116,17284,1098.66,898.93,6,6,Bamboo Wet Wipes 72s,Others,Wipes,149,72,N,72 wipes,Matched,16185.34,8352,0.483977476,18.00511719,6934.41,0.051724138
2024-10-01,Swiggy Instamart,West,BEC-CLN-003,273,273,81627,6234.89,24984.97,9,9,Laundry Liquid 1L,Cleaners,Laundry,299,150,N,1 L,Matched,75392.11,40950,0.456839714,3.01749852,9457.14,0.032967033
2025-06-01,Amazon,South,BEC-CLN-004,375,375,37125,5897.03,6238.87,20,20,Handwash 250ml,Cleaners,Handwash,99,44,N,250 ml,Matched,31227.97,16500,0.471627519,5.005388796,8489.1,0.053333333
2024-06-01,Flipkart,South,BEC-KT-002,111,111,46620,3957.61,5320.53,4,4,Kitchen Towel 6-roll,Kitchen Towel,Towel,420,205,N,6 rolls,Matched,42662.39,22755,0.466626225,8.01844741,14586.86,0.036036036
2024-03-01,Swiggy Instamart,West,BEC-OTH-001,89,89,13261,2162.93,1008.74,4,4,Bamboo Wet Wipes 72s,Others,Wipes,149,72,N,72 wipes,Matched,11098.07,6408,0.422602308,11.00191328,3681.33,0.04494382
2024-03-01,Swiggy Instamart,North,BEC-CMB-001,21,21,14679,1261.14,801.18,1,1,Home Cleaning Combo,Others,Combo,699,330,Y,4 items,Matched,13417.86,6930,0.483524198,16.74762226,5686.68,0.047619048
2024-01-01,Blinkit,North,BEC-CLN-004,251,251,24849,4180.5,4677.99,5,5,Handwash 250ml,Cleaners,Handwash,99,44,N,250 ml,Matched,20668.5,11044,0.465660304,4.418243733,4946.51,0.019920319
2024-03-01,Zepto,West,BEC-CMB-001,47,47,32853,7970.28,3172.45,2,2,Home Cleaning Combo,Others,Combo,699,330,Y,4 items,Matched,24882.72,15510,0.376675862,7.84337657,6200.27,0.042553191
2024-09-01,Amazon,South,BEC-TIS-001,278,278,26410,4937.46,3219.65,13,13,Bamboo Facial Tissue 100s,Tissues,Facial,95,42,N,100 pulls,Matched,21472.54,11676,0.456235732,6.669215598,6576.89,0.04676259
2024-07-01,D2C,West,BEC-BW-001,64,64,14080,1422.8,1154.55,8,8,Compostable Cling Wrap,Bake & Wrap,Wrap,220,118,N,30 m,Matched,12657.2,7552,0.403343551,10.96288597,3950.65,0.125
2024-02-01,Amazon,West,BEC-CLN-003,784,784,234416,45494.98,61151.24,24,24,Laundry Liquid 1L,Cleaners,Laundry,299,150,N,1 L,Matched,188921.02,117600,0.377517653,3.0894062,10169.78,0.030612245
2024-03-01,Flipkart,South,BEC-KT-001,90,90,14400,2645.46,1440.66,2,2,Kitchen Towel 2-roll,Kitchen Towel,Towel,160,78,N,2 rolls,Matched,11754.54,7020,0.402783946,8.159135396,3293.88,0.022222222
2024-06-01,D2C,West,BEC-GB-002,229,229,40991,3441.7,2182.65,33,33,Garbage Bag Large 15s,Garbage Bags,Large,179,86,N,15 bags,Matched,37549.3,19694,0.475516188,17.20353698,15672.65,0.144104803
2024-08-01,D2C,South,BEC-CLN-004,170,170,16830,2322.62,4352.1,19,19,Handwash 250ml,Cleaners,Handwash,99,44,N,250 ml,Matched,14507.38,7480,0.484400353,3.333420648,2675.28,0.111764706
2024-06-01,Flipkart,North,BEC-CMB-001,26,26,18174,1732.94,1551.31,0,0,Home Cleaning Combo,Others,Combo,699,330,Y,4 items,Matched,16441.06,8580,0.478135838,10.59817831,6309.75,0
2024-10-01,Blinkit,South,BEC-BW-001,104,104,22880,2173.76,1252.23,4,4,Compostable Cling Wrap,Bake & Wrap,Wrap,220,118,N,30 m,Matched,20706.24,12272,0.407328419,16.53549268,7182.01,0.038461538
2024-09-01,D2C,West,BEC-KT-002,130,130,54600,7158.44,3500.41,14,14,Kitchen Towel 6-roll,Kitchen Towel,Towel,420,205,N,6 rolls,Matched,47441.56,26650,0.438256246,13.55314377,17291.15,0.107692308
2024-11-01,D2C,North,BEC-TIS-002,176,176,31680,3785.56,2301.86,18,18,Bamboo Toilet Roll 4-pack,Tissues,Toilet Roll,180,95,N,4 rolls,Matched,27894.44,16720,0.400597395,12.11821744,8872.58,0.102272727
2024-08-01,Zepto,South,BEC-CLN-002,189,189,34965,9954.96,7374.56,9,9,Dishwash Liquid 750ml,Cleaners,Dishwash,185,88,N,750 ml,Matched,25010.04,16632,0.334987069,3.391394198,1003.48,0.047619048
2024-04-01,Swiggy Instamart,South,BEC-BW-002,65,65,11375,3240.46,546.6,2,2,Parchment Paper Roll,Bake & Wrap,Bake,175,92,N,20 m,Matched,8134.54,5980,0.264863164,14.88207098,1607.94,0.030769231
2024-12-01,D2C,North,BEC-CLN-003,176,176,52624,3701.44,14547.84,28,28,Laundry Liquid 1L,Cleaners,Laundry,299,150,N,1 L,Matched,48922.56,26400,0.460371657,3.362874489,7974.72,0.159090909
2024-08-01,Swiggy Instamart,West,BEC-BW-002,63,63,11025,1396.12,504.07,3,3,Parchment Paper Roll,Bake & Wrap,Bake,175,92,N,20 m,Matched,9628.88,5796,0.398060834,19.10226754,3328.81,0.047619048
2024-08-01,Blinkit,West,BEC-CLN-001,404,404,80396,9195.48,23721.94,13,13,Floor Cleaner 1L,Cleaners,Floor Cleaner,199,96,N,1 L,Matched,71200.52,38784,0.455284877,3.001462781,8694.58,0.032178218
2024-04-01,Zepto,West,BEC-BW-001,193,193,42460,5527.65,3329.41,4,4,Compostable Cling Wrap,Bake & Wrap,Wrap,220,118,N,30 m,Matched,36932.35,22774,0.383359033,11.09276118,10828.94,0.020725389
2025-05-01,Amazon,West,BEC-BW-002,343,343,60025,16683.32,5736.48,17,17,Parchment Paper Roll,Bake & Wrap,Bake,175,92,N,20 m,Matched,43341.68,31556,0.271924854,7.555448637,6049.2,0.049562682
2024-05-01,Blinkit,North,BEC-OTH-001,135,135,20115,3577.77,1674.58,8,8,Bamboo Wet Wipes 72s,Others,Wipes,149,72,N,72 wipes,Matched,16537.23,9720,0.412235302,9.875449366,5142.65,0.059259259
2024-05-01,D2C,South,BEC-CLN-001,122,122,24278,3122.28,6115.12,18,18,Floor Cleaner 1L,Cleaners,Floor Cleaner,199,96,N,1 L,Matched,21155.72,11712,0.446390858,3.459575609,3328.6,0.147540984
2024-10-01,Amazon,South,BEC-CLN-003,315,315,94185,6077.65,19958.65,18,18,Laundry Liquid 1L,Cleaners,Laundry,299,150,N,1 L,Matched,88107.35,47250,0.46372238,4.414494467,20898.7,0.057142857
2024-10-01,Swiggy Instamart,West,BEC-CLN-004,180,180,17820,1197.82,3683.69,10,10,Handwash 250ml,Cleaners,Handwash,99,44,N,250 ml,Matched,16622.18,7920,0.523528201,4.512372105,5018.49,0.055555556
2024-03-01,Flipkart,South,BEC-CLN-002,161,161,29785,3986.4,6799.79,5,5,Dishwash Liquid 750ml,Cleaners,Dishwash,185,88,N,750 ml,Matched,25798.6,14168,0.450822913,3.794028933,4830.81,0.031055901
2024-01-01,Amazon,West,BEC-CLN-001,431,431,85769,23208.85,13441.58,11,11,Floor Cleaner 1L,Cleaners,Floor Cleaner,199,96,N,1 L,Matched,62560.15,41376,0.338620512,4.654225917,7742.57,0.025522042
2024-08-01,Zepto,North,BEC-CLN-002,245,245,45325,2322.08,10163.99,10,10,Dishwash Liquid 750ml,Cleaners,Dishwash,185,88,N,750 ml,Matched,43002.92,21560,0.498638697,4.230909318,11278.93,0.040816327
2024-10-01,Flipkart,North,BEC-OTH-001,73,73,10877,2335.25,1257.36,3,3,Bamboo Wet Wipes 72s,Others,Wipes,149,72,N,72 wipes,Matched,8541.75,5256,0.384669418,6.793400458,2028.39,0.04109589
2024-10-01,Zepto,North,BEC-OTH-001,75,75,11175,3343.32,827.16,2,2,Bamboo Wet Wipes 72s,Others,Wipes,149,72,N,72 wipes,Matched,7831.68,5400,0.310492768,9.4681561,1604.52,0.026666667
2024-12-01,Flipkart,South,BEC-CLN-004,153,153,15147,1526.99,2983.71,8,8,Handwash 250ml,Cleaners,Handwash,99,44,N,250 ml,Matched,13620.01,6732,0.505727235,4.564790144,3904.3,0.052287582
2024-05-01,Blinkit,North,BEC-CLN-003,302,302,90298,14928.67,16065.37,16,16,Laundry Liquid 1L,Cleaners,Laundry,299,150,N,1 L,Matched,75369.33,45300,0.398959763,4.691415759,14003.96,0.052980132
2024-01-01,Flipkart,South,BEC-BW-001,72,72,15840,2934.5,1570.98,2,2,Compostable Cling Wrap,Bake & Wrap,Wrap,220,118,N,30 m,Matched,12905.5,8496,0.34167603,8.2149359,2838.52,0.027777778
2025-05-01,D2C,North,BEC-BW-001,77,77,16940,1881.02,1511.3,11,11,Compostable Cling Wrap,Bake & Wrap,Wrap,220,118,N,30 m,Matched,15058.98,9086,0.396639082,9.964255939,4461.68,0.142857143
2025-04-01,Zepto,North,BEC-OTH-001,89,89,13261,1936.44,1674.45,2,2,Bamboo Wet Wipes 72s,Others,Wipes,149,72,N,72 wipes,Matched,11324.56,6408,0.434150201,6.76315208,3242.11,0.02247191
2024-11-01,Blinkit,North,BEC-KT-001,179,179,28640,8222.22,1519.44,4,4,Kitchen Towel 2-roll,Kitchen Towel,Towel,160,78,N,2 rolls,Matched,20417.78,13962,0.316184228,13.43770073,4936.34,0.022346369
2025-03-01,Blinkit,North,BEC-BW-001,182,182,40040,9842.45,3536.38,8,8,Compostable Cling Wrap,Bake & Wrap,Wrap,220,118,N,30 m,Matched,30197.55,21476,0.288816477,8.539113444,5185.17,0.043956044
2025-06-01,Blinkit,North,BEC-CLN-002,446,446,82510,9687.88,17661.08,16,16,Dishwash Liquid 750ml,Cleaners,Dishwash,185,88,N,750 ml,Matched,72822.12,39248,0.461042881,4.123310692,15913.04,0.035874439
2024-08-01,Blinkit,North,BEC-CLN-004,281,281,27819,5808.85,4551.85,10,10,Handwash 250ml,Cleaners,Handwash,99,44,N,250 ml,Matched,22010.15,12364,0.438259167,4.835429551,5094.3,0.035587189
2024-01-01,Zepto,North,BEC-CLN-003,366,366,109434,10752.61,23513.78,20,20,Laundry Liquid 1L,Cleaners,Laundry,299,150,N,1 L,Matched,98681.39,54900,0.443664099,4.196747184,20267.61,0.054644809
2024-01-01,Swiggy Instamart,South,BEC-CLN-003,176,176,52624,7919.29,9936.89,3,3,Laundry Liquid 1L,Cleaners,Laundry,299,150,N,1 L,Matched,44704.71,26400,0.409458198,4.498863326,8367.82,0.017045455
2025-03-01,Blinkit,South,BEC-CLN-003,320,320,95680,25902.33,17614.15,7,7,Laundry Liquid 1L,Cleaners,Laundry,299,150,N,1 L,Matched,69777.67,48000,0.312100848,3.961455421,4163.52,0.021875
2024-12-01,Flipkart,West,BEC-CLN-002,290,290,53650,7397.51,15620.83,10,10,Dishwash Liquid 750ml,Cleaners,Dishwash,185,88,N,750 ml,Matched,46252.49,25520,0.448245921,2.960949578,5111.66,0.034482759
2025-04-01,Zepto,South,BEC-CMB-001,37,37,25863,3765.54,2516.8,1,1,Home Cleaning Combo,Others,Combo,699,330,Y,4 items,Matched,22097.46,12210,0.447447806,8.779982517,7370.66,0.027027027
2024-10-01,Flipkart,North,BEC-TIS-002,144,144,25920,6410.6,2327.78,6,6,Bamboo Toilet Roll 4-pack,Tissues,Toilet Roll,180,95,N,4 rolls,Matched,19509.4,13680,0.298799553,8.381118491,3501.62,0.041666667
2024-08-01,Blinkit,North,BEC-GB-001,176,176,26224,4625.07,1261.87,7,7,Garbage Bag Medium 30s,Garbage Bags,Medium,149,70,N,30 bags,Matched,21598.93,12320,0.429601374,17.11660472,8017.06,0.039772727
2024-01-01,Blinkit,South,BEC-OTH-001,103,103,15347,2242.81,1501.47,3,3,Bamboo Wet Wipes 72s,Others,Wipes,149,72,N,72 wipes,Matched,13104.19,7416,0.43407414,8.727573644,4186.72,0.029126214
2024-03-01,D2C,South,BEC-CLN-002,136,136,25160,1086.81,7099.4,15,15,Dishwash Liquid 750ml,Cleaners,Dishwash,185,88,N,750 ml,Matched,24073.19,11968,0.502849435,3.390876694,5005.79,0.110294118
2024-03-01,Blinkit,South,BEC-CLN-001,257,257,51143,4626.84,12653.61,13,13,Floor Cleaner 1L,Cleaners,Floor Cleaner,199,96,N,1 L,Matched,46516.16,24672,0.469603682,3.676117725,9190.55,0.050583658
2024-01-01,D2C,South,BEC-OTH-001,47,47,7003,381.09,879.96,4,4,Bamboo Wet Wipes 72s,Others,Wipes,149,72,N,72 wipes,Matched,6621.91,3384,0.488969195,7.525239784,2357.95,0.085106383
2025-04-01,Flipkart,North,BEC-CLN-002,266,266,49210,11701.07,9145.91,10,10,Dishwash Liquid 750ml,Cleaners,Dishwash,185,88,N,750 ml,Matched,37508.93,23408,0.375935277,4.101169813,4955.02,0.037593985
2024-07-01,Flipkart,South,BEC-CMB-001,24,24,16776,3689.29,812.51,1,1,Home Cleaning Combo,Others,Combo,699,330,Y,4 items,Matched,13086.71,7920,0.394805876,16.10652177,4354.2,0.041666667
2024-03-01,Zepto,West,BEC-CLN-004,398,398,39402,7988.96,8914.15,22,22,Handwash 250ml,Cleaners,Handwash,99,44,N,250 ml,Matched,31413.04,17512,0.442524506,3.523952368,4986.89,0.055276382
2025-01-01,Zepto,South,BEC-CMB-001,23,23,16077,2485.1,1017.6,0,0,Home Cleaning Combo,Others,Combo,699,330,Y,4 items,Matched,13591.9,7590,0.441579176,13.35681997,4984.3,0
2024-12-01,Flipkart,North,BEC-CLN-002,306,306,56610,5423.85,12207.19,11,11,Dishwash Liquid 750ml,Cleaners,Dishwash,185,88,N,750 ml,Matched,51186.15,26928,0.473920191,4.193114877,12050.96,0.035947712
2024-11-01,Amazon,South,BEC-KT-001,174,174,27840,5992.12,2756.89,3,3,Kitchen Towel 2-roll,Kitchen Towel,Towel,160,78,N,2 rolls,Matched,21847.88,13572,0.378795563,7.924828339,5518.99,0.017241379
2025-05-01,Blinkit,North,BEC-CLN-003,309,309,92391,21435.46,18259.45,10,10,Laundry Liquid 1L,Cleaners,Laundry,299,150,N,1 L,Matched,70955.54,46350,0.34677405,3.885962611,6346.09,0.03236246
2025-05-01,Swiggy Instamart,West,BEC-GB-002,146,146,26134,7179.57,2242.58,6,6,Garbage Bag Large 15s,Garbage Bags,Large,179,86,N,15 bags,Matched,18954.43,12556,0.337569107,8.45206414,4155.85,0.04109589
2024-11-01,Blinkit,West,BEC-CMB-001,51,51,35649,4024.89,2328.35,2,2,Home Cleaning Combo,Others,Combo,699,330,Y,4 items,Matched,31624.11,16830,0.46781111,13.58219769,12465.76,0.039215686
2025-02-01,Amazon,North,BEC-CLN-002,641,641,118585,24709.73,18135.92,22,22,Dishwash Liquid 750ml,Cleaners,Dishwash,185,88,N,750 ml,Matched,93875.27,56408,0.399117574,5.176206666,19331.35,0.034321373
2024-09-01,Swiggy Instamart,North,BEC-GB-001,135,135,20115,2928.01,1945.35,2,2,Garbage Bag Medium 30s,Garbage Bags,Medium,149,70,N,30 bags,Matched,17186.99,9450,0.450165503,8.834908885,5791.64,0.014814815
2024-02-01,Swiggy Instamart,North,BEC-OTH-001,55,55,8195,1579.84,961.06,2,2,Bamboo Wet Wipes 72s,Others,Wipes,149,72,N,72 wipes,Matched,6615.16,3960,0.401375023,6.883191476,1694.1,0.036363636
2024-02-01,Amazon,North,BEC-CLN-003,535,535,159965,44876.37,33723.3,12,12,Laundry Liquid 1L,Cleaners,Laundry,299,150,N,1 L,Matched,115088.63,80250,0.30271131,3.412733333,1115.33,0.022429907
2024-02-01,D2C,West,BEC-GB-002,168,168,30072,2974.02,3191.23,21,21,Garbage Bag Large 15s,Garbage Bags,Large,179,86,N,15 bags,Matched,27097.98,14448,0.466823726,8.491390467,9458.75,0.125
2025-06-01,Blinkit,North,BEC-GB-001,191,191,28459,5837.41,2717.78,9,9,Garbage Bag Medium 30s,Garbage Bags,Medium,149,70,N,30 bags,Matched,22621.59,13370,0.408971695,8.323554519,6533.81,0.047120419
2025-06-01,Zepto,South,BEC-BW-001,95,95,20900,5438.54,856.71,2,2,Compostable Cling Wrap,Bake & Wrap,Wrap,220,118,N,30 m,Matched,15461.46,11210,0.274971445,18.04748398,3394.75,0.021052632
2025-04-01,Blinkit,North,BEC-GB-001,226,226,33674,8794.62,0,5,5,Garbage Bag Medium 30s,Garbage Bags,Medium,149,70,N,30 bags,Matched,24879.38,15820,0.364132064,,9059.38,0.022123894
2025-03-01,Zepto,West,BEC-KT-002,363,363,152460,16201.12,13569.53,8,8,Kitchen Towel 6-roll,Kitchen Towel,Towel,420,205,N,6 rolls,Matched,136258.88,74415,0.453870456,10.04153276,48274.35,0.022038567
2025-03-01,D2C,North,BEC-TIS-002,260,260,46800,5941.27,4629.27,34,34,Bamboo Toilet Roll 4-pack,Tissues,Toilet Roll,180,95,N,4 rolls,Matched,40858.73,24700,0.395478029,8.826171297,11529.46,0.130769231
2024-05-01,Zepto,North,BEC-GB-001,151,151,22499,3193.7,1957.76,3,3,Garbage Bag Medium 30s,Garbage Bags,Medium,149,70,N,30 bags,Matched,19305.3,10570,0.452481961,9.860912471,6777.54,0.01986755
2024-09-01,Zepto,South,BEC-GB-002,123,123,22017,2411.02,2288.41,6,6,Garbage Bag Large 15s,Garbage Bags,Large,179,86,N,15 bags,Matched,19605.98,10578,0.460470734,8.567511941,6739.57,0.048780488
2024-03-01,Swiggy Instamart,West,BEC-CLN-003,224,224,66976,18519,10213.98,8,8,Laundry Liquid 1L,Cleaners,Laundry,299,150,N,1 L,Matched,48457,33600,0.306601729,4.744183952,4643.02,0.035714286
2024-08-01,Zepto,West,BEC-GB-002,171,171,30609,7127.63,2525.73,9,9,Garbage Bag Large 15s,Garbage Bags,Large,179,86,N,15 bags,Matched,23481.37,14706,0.37371627,9.296864669,6249.64,0.052631579
2025-01-01,D2C,North,BEC-GB-001,177,177,26373,2792.19,1678.15,21,21,Garbage Bag Medium 30s,Garbage Bags,Medium,149,70,N,30 bags,Matched,23580.81,12390,0.474572756,14.05166999,9512.66,0.118644068
2024-01-01,Zepto,South,BEC-GB-002,116,116,20764,2562.68,1127.06,3,3,Garbage Bag Large 15s,Garbage Bags,Large,179,86,N,15 bags,Matched,18201.32,9976,0.451907884,16.1493798,7098.26,0.025862069
2024-06-01,D2C,West,BEC-GB-001,150,150,22350,860.84,1300.92,22,22,Garbage Bag Medium 30s,Garbage Bags,Medium,149,70,N,30 bags,Matched,21489.16,10500,0.511381552,16.51843311,9688.24,0.146666667
2025-03-01,Flipkart,West,BEC-BW-002,137,137,23975,4818.3,1262.99,3,3,Parchment Paper Roll,Bake & Wrap,Bake,175,92,N,20 m,Matched,19156.7,12604,0.34205787,15.16773688,5289.71,0.02189781
2024-11-01,Flipkart,North,BEC-KT-002,116,116,48720,14039.16,3746.3,5,5,Kitchen Towel 6-roll,Kitchen Towel,Towel,420,205,N,6 rolls,Matched,34680.84,23780,0.3143188,9.257357926,7154.54,0.043103448
2024-04-01,Swiggy Instamart,South,BEC-CLN-002,132,132,24420,5324.95,3729.3,7,7,Dishwash Liquid 750ml,Cleaners,Dishwash,185,88,N,750 ml,Matched,19095.05,11616,0.391674806,5.120277264,3749.75,0.053030303
2024-03-01,D2C,North,BEC-OTH-001,61,61,9089,385.43,1150.51,7,7,Bamboo Wet Wipes 72s,Others,Wipes,149,72,N,72 wipes,Matched,8703.57,4392,0.495379482,7.564966841,3161.06,0.114754098
2025-06-01,Flipkart,North,BEC-CLN-003,275,275,82225,16476.12,19345.76,7,7,Laundry Liquid 1L,Cleaners,Laundry,299,150,N,1 L,Matched,65748.88,41250,0.372612887,3.398619646,5153.12,0.025454545
2025-01-01,D2C,South,BEC-GB-001,135,135,20115,681.63,1100.65,17,17,Garbage Bag Medium 30s,Garbage Bags,Medium,149,70,N,30 bags,Matched,19433.37,9450,0.513723044,17.65626675,8882.72,0.125925926
2025-03-01,Swiggy Instamart,West,BEC-KT-002,230,230,96600,23876.73,10029.55,12,12,Kitchen Towel 6-roll,Kitchen Towel,Towel,420,205,N,6 rolls,Matched,72723.27,47150,0.351651817,7.250900589,15543.72,0.052173913
2024-01-01,Flipkart,North,BEC-TIS-002,155,155,27900,7409.12,1210.78,8,8,Bamboo Toilet Roll 4-pack,Tissues,Toilet Roll,180,95,N,4 rolls,Matched,20490.88,14725,0.281387622,16.92370208,4555.1,0.051612903
2025-04-01,Swiggy Instamart,North,BEC-BW-002,63,63,11025,3073.45,879.75,1,1,Parchment Paper Roll,Bake & Wrap,Bake,175,92,N,20 m,Matched,7951.55,5796,0.271085512,9.038420006,1275.8,0.015873016
2024-06-01,Flipkart,South,BEC-CMB-001,19,19,13281,863.68,1404.25,0,0,Home Cleaning Combo,Others,Combo,699,330,Y,4 items,Matched,12417.32,6270,0.495060126,8.842670465,4743.07,0
2025-06-01,Swiggy Instamart,South,BEC-CLN-003,200,200,59800,4589.97,17614.86,4,4,Laundry Liquid 1L,Cleaners,Laundry,299,150,N,1 L,Matched,55210.03,30000,0.456620473,3.134287187,7595.17,0.02
2024-10-01,Swiggy Instamart,North,BEC-CMB-001,16,16,11184,769.07,975.3,0,0,Home Cleaning Combo,Others,Combo,699,330,Y,4 items,Matched,10414.93,5280,0.493035479,10.67869374,4159.63,0
2025-02-01,D2C,West,BEC-CLN-004,318,318,31482,4570.84,8707.03,52,52,Handwash 250ml,Cleaners,Handwash,99,44,N,250 ml,Matched,26911.16,13992,0.480067006,3.090739322,4212.13,0.163522013
2024-04-01,D2C,North,BEC-GB-002,174,174,31146,3685.12,3486.8,23,23,Garbage Bag Large 15s,Garbage Bags,Large,179,86,N,15 bags,Matched,27460.88,14964,0.455079371,7.875668234,9010.08,0.132183908
2025-02-01,Swiggy Instamart,West,BEC-GB-001,216,216,32184,2802.6,2992.84,11,11,Garbage Bag Medium 30s,Garbage Bags,Medium,149,70,N,30 bags,Matched,29381.4,15120,0.485388715,9.817230457,11268.56,0.050925926
2024-11-01,Zepto,West,BEC-GB-002,250,250,44750,11814.68,4355.63,10,10,Garbage Bag Large 15s,Garbage Bags,Large,179,86,N,15 bags,Matched,32935.32,21500,0.347205371,7.561551371,7079.69,0.04
2024-08-01,Amazon,North,BEC-TIS-001,316,316,30020,8945.04,2059.06,14,14,Bamboo Facial Tissue 100s,Tissues,Facial,95,42,N,100 pulls,Matched,21074.96,13272,0.370247915,10.23523355,5743.9,0.044303797
2025-02-01,Swiggy Instamart,North,BEC-GB-001,194,194,28906,7258.09,1857.74,8,8,Garbage Bag Medium 30s,Garbage Bags,Medium,149,70,N,30 bags,Matched,21647.91,13580,0.37268771,11.65282009,6210.17,0.041237113
2024-01-01,Zepto,North,BEC-TIS-002,268,268,48240,6201.25,2577.84,6,6,Bamboo Toilet Roll 4-pack,Tissues,Toilet Roll,180,95,N,4 rolls,Matched,42038.75,25460,0.394368291,16.30774214,14000.91,0.02238806
2025-05-01,Zepto,West,BEC-GB-001,399,399,59451,4902.73,4507.25,16,16,Garbage Bag Medium 30s,Garbage Bags,Medium,149,70,N,30 bags,Matched,54548.27,27930,0.487976429,12.10233956,22111.02,0.040100251
2024-03-01,Blinkit,North,BEC-CLN-002,411,411,76035,4591.03,0,11,11,Dishwash Liquid 750ml,Cleaners,Dishwash,185,88,N,750 ml,Matched,71443.97,36168,0.493757136,,35275.97,0.02676399
2024-08-01,Blinkit,North,BEC-CMB-001,40,40,27960,5046.67,2625.29,2,2,Home Cleaning Combo,Others,Combo,699,330,Y,4 items,Matched,22913.33,13200,0.423916122,8.727923391,7088.04,0.05
2025-06-01,Swiggy Instamart,North,BEC-KT-002,142,142,59640,15384.84,3918.95,7,7,Kitchen Towel 6-roll,Kitchen Towel,Towel,420,205,N,6 rolls,Matched,44255.16,29110,0.342223596,11.29260644,11226.21,0.049295775
2024-08-01,Flipkart,North,BEC-GB-002,94,94,16826,3553.55,1429.31,2,2,Garbage Bag Large 15s,Garbage Bags,Large,179,86,N,15 bags,Matched,13272.45,8084,0.390918783,9.285914182,3759.14,0.021276596
2025-06-01,Amazon,West,BEC-CMB-001,102,102,71298,4276.66,3878.49,4,4,Home Cleaning Combo,Others,Combo,699,330,Y,4 items,Matched,67021.34,33660,0.497771904,17.28026629,29482.85,0.039215686
2025-06-01,Amazon,North,BEC-GB-002,340,340,60860,18129.16,4211.1,13,13,Garbage Bag Large 15s,Garbage Bags,Large,179,86,N,15 bags,Matched,42730.84,29240,0.315716705,10.14719195,9279.74,0.038235294
2024-02-01,Zepto,North,BEC-OTH-001,94,94,14006,4166.69,1018.04,3,3,Bamboo Wet Wipes 72s,Others,Wipes,149,72,N,72 wipes,Matched,9839.31,6768,0.312146888,9.664954226,2053.27,0.031914894
2025-03-01,Flipkart,West,BEC-KT-001,184,184,29440,2745.48,3796.08,8,8,Kitchen Towel 2-roll,Kitchen Towel,Towel,160,78,N,2 rolls,Matched,26694.52,14352,0.462361563,7.032127879,8546.44,0.043478261
2025-05-01,Blinkit,South,BEC-CLN-001,391,391,77809,6059.22,14746.07,18,18,Floor Cleaner 1L,Cleaners,Floor Cleaner,199,96,N,1 L,Matched,71749.78,37536,0.47684857,4.865688282,19467.71,0.046035806
2025-02-01,Blinkit,South,BEC-BW-001,138,138,30360,5827.27,2646.09,2,2,Compostable Cling Wrap,Bake & Wrap,Wrap,220,118,N,30 m,Matched,24532.73,16284,0.336233676,9.271313523,5602.64,0.014492754
2024-03-01,Amazon,South,BEC-CLN-002,448,448,82880,7539.68,15606.87,25,25,Dishwash Liquid 750ml,Cleaners,Dishwash,185,88,N,750 ml,Matched,75340.32,39424,0.476721097,4.827381788,20309.45,0.055803571
2025-02-01,Flipkart,West,BEC-OTH-001,80,80,11920,752.57,974.92,2,2,Bamboo Wet Wipes 72s,Others,Wipes,149,72,N,72 wipes,Matched,11167.43,5760,0.484214363,11.45471423,4432.51,0.025
2024-03-01,Amazon,South,BEC-CMB-001,53,53,37047,4018.84,3617.55,2,2,Home Cleaning Combo,Others,Combo,699,330,Y,4 items,Matched,33028.16,17490,0.470451881,9.129980235,11920.61,0.037735849
2024-03-01,Amazon,North,BEC-CLN-003,577,577,172523,21977.99,33313.56,24,24,Laundry Liquid 1L,Cleaners,Laundry,299,150,N,1 L,Matched,150545.01,86550,0.425088882,4.519030989,30681.45,0.041594454
2024-07-01,Flipkart,North,BEC-CLN-004,217,217,21483,1699.44,3982.53,9,9,Handwash 250ml,Cleaners,Handwash,99,44,N,250 ml,Matched,19783.56,9548,0.517377054,4.967585932,6253.03,0.041474654
2024-06-01,Amazon,South,BEC-OTH-001,106,106,15794,2378.48,1369.39,3,3,Bamboo Wet Wipes 72s,Others,Wipes,149,72,N,72 wipes,Matched,13415.52,7632,0.431106659,9.796712405,4414.13,0.028301887
2024-05-01,Flipkart,North,BEC-CLN-001,275,275,54725,10153.92,13231.13,6,6,Floor Cleaner 1L,Cleaners,Floor Cleaner,199,96,N,1 L,Matched,44571.08,26400,0.407687676,3.368652564,4939.95,0.021818182
2024-04-01,Flipkart,South,BEC-BW-002,60,60,10500,2015.98,604.08,2,2,Parchment Paper Roll,Bake & Wrap,Bake,175,92,N,20 m,Matched,8484.02,5520,0.349365042,14.04453053,2359.94,0.033333333
2024-10-01,Zepto,West,BEC-OTH-001,80,80,11920,1420.63,932.52,3,3,Bamboo Wet Wipes 72s,Others,Wipes,149,72,N,72 wipes,Matched,10499.37,5760,0.451395655,11.25913653,3806.85,0.0375
2024-06-01,Blinkit,South,BEC-OTH-001,105,105,15645,2967.5,1692.62,2,2,Bamboo Wet Wipes 72s,Others,Wipes,149,72,N,72 wipes,Matched,12677.5,7560,0.403667916,7.489867779,3424.88,0.019047619
2025-05-01,Zepto,North,BEC-BW-001,141,141,31020,2794.76,3072.27,7,7,Compostable Cling Wrap,Bake & Wrap,Wrap,220,118,N,30 m,Matched,28225.24,16638,0.410527599,9.187096186,8514.97,0.04964539
2024-05-01,Zepto,West,BEC-CLN-003,482,482,144118,42728.35,21775.96,17,17,Laundry Liquid 1L,Cleaners,Laundry,299,150,N,1 L,Matched,101389.65,72300,0.286909463,4.65603583,7313.69,0.03526971
2024-10-01,Amazon,West,BEC-KT-002,263,263,110460,18772.79,10166.52,15,15,Kitchen Towel 6-roll,Kitchen Towel,Towel,420,205,N,6 rolls,Matched,91687.21,53915,0.411968147,9.018544202,27605.69,0.057034221
2024-11-01,Flipkart,West,BEC-TIS-001,195,195,18525,3291.24,786.96,11,11,Bamboo Facial Tissue 100s,Tissues,Facial,95,42,N,100 pulls,Matched,15233.76,8190,0.462378297,19.35773102,6256.8,0.056410256
2024-03-01,D2C,North,BEC-CLN-003,242,242,72358,5900.88,18845.41,30,30,Laundry Liquid 1L,Cleaners,Laundry,299,150,N,1 L,Matched,66457.12,36300,0.453783131,3.52643535,11311.71,0.123966942
2025-01-01,Swiggy Instamart,West,BEC-TIS-001,224,224,21280,1453.37,2398.75,6,6,Bamboo Facial Tissue 100s,Tissues,Facial,95,42,N,100 pulls,Matched,19826.63,9408,0.525486681,8.26540073,8019.88,0.026785714
2025-06-01,Swiggy Instamart,North,BEC-BW-002,71,71,12425,2679.89,1089.42,1,1,Parchment Paper Roll,Bake & Wrap,Bake,175,92,N,20 m,Matched,9745.11,6532,0.329715108,8.945227736,2123.69,0.014084507
2024-06-01,Swiggy Instamart,West,BEC-OTH-001,52,52,7748,2119.71,397.04,2,2,Bamboo Wet Wipes 72s,Others,Wipes,149,72,N,72 wipes,Matched,5628.29,3744,0.334789074,14.17562462,1487.25,0.038461538
2025-03-01,D2C,South,BEC-CMB-001,24,24,16776,1463.65,1398.72,3,3,Home Cleaning Combo,Others,Combo,699,330,Y,4 items,Matched,15312.35,7920,0.482770443,10.94740191,5993.63,0.125
2024-11-01,Flipkart,North,BEC-CLN-004,155,155,15345,1624.24,4537.47,6,6,Handwash 250ml,Cleaners,Handwash,99,44,N,250 ml,Matched,13720.76,6820,0.502942986,3.023878946,2363.29,0.038709677
2024-05-01,Blinkit,West,BEC-KT-002,269,269,112980,23253.85,10212.29,9,9,Kitchen Towel 6-roll,Kitchen Towel,Towel,420,205,N,6 rolls,Matched,89726.15,55145,0.38540771,8.786094989,24368.86,0.033457249
2024-01-01,D2C,North,BEC-KT-002,137,137,57540,1613.54,6071.05,12,12,Kitchen Towel 6-roll,Kitchen Towel,Towel,420,205,N,6 rolls,Matched,55926.46,28085,0.497822676,9.211991336,21770.41,0.087591241
2024-08-01,Blinkit,North,BEC-KT-001,171,171,27360,6927.57,1544.11,5,5,Kitchen Towel 2-roll,Kitchen Towel,Towel,160,78,N,2 rolls,Matched,20432.43,13338,0.347214208,13.23249639,5550.32,0.029239766
2024-01-01,Zepto,West,BEC-CLN-004,331,331,32769,5907.91,8812.59,8,8,Handwash 250ml,Cleaners,Handwash,99,44,N,250 ml,Matched,26861.09,14564,0.45780309,3.048035821,3484.5,0.024169184
2024-04-01,Swiggy Instamart,North,BEC-CLN-001,173,173,34427,2469.53,9976.16,6,6,Floor Cleaner 1L,Cleaners,Floor Cleaner,199,96,N,1 L,Matched,31957.47,16608,0.480309299,3.203383867,5373.31,0.034682081
2025-02-01,Zepto,South,BEC-GB-001,217,217,32333,6192.25,2697.42,6,6,Garbage Bag Medium 30s,Garbage Bags,Medium,149,70,N,30 bags,Matched,26140.75,15190,0.418914913,9.691019567,8253.33,0.02764977
2025-03-01,D2C,North,BEC-CMB-001,32,32,22368,2862.35,1631.48,4,4,Home Cleaning Combo,Others,Combo,699,330,Y,4 items,Matched,19505.65,10560,0.4586184,11.95580087,7314.17,0.125
2024-11-01,Zepto,West,BEC-CMB-001,57,57,39843,7700.33,1635.76,1,1,Home Cleaning Combo,Others,Combo,699,330,Y,4 items,Matched,32142.67,18810,0.414796593,19.64999144,11696.91,0.01754386
2024-01-01,Blinkit,South,BEC-CMB-001,40,40,27960,1550.46,1405.63,1,1,Home Cleaning Combo,Others,Combo,699,330,Y,4 items,Matched,26409.54,13200,0.500180617,18.78840093,11803.91,0.025
2024-11-01,Blinkit,West,BEC-CLN-001,410,410,81590,4915.98,19748.11,14,14,Floor Cleaner 1L,Cleaners,Floor Cleaner,199,96,N,1 L,Matched,76674.02,39360,0.486657932,3.882600411,17565.91,0.034146341
2024-12-01,D2C,South,BEC-KT-001,87,87,13920,1748.87,1366.98,11,11,Kitchen Towel 2-roll,Kitchen Towel,Towel,160,78,N,2 rolls,Matched,12171.13,6786,0.442451112,8.90366355,4018.15,0.126436782
2024-03-01,Zepto,North,BEC-CLN-001,311,311,61889,18089.89,14053.48,13,13,Floor Cleaner 1L,Cleaners,Floor Cleaner,199,96,N,1 L,Matched,43799.11,29856,0.318342313,3.116602436,-110.37,0.041800643
2024-02-01,Zepto,South,BEC-KT-001,181,181,28960,2844.05,3182.8,4,4,Kitchen Towel 2-roll,Kitchen Towel,Towel,160,78,N,2 rolls,Matched,26115.95,14118,0.45941082,8.205338067,8815.15,0.022099448
2025-05-01,Flipkart,West,BEC-OTH-001,89,89,13261,2070.14,1219.75,4,4,Bamboo Wet Wipes 72s,Others,Wipes,149,72,N,72 wipes,Matched,11190.86,6408,0.427389852,9.17471613,3563.11,0.04494382
2024-06-01,Zepto,South,BEC-OTH-001,73,73,10877,2617.06,1092.76,2,2,Bamboo Wet Wipes 72s,Others,Wipes,149,72,N,72 wipes,Matched,8259.94,5256,0.363675765,7.558786925,1911.18,0.02739726
2024-05-01,Swiggy Instamart,North,BEC-OTH-001,63,63,9387,769.75,812.51,2,2,Bamboo Wet Wipes 72s,Others,Wipes,149,72,N,72 wipes,Matched,8617.25,4536,0.473613972,10.60571562,3268.74,0.031746032
2025-03-01,Swiggy Instamart,South,BEC-CLN-001,150,150,29850,8732.27,5611.02,3,3,Floor Cleaner 1L,Cleaners,Floor Cleaner,199,96,N,1 L,Matched,21117.73,14400,0.318108528,3.763616954,1106.71,0.02
2024-11-01,Flipkart,South,BEC-GB-002,114,114,20406,4116.62,903.37,4,4,Garbage Bag Large 15s,Garbage Bags,Large,179,86,N,15 bags,Matched,16289.38,9804,0.398135472,18.03179207,5582.01,0.035087719
2025-04-01,Zepto,West,BEC-KT-002,360,360,151200,26802.47,15636.88,14,14,Kitchen Towel 6-roll,Kitchen Towel,Towel,420,205,N,6 rolls,Matched,124397.53,73800,0.406740632,7.955393275,34960.65,0.038888889
2024-05-01,D2C,South,BEC-KT-002,77,77,32340,1784.97,3034.29,12,12,Kitchen Towel 6-roll,Kitchen Towel,Towel,420,205,N,6 rolls,Matched,30555.03,15785,0.483391114,10.06991092,11735.74,0.155844156
2024-03-01,Flipkart,South,BEC-CLN-004,219,219,21681,4859.94,3735.49,11,11,Handwash 250ml,Cleaners,Handwash,99,44,N,250 ml,Matched,16821.06,9636,0.427146684,4.503039762,3449.57,0.050228311
2024-07-01,Amazon,South,BEC-TIS-002,273,273,49140,9666.86,3751.64,14,14,Bamboo Toilet Roll 4-pack,Tissues,Toilet Roll,180,95,N,4 rolls,Matched,39473.14,25935,0.342970942,10.52156923,9786.5,0.051282051
2024-03-01,Amazon,South,BEC-TIS-002,298,298,53640,8711.45,3357.94,14,14,Bamboo Toilet Roll 4-pack,Tissues,Toilet Roll,180,95,N,4 rolls,Matched,44928.55,28310,0.369888412,13.37979535,13260.61,0.046979866
2024-11-01,Zepto,West,BEC-CLN-004,297,297,29403,5384.66,7201.41,9,9,Handwash 250ml,Cleaners,Handwash,99,44,N,250 ml,Matched,24018.34,13068,0.455915771,3.335227407,3748.93,0.03030303
2024-04-01,Amazon,South,BEC-CLN-004,325,325,32175,3055.81,5950.76,11,11,Handwash 250ml,Cleaners,Handwash,99,44,N,250 ml,Matched,29119.19,14300,0.508914911,4.893356479,8868.43,0.033846154
2024-03-01,Blinkit,North,BEC-KT-001,284,284,45440,7672.36,3439.9,9,9,Kitchen Towel 2-roll,Kitchen Towel,Towel,160,78,N,2 rolls,Matched,37767.64,22152,0.413466131,10.97928428,12175.74,0.031690141
2025-02-01,D2C,North,BEC-CLN-001,232,232,46168,1121.56,13843.43,38,38,Floor Cleaner 1L,Cleaners,Floor Cleaner,199,96,N,1 L,Matched,45046.44,22272,0.505576911,3.253994133,8931.01,0.163793103
2024-09-01,Flipkart,West,BEC-TIS-001,192,192,18240,1220.92,2240.43,8,8,Bamboo Facial Tissue 100s,Tissues,Facial,95,42,N,100 pulls,Matched,17019.08,8064,0.526178853,7.596345344,6714.65,0.041666667
2024-11-01,Swiggy Instamart,North,BEC-CMB-001,24,24,16776,1128.88,1939.92,0,0,Home Cleaning Combo,Others,Combo,699,330,Y,4 items,Matched,15647.12,7920,0.493836565,8.065858386,5787.2,0
2025-01-01,Flipkart,South,BEC-CMB-001,25,25,17475,1490.39,1559.86,0,0,Home Cleaning Combo,Others,Combo,699,330,Y,4 items,Matched,15984.61,8250,0.483878556,10.24746452,6174.75,0
2024-07-01,Blinkit,West,BEC-BW-001,141,141,31020,7954.22,2848.65,5,5,Compostable Cling Wrap,Bake & Wrap,Wrap,220,118,N,30 m,Matched,23065.78,16638,0.278671695,8.097091605,3579.13,0.035460993
2025-06-01,Zepto,North,BEC-CLN-004,284,284,28116,3241.18,6419.99,15,15,Handwash 250ml,Cleaners,Handwash,99,44,N,250 ml,Matched,24874.82,12496,0.497644606,3.87458859,5958.83,0.052816901
2024-02-01,Swiggy Instamart,West,BEC-KT-002,176,176,73920,15609.81,6413.92,9,9,Kitchen Towel 6-roll,Kitchen Towel,Towel,420,205,N,6 rolls,Matched,58310.19,36080,0.381240226,9.091193841,15816.27,0.051136364
2024-07-01,Flipkart,West,BEC-GB-001,202,202,30098,5134.65,2476.95,9,9,Garbage Bag Medium 30s,Garbage Bags,Medium,149,70,N,30 bags,Matched,24963.35,14140,0.433569613,10.07826157,8346.4,0.044554455
2025-01-01,Zepto,North,BEC-CLN-001,365,365,72635,11779.09,12064.69,19,19,Floor Cleaner 1L,Cleaners,Floor Cleaner,199,96,N,1 L,Matched,60855.91,35040,0.424213688,5.044133749,13751.22,0.052054795
2024-07-01,Amazon,South,BEC-KT-002,167,167,70140,17782.32,3090.59,4,4,Kitchen Towel 6-roll,Kitchen Towel,Towel,420,205,N,6 rolls,Matched,52357.68,34235,0.34613222,16.94099832,15032.09,0.023952096
2024-07-01,Blinkit,South,BEC-OTH-001,92,92,13708,2982.9,1172.27,3,3,Bamboo Wet Wipes 72s,Others,Wipes,149,72,N,72 wipes,Matched,10725.1,6624,0.382383381,9.14900151,2928.83,0.032608696
2024-05-01,D2C,South,BEC-CLN-004,221,221,21879,2742.49,4146.08,19,19,Handwash 250ml,Cleaners,Handwash,99,44,N,250 ml,Matched,19136.51,9724,0.491861369,4.615566993,5266.43,0.085972851
2025-06-01,Swiggy Instamart,West,BEC-CLN-001,313,313,62287,14625.19,13295.62,14,14,Floor Cleaner 1L,Cleaners,Floor Cleaner,199,96,N,1 L,Matched,47661.81,30048,0.369558143,3.584775287,4318.19,0.044728435
2024-09-01,Zepto,West,BEC-KT-001,158,158,25280,6178.23,1139.49,5,5,Kitchen Towel 2-roll,Kitchen Towel,Towel,160,78,N,2 rolls,Matched,19101.77,12324,0.354824186,16.76343803,5638.28,0.03164557
2024-10-01,Blinkit,West,BEC-CLN-002,424,424,78440,9617.4,15395.06,14,14,Dishwash Liquid 750ml,Cleaners,Dishwash,185,88,N,750 ml,Matched,68822.6,37312,0.457852508,4.470434022,16115.54,0.033018868
2024-02-01,Flipkart,South,BEC-GB-001,152,152,22648,3632.5,2585.79,4,4,Garbage Bag Medium 30s,Garbage Bags,Medium,149,70,N,30 bags,Matched,19015.5,10640,0.44045647,7.35384544,5789.71,0.026315789
2025-04-01,Blinkit,West,BEC-CLN-002,629,629,116365,7944.91,24303.34,21,21,Dishwash Liquid 750ml,Cleaners,Dishwash,185,88,N,750 ml,Matched,108420.09,55352,0.489467312,4.461118924,28764.75,0.033386328
2025-05-01,Swiggy Instamart,West,BEC-OTH-001,95,95,14155,1376.51,1584.6,3,3,Bamboo Wet Wipes 72s,Others,Wipes,149,72,N,72 wipes,Matched,12778.49,6840,0.464725488,8.064173924,4353.89,0.031578947
2024-03-01,Swiggy Instamart,West,BEC-GB-001,176,176,26224,5958.95,2165.5,8,8,Garbage Bag Medium 30s,Garbage Bags,Medium,149,70,N,30 bags,Matched,20265.05,12320,0.392056768,9.358138998,5779.55,0.045454545
2025-02-01,Amazon,West,BEC-OTH-001,219,219,32631,9575.97,2580.34,8,8,Bamboo Wet Wipes 72s,Others,Wipes,149,72,N,72 wipes,Matched,23055.03,15768,0.316071157,8.934880675,4706.69,0.03652968
2024-09-01,D2C,North,BEC-TIS-001,141,141,13395,997.31,949.11,21,21,Bamboo Facial Tissue 100s,Tissues,Facial,95,42,N,100 pulls,Matched,12397.69,5922,0.52233037,13.06243744,5526.58,0.14893617
2024-04-01,Swiggy Instamart,West,BEC-BW-001,84,84,18480,1237.64,945.8,1,1,Compostable Cling Wrap,Bake & Wrap,Wrap,220,118,N,30 m,Matched,17242.36,9912,0.425136698,18.23045041,6384.56,0.011904762
2024-01-01,Zepto,North,BEC-GB-002,181,181,32399,9345.19,1253.17,9,9,Garbage Bag Large 15s,Garbage Bags,Large,179,86,N,15 bags,Matched,23053.81,15566,0.324797073,18.39639474,6234.64,0.049723757
2025-02-01,Amazon,North,BEC-OTH-001,145,145,21605,4754.84,1137.35,8,8,Bamboo Wet Wipes 72s,Others,Wipes,149,72,N,72 wipes,Matched,16850.16,10440,0.380421314,14.81528114,5272.81,0.055172414
2025-05-01,Zepto,West,BEC-CMB-001,58,58,40542,6029.15,0,1,1,Home Cleaning Combo,Others,Combo,699,330,Y,4 items,Matched,34512.85,19140,0.445423951,,15372.85,0.017241379
2024-12-01,Zepto,North,BEC-CLN-002,297,297,54945,8345.34,12485.22,5,5,Dishwash Liquid 750ml,Cleaners,Dishwash,185,88,N,750 ml,Matched,46599.66,26136,0.439137539,3.732385973,7978.44,0.016835017
2025-02-01,D2C,South,BEC-GB-001,171,171,25479,2874.18,1840.19,18,18,Garbage Bag Medium 30s,Garbage Bags,Medium,149,70,N,30 bags,Matched,22604.82,11970,0.470466918,12.28395981,8794.63,0.105263158
2025-04-01,Swiggy Instamart,North,BEC-KT-001,186,186,29760,2060.18,2353.86,5,5,Kitchen Towel 2-roll,Kitchen Towel,Towel,160,78,N,2 rolls,Matched,27699.82,14508,0.476242084,11.76782816,10837.96,0.02688172
2024-11-01,Flipkart,North,BEC-OTH-001,68,68,10132,827.32,0,1,1,Bamboo Wet Wipes 72s,Others,Wipes,149,72,N,72 wipes,Matched,9304.68,4896,0.473813178,,4408.68,0.014705882
2025-06-01,Zepto,West,BEC-CLN-099,459,459,137241,22516.56,21603.09,16,16,,,,,,,,Unmatched - Review,114724.44,,,5.310556962,,0.034858388
2025-03-01,D2C,South,BEC-GB-002,115,115,20585,1610.06,1129.95,10,10,Garbage Bag Large 15s,Garbage Bags,Large,179,86,N,15 bags,Matched,18974.94,9890,0.478786231,16.79272534,7954.99,0.086956522
2024-02-01,Amazon,South,BEC-CMB-001,60,60,41940,9759.96,4058.8,1,1,Home Cleaning Combo,Others,Combo,699,330,Y,4 items,Matched,32180.04,19800,0.384711765,7.928461614,8321.24,0.016666667
2024-11-01,Blinkit,North,BEC-GB-001,216,216,32184,5856.74,1608.46,7,7,Garbage Bag Medium 30s,Garbage Bags,Medium,149,70,N,30 bags,Matched,26327.26,15120,0.42569033,16.36799174,9598.8,0.032407407
2024-05-01,Flipkart,West,BEC-GB-002,172,172,30788,8271.43,2417.88,9,9,Garbage Bag Large 15s,Garbage Bags,Large,179,86,N,15 bags,Matched,22516.57,14792,0.343061576,9.312525849,5306.69,0.052325581
2024-08-01,Flipkart,West,BEC-BW-002,78,78,13650,3592.25,1106.48,4,4,Parchment Paper Roll,Bake & Wrap,Bake,175,92,N,20 m,Matched,10057.75,7176,0.286520345,9.089861543,1775.27,0.051282051
2025-05-01,Zepto,South,BEC-CLN-003,272,272,81328,22048.68,15317.11,15,15,Laundry Liquid 1L,Cleaners,Laundry,299,150,N,1 L,Matched,59279.32,40800,0.311732996,3.870137382,3162.21,0.055147059
2024-11-01,D2C,West,BEC-BW-002,115,115,20125,1200.57,1881.63,16,16,Parchment Paper Roll,Bake & Wrap,Bake,175,92,N,20 m,Matched,18924.43,10580,0.440934284,10.05746613,6462.8,0.139130435
2024-08-01,Blinkit,South,BEC-CLN-002,279,279,51615,10484.7,11657.77,15,15,Dishwash Liquid 750ml,Cleaners,Dishwash,185,88,N,750 ml,Matched,41130.3,24552,0.403067811,3.528144748,4920.53,0.053763441
2024-03-01,D2C,West,BEC-OTH-001,106,106,15794,1963.51,1510.42,13,13,Bamboo Wet Wipes 72s,Others,Wipes,149,72,N,72 wipes,Matched,13830.49,7632,0.448175733,9.156717999,4688.07,0.122641509
2024-04-01,Amazon,West,BEC-BW-001,190,190,41800,9918.21,2056.04,8,8,Compostable Cling Wrap,Bake & Wrap,Wrap,220,118,N,30 m,Matched,31881.79,22420,0.296777251,15.50640552,7405.75,0.042105263
2024-11-01,Zepto,South,BEC-GB-001,174,174,25926,1332.36,1724.04,8,8,Garbage Bag Medium 30s,Garbage Bags,Medium,149,70,N,30 bags,Matched,24593.64,12180,0.504750009,14.26512146,10689.6,0.045977011
2024-02-01,Zepto,West,BEC-BW-002,159,159,27825,2148.11,2539.13,5,5,Parchment Paper Roll,Bake & Wrap,Bake,175,92,N,20 m,Matched,25676.89,14628,0.430304838,10.11247553,8509.76,0.031446541
2024-11-01,Flipkart,North,BEC-BW-002,73,73,12775,3546.44,696.26,4,4,Parchment Paper Roll,Bake & Wrap,Bake,175,92,N,20 m,Matched,9228.56,6716,0.272259161,13.2544739,1816.3,0.054794521
2025-02-01,D2C,West,BEC-TIS-002,288,288,51840,1410.46,5791.58,41,41,Bamboo Toilet Roll 4-pack,Tissues,Toilet Roll,180,95,N,4 rolls,Matched,50429.54,27360,0.457460845,8.707389003,17277.96,0.142361111
2024-06-01,Flipkart,South,BEC-KT-001,113,113,18080,4402.41,1408.26,3,3,Kitchen Towel 2-roll,Kitchen Towel,Towel,160,78,N,2 rolls,Matched,13677.59,8814,0.355588229,9.712403959,3455.33,0.026548673
2025-02-01,Swiggy Instamart,West,BEC-BW-002,117,117,20475,1355.54,1126.88,3,3,Parchment Paper Roll,Bake & Wrap,Bake,175,92,N,20 m,Matched,19119.46,10764,0.437013388,16.96672228,7228.58,0.025641026
2024-01-01,Zepto,South,BEC-CLN-001,289,289,57511,6253.36,13643.26,14,14,Floor Cleaner 1L,Cleaners,Floor Cleaner,199,96,N,1 L,Matched,51257.64,27744,0.458734347,3.756993563,9870.38,0.048442907
2024-06-01,Amazon,North,BEC-KT-001,247,247,39520,10389.68,3111.71,9,9,Kitchen Towel 2-roll,Kitchen Towel,Towel,160,78,N,2 rolls,Matched,29130.32,19266,0.338627245,9.361515051,6752.61,0.036437247
2024-10-01,Flipkart,South,BEC-KT-002,75,75,31500,5669.25,3028.33,2,2,Kitchen Towel 6-roll,Kitchen Towel,Towel,420,205,N,6 rolls,Matched,25830.75,15375,0.404779188,8.529701188,7427.42,0.026666667
2024-07-01,Flipkart,South,BEC-BW-001,61,61,13420,2885.82,1213.16,2,2,Compostable Cling Wrap,Bake & Wrap,Wrap,220,118,N,30 m,Matched,10534.18,7198,0.316700493,8.683256949,2123.02,0.032786885
2024-07-01,Amazon,South,BEC-GB-001,174,174,25926,4631.91,3179.94,7,7,Garbage Bag Medium 30s,Garbage Bags,Medium,149,70,N,30 bags,Matched,21294.09,12180,0.428010307,6.696381064,5934.15,0.040229885
2024-04-01,Amazon,North,BEC-BW-001,187,187,41140,5478.01,3163.64,8,8,Compostable Cling Wrap,Bake & Wrap,Wrap,220,118,N,30 m,Matched,35661.99,22066,0.381245971,11.27245515,10432.35,0.042780749
2025-02-01,D2C,South,BEC-CLN-003,249,249,74451,10242.56,15591.3,26,26,Laundry Liquid 1L,Cleaners,Laundry,299,150,N,1 L,Matched,64208.44,37350,0.418300772,4.118222342,11267.14,0.104417671
2024-09-01,Swiggy Instamart,South,BEC-TIS-002,106,106,19080,1069.36,1492.7,5,5,Bamboo Toilet Roll 4-pack,Tissues,Toilet Roll,180,95,N,4 rolls,Matched,18010.64,10070,0.440886054,12.06581363,6447.94,0.047169811
2024-12-01,Zepto,South,BEC-KT-001,143,143,22880,5264.26,1328.75,3,3,Kitchen Towel 2-roll,Kitchen Towel,Towel,160,78,N,2 rolls,Matched,17615.74,11154,0.366816268,13.25737723,5132.99,0.020979021
2024-09-01,Blinkit,North,BEC-CMB-001,41,41,28659,6011.84,3385.09,0,0,Home Cleaning Combo,Others,Combo,699,330,Y,4 items,Matched,22647.16,13530,0.402574098,6.690268206,5732.07,0
2024-08-01,Amazon,North,BEC-OTH-001,109,109,16241,4498.2,590.02,5,5,Bamboo Wet Wipes 72s,Others,Wipes,149,72,N,72 wipes,Matched,11742.8,7848,0.33167558,19.90237619,3304.78,0.04587156
2025-05-01,Amazon,North,BEC-CLN-004,500,500,49500,7111.25,10430.7,14,14,Handwash 250ml,Cleaners,Handwash,99,44,N,250 ml,Matched,42388.75,22000,0.480994368,4.063845188,9958.05,0.028
2024-03-01,Blinkit,South,BEC-CMB-001,46,46,32154,3742.1,2112.07,1,1,Home Cleaning Combo,Others,Combo,699,330,Y,4 items,Matched,28411.9,15180,0.46571683,13.45215831,11119.83,0.02173913
2025-02-01,Blinkit,North,BEC-CLN-002,515,515,95275,15499.94,17777.8,25,25,Dishwash Liquid 750ml,Cleaners,Dishwash,185,88,N,750 ml,Matched,79775.06,45320,0.431902652,4.487341516,16677.26,0.048543689
2025-05-01,Amazon,North,BEC-BW-001,219,219,48180,10328.93,3252.66,12,12,Compostable Cling Wrap,Bake & Wrap,Wrap,220,118,N,30 m,Matched,37851.07,25842,0.317271612,11.63695867,8756.41,0.054794521
2024-08-01,Amazon,South,BEC-TIS-001,212,212,20140,4887.98,1568.72,4,4,Bamboo Facial Tissue 100s,Tissues,Facial,95,42,N,100 pulls,Matched,15252.02,8904,0.416208476,9.722589117,4779.3,0.018867925
2025-03-01,D2C,North,BEC-KT-001,162,162,25920,2470.37,2109.49,15,15,Kitchen Towel 2-roll,Kitchen Towel,Towel,160,78,N,2 rolls,Matched,23449.63,12636,0.461142884,11.11625559,8704.14,0.092592593
2024-04-01,D2C,South,BEC-CLN-003,194,194,58006,8684.11,15948.78,18,18,Laundry Liquid 1L,Cleaners,Laundry,299,150,N,1 L,Matched,49321.89,29100,0.409998279,3.092518048,4273.11,0.092783505
2024-10-01,D2C,South,BEC-CMB-001,18,18,12582,582.58,645.81,2,2,Home Cleaning Combo,Others,Combo,699,330,Y,4 items,Matched,11999.42,5940,0.504976074,18.58041839,5413.61,0.111111111
2025-05-01,Zepto,South,BEC-CLN-002,304,304,56240,12485.73,10156.2,13,13,Dishwash Liquid 750ml,Cleaners,Dishwash,185,88,N,750 ml,Matched,43754.27,26752,0.388585388,4.308133948,6846.07,0.042763158
2025-05-01,Blinkit,South,BEC-TIS-001,252,252,23940,6853.26,2305.67,6,6,Bamboo Facial Tissue 100s,Tissues,Facial,95,42,N,100 pulls,Matched,17086.74,10584,0.380572303,7.410748286,4197.07,0.023809524
2024-01-01,Flipkart,North,BEC-CMB-001,23,23,16077,4723.21,1395.08,0,0,Home Cleaning Combo,Others,Combo,699,330,Y,4 items,Matched,11353.79,7590,0.331500759,8.138450842,2368.71,0
2024-11-01,Blinkit,West,BEC-TIS-001,258,258,24510,2915.54,2046.79,8,8,Bamboo Facial Tissue 100s,Tissues,Facial,95,42,N,100 pulls,Matched,21594.46,10836,0.498204632,10.55040331,8711.67,0.031007752
2024-05-01,Flipkart,South,BEC-CMB-001,18,18,12582,687,1260.16,1,1,Home Cleaning Combo,Others,Combo,699,330,Y,4 items,Matched,11895,5940,0.500630517,9.439277552,4694.84,0.055555556
2025-06-01,Flipkart,West,BEC-GB-002,257,257,46003,7654.23,1989.63,10,10,Garbage Bag Large 15s,Garbage Bags,Large,179,86,N,15 bags,Matched,38348.77,22102,0.423658177,19.27432236,14257.14,0.038910506
2024-01-01,Amazon,South,BEC-KT-001,175,175,28000,3258.95,1335,8,8,Kitchen Towel 2-roll,Kitchen Towel,Towel,160,78,N,2 rolls,Matched,24741.05,13650,0.44828534,18.53262172,9756.05,0.045714286
2024-12-01,Zepto,North,BEC-GB-002,221,221,39559,2470.3,4737.28,13,13,Garbage Bag Large 15s,Garbage Bags,Large,179,86,N,15 bags,Matched,37088.7,19006,0.487552813,7.829112909,13345.42,0.058823529
2025-03-01,D2C,West,BEC-BW-001,129,129,28380,782.25,1673.24,13,13,Compostable Cling Wrap,Bake & Wrap,Wrap,220,118,N,30 m,Matched,27597.75,15222,0.448433296,16.49359924,10702.51,0.100775194
2024-10-01,Blinkit,South,BEC-GB-001,127,127,18923,4185.99,1745.98,4,4,Garbage Bag Medium 30s,Garbage Bags,Medium,149,70,N,30 bags,Matched,14737.01,8890,0.396756873,8.440537692,4101.03,0.031496063
2024-08-01,Flipkart,South,BEC-CMB-001,22,22,15378,3127.87,880.29,0,0,Home Cleaning Combo,Others,Combo,699,330,Y,4 items,Matched,12250.13,7260,0.407353228,13.91601631,4109.84,0
2024-02-01,D2C,South,BEC-BW-001,50,50,11000,1118.93,1194.85,6,6,Compostable Cling Wrap,Bake & Wrap,Wrap,220,118,N,30 m,Matched,9881.07,5900,0.402898674,8.269715864,2786.22,0.12
2025-06-01,Amazon,South,BEC-BW-002,164,164,28700,8527.06,2434.29,5,5,Parchment Paper Roll,Bake & Wrap,Bake,175,92,N,20 m,Matched,20172.94,15088,0.252067373,8.286991279,2650.65,0.030487805
2024-08-01,D2C,North,BEC-CLN-001,150,150,29850,719.27,7905.75,24,24,Floor Cleaner 1L,Cleaners,Floor Cleaner,199,96,N,1 L,Matched,29130.73,14400,0.505676651,3.684752237,6824.98,0.16
2025-05-01,Zepto,North,BEC-CLN-003,311,311,92989,22115,18533.48,9,9,Laundry Liquid 1L,Cleaners,Laundry,299,150,N,1 L,Matched,70874,46650,0.341789655,3.824106428,5690.52,0.028938907
2024-08-01,D2C,South,BEC-BW-002,60,60,10500,915.97,562.9,6,6,Parchment Paper Roll,Bake & Wrap,Bake,175,92,N,20 m,Matched,9584.03,5520,0.42404187,17.02616806,3501.13,0.1
2024-08-01,Swiggy Instamart,West,BEC-GB-002,156,156,27924,7775.01,1950.96,5,5,Garbage Bag Large 15s,Garbage Bags,Large,179,86,N,15 bags,Matched,20148.99,13416,0.334160174,10.32773096,4782.03,0.032051282
2025-02-01,D2C,West,BEC-CMB-001,30,30,20970,1565.66,1822.93,3,3,Home Cleaning Combo,Others,Combo,699,330,Y,4 items,Matched,19404.34,9900,0.489804858,10.64458866,7681.41,0.1
2024-04-01,D2C,North,BEC-GB-001,139,139,20711,2077.68,1666.59,15,15,Garbage Bag Medium 30s,Garbage Bags,Medium,149,70,N,30 bags,Matched,18633.32,9730,0.477817158,11.1805063,7236.73,0.107913669
2024-09-01,Amazon,South,BEC-GB-001,215,215,32035,4209.78,4032.73,5,5,Garbage Bag Medium 30s,Garbage Bags,Medium,149,70,N,30 bags,Matched,27825.22,15050,0.459123773,6.899847002,8742.49,0.023255814
2025-01-01,Flipkart,North,BEC-GB-001,193,193,28757,7971.87,3084.35,4,4,Garbage Bag Medium 30s,Garbage Bags,Medium,149,70,N,30 bags,Matched,20785.13,13510,0.350016093,6.738901227,4190.78,0.020725389
2025-02-01,D2C,West,BEC-CLN-002,284,284,52540,7859.87,13881.06,30,30,Dishwash Liquid 750ml,Cleaners,Dishwash,185,88,N,750 ml,Matched,44680.13,24992,0.440646211,3.218783724,5807.07,0.105633803
2024-02-01,Flipkart,South,BEC-GB-002,126,126,22554,2323.58,2609.36,2,2,Garbage Bag Large 15s,Garbage Bags,Large,179,86,N,15 bags,Matched,20230.42,10836,0.464370982,7.753019898,6785.06,0.015873016
2024-12-01,Swiggy Instamart,North,BEC-TIS-002,168,168,30240,8993.57,2509.39,9,9,Bamboo Toilet Roll 4-pack,Tissues,Toilet Roll,180,95,N,4 rolls,Matched,21246.43,15960,0.248814977,8.466770809,2777.04,0.053571429
2024-12-01,D2C,North,BEC-KT-001,111,111,17760,859.59,1255.7,16,16,Kitchen Towel 2-roll,Kitchen Towel,Towel,160,78,N,2 rolls,Matched,16900.41,8658,0.487704736,13.45895516,6986.71,0.144144144
2025-01-01,Zepto,South,BEC-GB-002,143,143,25597,7075.03,1031.32,6,6,Garbage Bag Large 15s,Garbage Bags,Large,179,86,N,15 bags,Matched,18521.97,12298,0.33603175,17.95947911,5192.65,0.041958042
2024-03-01,Zepto,North,BEC-CLN-001,311,311,61889,18089.89,14053.48,13,13,Floor Cleaner 1L,Cleaners,Floor Cleaner,199,96,N,1 L,Matched,43799.11,29856,0.318342313,3.116602436,-110.37,0.041800643
2024-05-01,D2C,West,BEC-TIS-001,172,172,16340,1926.05,852.32,24,24,Bamboo Facial Tissue 100s,Tissues,Facial,95,42,N,100 pulls,Matched,14413.95,7224,0.498818853,16.91142998,6337.63,0.139534884
2025-01-01,Flipkart,North,BEC-CLN-003,307,307,91793,18862.27,17910.03,6,6,Laundry Liquid 1L,Cleaners,Laundry,299,150,N,1 L,Matched,72930.73,46050,0.368578924,4.072060739,8970.7,0.019543974
2024-10-01,Blinkit,West,BEC-GB-001,234,234,34866,6460.06,1439.01,9,9,Garbage Bag Medium 30s,Garbage Bags,Medium,149,70,N,30 bags,Matched,28405.94,16380,0.423360044,19.73991842,10586.93,0.038461538
2024-09-01,Swiggy Instamart,West,BEC-BW-002,84,84,14700,2292.19,1593.82,3,3,Parchment Paper Roll,Bake & Wrap,Bake,175,92,N,20 m,Matched,12407.81,7728,0.377166478,7.784950622,3085.99,0.035714286
2025-05-01,Swiggy Instamart,South,BEC-KT-002,91,91,38220,10079.57,3342.41,3,3,Kitchen Towel 6-roll,Kitchen Towel,Towel,420,205,N,6 rolls,Matched,28140.43,18655,0.337074807,8.419203509,6143.02,0.032967033
2024-06-01,Zepto,West,BEC-OTH-001,144,144,21456,5183.6,1099.68,5,5,Bamboo Wet Wipes 72s,Others,Wipes,149,72,N,72 wipes,Matched,16272.4,10368,0.362847521,14.79739561,4804.72,0.034722222
2025-04-01,Blinkit,West,BEC-OTH-001,169,169,25181,3334.54,1225.38,4,4,Bamboo Wet Wipes 72s,Others,Wipes,149,72,N,72 wipes,Matched,21846.46,12168,0.44302189,17.82831448,8453.08,0.023668639
2025-02-01,Swiggy Instamart,South,BEC-CLN-001,204,204,40596,2433.07,9389.52,8,8,Floor Cleaner 1L,Cleaners,Floor Cleaner,199,96,N,1 L,Matched,38162.93,19584,0.486831855,4.064417563,9189.41,0.039215686
2025-01-01,Amazon,North,BEC-BW-002,247,247,43225,9659.13,2657.54,9,9,Parchment Paper Roll,Bake & Wrap,Bake,175,92,N,20 m,Matched,33565.87,22724,0.3230028,12.63042889,8184.33,0.036437247
2024-09-01,D2C,South,BEC-KT-001,87,87,13920,514.69,1050.82,8,8,Kitchen Towel 2-roll,Kitchen Towel,Towel,160,78,N,2 rolls,Matched,13405.31,6786,0.493782688,12.7569993,5568.49,0.091954023
2024-08-01,Zepto,West,BEC-CLN-002,399,399,73815,13521.89,15271.78,12,12,Dishwash Liquid 750ml,Cleaners,Dishwash,185,88,N,750 ml,Matched,60293.11,35112,0.417644902,3.948008025,9909.33,0.030075188
2025-05-01,Amazon,West,BEC-BW-001,225,225,49500,11409.04,3490.54,10,10,Compostable Cling Wrap,Bake & Wrap,Wrap,220,118,N,30 m,Matched,38090.96,26550,0.302984225,10.9126267,8050.42,0.044444444
2024-03-01,Flipkart,South,BEC-BW-001,90,90,19800,1456.34,1992.52,2,2,Compostable Cling Wrap,Bake & Wrap,Wrap,220,118,N,30 m,Matched,18343.66,10620,0.421053378,9.206261418,5731.14,0.022222222
2024-02-01,Swiggy Instamart,North,BEC-BW-002,96,96,16800,3443.45,1751.24,2,2,Parchment Paper Roll,Bake & Wrap,Bake,175,92,N,20 m,Matched,13356.55,8832,0.338751399,7.626910075,2773.31,0.020833333
2024-12-01,Amazon,North,BEC-BW-001,203,203,44660,10479.13,4000.12,4,4,Compostable Cling Wrap,Bake & Wrap,Wrap,220,118,N,30 m,Matched,34180.87,23954,0.299198645,8.544961151,6226.75,0.019704433
2024-06-01,Swiggy Instamart,South,BEC-BW-001,56,56,12320,3551.74,812.69,2,2,Compostable Cling Wrap,Bake & Wrap,Wrap,220,118,N,30 m,Matched,8768.26,6608,0.246372712,10.78918161,1347.57,0.035714286
2024-10-01,Amazon,South,BEC-GB-002,201,201,35979,7981.57,1978.66,4,4,Garbage Bag Large 15s,Garbage Bags,Large,179,86,N,15 bags,Matched,27997.43,17286,0.382586187,14.14969222,8732.77,0.019900498
2024-01-01,D2C,West,BEC-CMB-001,28,28,19572,1032.2,1470.14,3,3,Home Cleaning Combo,Others,Combo,699,330,Y,4 items,Matched,18539.8,9240,0.501612747,12.6109078,7829.66,0.107142857
2025-06-01,Amazon,West,BEC-TIS-002,665,665,119700,10974.1,14836.98,36,36,Bamboo Toilet Roll 4-pack,Tissues,Toilet Roll,180,95,N,4 rolls,Matched,108725.9,63175,0.418951694,7.328034411,30713.92,0.054135338
2024-08-01,Zepto,North,BEC-KT-001,141,141,22560,5605.81,1411.37,8,8,Kitchen Towel 2-roll,Kitchen Towel,Towel,160,78,N,2 rolls,Matched,16954.19,10998,0.351310797,12.01257643,4544.82,0.056737589
2024-12-01,Zepto,West,BEC-CLN-001,300,300,59700,15735.38,13540.58,15,15,Floor Cleaner 1L,Cleaners,Floor Cleaner,199,96,N,1 L,Matched,43964.62,28800,0.344927808,3.246878642,1624.04,0.05
2024-04-01,Flipkart,South,BEC-TIS-001,165,165,15675,2758.34,1575.19,5,5,Bamboo Facial Tissue 100s,Tissues,Facial,95,42,N,100 pulls,Matched,12916.66,6930,0.463483594,8.200064754,4411.47,0.03030303
2025-05-01,Flipkart,North,BEC-CLN-001,298,298,59302,4880.17,14013.59,15,15,Floor Cleaner 1L,Cleaners,Floor Cleaner,199,96,N,1 L,Matched,54421.83,28608,0.474328592,3.883503799,11800.24,0.05033557
2024-07-01,Amazon,North,BEC-CLN-001,427,427,84973,15614.52,16311.89,14,14,Floor Cleaner 1L,Cleaners,Floor Cleaner,199,96,N,1 L,Matched,69358.48,40992,0.408983588,4.252019846,12054.59,0.032786885
2024-01-01,D2C,West,BEC-CLN-002,346,346,64010,4314.44,12850.9,37,37,Dishwash Liquid 750ml,Cleaners,Dishwash,185,88,N,750 ml,Matched,59695.56,30448,0.489945316,4.645243524,16396.66,0.106936416
2024-03-01,Amazon,North,BEC-CLN-001,573,573,114027,18312.92,23730.61,31,31,Floor Cleaner 1L,Cleaners,Floor Cleaner,199,96,N,1 L,Matched,95714.08,55008,0.425288317,4.033359446,16975.47,0.054101222
2024-03-01,Flipkart,North,BEC-CLN-004,214,214,21186,3340.18,5947.38,6,6,Handwash 250ml,Cleaners,Handwash,99,44,N,250 ml,Matched,17845.82,9416,0.47236944,3.00061876,2482.44,0.028037383
2025-05-01,Amazon,West,BEC-CLN-003,831,831,248469,53468.8,54955.93,38,38,Laundry Liquid 1L,Cleaners,Laundry,299,150,N,1 L,Matched,195000.2,124650,0.360769886,3.548301339,15394.27,0.045728039
2025-03-01,Flipkart,North,BEC-TIS-001,240,240,22800,1142.14,2267.83,7,7,Bamboo Facial Tissue 100s,Tissues,Facial,95,42,N,100 pulls,Matched,21657.86,10080,0.534580055,9.550036819,9310.03,0.029166667
2024-03-01,Swiggy Instamart,South,BEC-KT-001,119,119,19040,2715.5,1087.59,5,5,Kitchen Towel 2-roll,Kitchen Towel,Towel,160,78,N,2 rolls,Matched,16324.5,9282,0.431406781,15.00979229,5954.91,0.042016807
2025-01-01,D2C,West,BEC-CLN-003,401,401,119899,13341.59,31502.66,53,53,Laundry Liquid 1L,Cleaners,Laundry,299,150,N,1 L,Matched,106557.41,60150,0.435515559,3.382489288,14904.75,0.132169576
2025-02-01,Blinkit,West,BEC-BW-001,151,151,33220,6359.85,2737.85,3,3,Compostable Cling Wrap,Bake & Wrap,Wrap,220,118,N,30 m,Matched,26860.15,17818,0.336638105,9.810672608,6304.3,0.01986755
2025-02-01,Blinkit,South,BEC-TIS-001,198,198,18810,4036.74,917.4,11,11,Bamboo Facial Tissue 100s,Tissues,Facial,95,42,N,100 pulls,Matched,14773.26,8316,0.437091069,16.10340092,5539.86,0.055555556
2024-04-01,Amazon,North,BEC-KT-002,379,379,159180,29763.15,7009.76,19,19,Kitchen Towel 6-roll,Kitchen Towel,Towel,420,205,N,6 rolls,Matched,129416.85,77695,0.399653136,18.4623796,44712.09,0.050131926
2025-03-01,Swiggy Instamart,South,BEC-GB-001,134,134,19966,4592.23,1742.6,4,4,Garbage Bag Medium 30s,Garbage Bags,Medium,149,70,N,30 bags,Matched,15373.77,9380,0.389869889,8.822317227,4251.17,0.029850746
2025-04-01,D2C,West,BEC-CLN-002,434,434,80290,7314.38,17887.5,67,67,Dishwash Liquid 750ml,Cleaners,Dishwash,185,88,N,750 ml,Matched,72975.62,38192,0.476647132,4.079699231,16896.12,0.15437788
2024-07-01,Flipkart,South,BEC-GB-002,107,107,19153,5624.87,1388.47,4,4,Garbage Bag Large 15s,Garbage Bags,Large,179,86,N,15 bags,Matched,13528.13,9202,0.319787731,9.743192147,2937.66,0.037383178
2025-03-01,Zepto,West,BEC-GB-002,282,282,50478,6517.61,4639.34,11,11,Garbage Bag Large 15s,Garbage Bags,Large,179,86,N,15 bags,Matched,43960.39,24252,0.448321546,9.475569801,15069.05,0.039007092
2024-04-01,Amazon,South,BEC-GB-001,269,269,40081,8238.71,4475.28,13,13,Garbage Bag Medium 30s,Garbage Bags,Medium,149,70,N,30 bags,Matched,31842.29,18830,0.408648059,7.115150337,8537.01,0.048327138
2025-04-01,Amazon,North,BEC-BW-001,276,276,60720,12862.12,3260.4,13,13,Compostable Cling Wrap,Bake & Wrap,Wrap,220,118,N,30 m,Matched,47857.88,32568,0.319485109,14.67853024,12029.48,0.047101449
2024-09-01,Blinkit,West,BEC-KT-001,237,237,37920,11341.69,3359.98,7,7,Kitchen Towel 2-roll,Kitchen Towel,Towel,160,78,N,2 rolls,Matched,26578.31,18486,0.30447045,7.910258394,4732.33,0.029535865
2024-04-01,D2C,West,BEC-CMB-001,28,28,19572,1144.91,1690.94,4,4,Home Cleaning Combo,Others,Combo,699,330,Y,4 items,Matched,18427.09,9240,0.498564342,10.8975422,7496.15,0.142857143
2024-01-01,Flipkart,South,BEC-BW-002,65,65,11375,3264.55,575.91,3,3,Parchment Paper Roll,Bake & Wrap,Bake,175,92,N,20 m,Matched,8110.45,5980,0.262679629,14.08284281,1554.54,0.046153846
2025-02-01,Zepto,South,BEC-CLN-002,210,210,38850,7657.39,6392.6,8,8,Dishwash Liquid 750ml,Cleaners,Dishwash,185,88,N,750 ml,Matched,31192.61,18480,0.407551981,4.87948722,6320.01,0.038095238
2024-03-01,Zepto,West,BEC-KT-001,316,316,50560,12786.01,3618.7,7,7,Kitchen Towel 2-roll,Kitchen Towel,Towel,160,78,N,2 rolls,Matched,37773.99,24648,0.347487517,10.43855252,9507.29,0.022151899
2024-11-01,Amazon,West,BEC-CMB-001,66,66,46134,9333.41,3207.67,3,3,Home Cleaning Combo,Others,Combo,699,330,Y,4 items,Matched,36800.59,21780,0.408161663,11.47268578,11812.92,0.045454545
2024-04-01,Blinkit,North,BEC-CLN-002,359,359,66415,16984.28,16505.89,20,20,Dishwash Liquid 750ml,Cleaners,Dishwash,185,88,N,750 ml,Matched,49430.72,31592,0.360883273,2.994732183,1332.83,0.055710306
2024-07-01,Zepto,South,BEC-BW-001,58,58,12760,878.1,982.05,2,2,Compostable Cling Wrap,Bake & Wrap,Wrap,220,118,N,30 m,Matched,11881.9,6844,0.423997845,12.09907846,4055.85,0.034482759
2025-02-01,Swiggy Instamart,North,BEC-TIS-001,153,153,14535,3078.82,608.43,8,8,Bamboo Facial Tissue 100s,Tissues,Facial,95,42,N,100 pulls,Matched,11456.18,6426,0.439080042,18.82908469,4421.75,0.052287582
2025-05-01,Zepto,West,BEC-TIS-002,270,270,48600,3751.32,4984.94,12,12,Bamboo Toilet Roll 4-pack,Tissues,Toilet Roll,180,95,N,4 rolls,Matched,44848.68,25650,0.428076813,8.996834465,14213.74,0.044444444
2025-05-01,Flipkart,South,BEC-KT-001,96,96,15360,2521.08,1111.85,3,3,Kitchen Towel 2-roll,Kitchen Towel,Towel,160,78,N,2 rolls,Matched,12838.92,7488,0.416773373,11.54734901,4239.07,0.03125
2025-06-01,D2C,West,BEC-TIS-001,276,276,26220,2130.41,2249.68,31,31,Bamboo Facial Tissue 100s,Tissues,Facial,95,42,N,100 pulls,Matched,24089.59,11592,0.518796293,10.70800736,10247.91,0.112318841
2024-08-01,D2C,West,BEC-CMB-001,21,21,14679,1191.58,1071.55,2,2,Home Cleaning Combo,Others,Combo,699,330,Y,4 items,Matched,13487.42,6930,0.48618787,12.58683216,5485.87,0.095238095
2024-01-01,Zepto,West,BEC-BW-001,173,173,38060,7812.32,3371.8,4,4,Compostable Cling Wrap,Bake & Wrap,Wrap,220,118,N,30 m,Matched,30247.68,20414,0.325105264,8.970781185,6461.88,0.023121387
2025-05-01,Amazon,South,BEC-CLN-004,433,433,42867,9327.28,9950.31,15,15,Handwash 250ml,Cleaners,Handwash,99,44,N,250 ml,Matched,33539.72,19052,0.431957094,3.370721113,4537.41,0.034642032
2024-12-01,Amazon,West,BEC-BW-002,241,241,42175,9892.06,1649.02,9,9,Parchment Paper Roll,Bake & Wrap,Bake,175,92,N,20 m,Matched,32282.94,22172,0.313197621,19.57704576,8461.92,0.037344398
2024-12-01,Amazon,South,BEC-KT-002,299,299,125580,30351.02,5800.07,6,6,Kitchen Towel 6-roll,Kitchen Towel,Towel,420,205,N,6 rolls,Matched,95228.98,61295,0.356340895,16.4185915,28133.91,0.02006689
2025-02-01,Zepto,North,BEC-BW-001,95,95,20900,3311.4,1934.83,3,3,Compostable Cling Wrap,Bake & Wrap,Wrap,220,118,N,30 m,Matched,17588.6,11210,0.362655356,9.090514412,4443.77,0.031578947
2024-10-01,Flipkart,South,BEC-TIS-002,129,129,23220,3025.4,2314.53,5,5,Bamboo Toilet Roll 4-pack,Tissues,Toilet Roll,180,95,N,4 rolls,Matched,20194.6,12255,0.393154606,8.725140741,5625.07,0.03875969
2025-05-01,Blinkit,West,BEC-BW-002,189,189,33075,4989.02,2099.15,9,9,Parchment Paper Roll,Bake & Wrap,Bake,175,92,N,20 m,Matched,28085.98,17388,0.380901076,13.37969178,8598.83,0.047619048
2025-05-01,Swiggy Instamart,South,BEC-GB-002,99,99,17721,2761.67,1501.56,2,2,Garbage Bag Large 15s,Garbage Bags,Large,179,86,N,15 bags,Matched,14959.33,8514,0.430856863,9.96252564,4943.77,0.02020202
2025-06-01,Zepto,West,BEC-GB-002,318,318,56922,4289.77,3102.03,7,7,Garbage Bag Large 15s,Garbage Bags,Large,179,86,N,15 bags,Matched,52632.23,27348,0.480394428,16.96702804,22182.2,0.022012579
2024-02-01,Blinkit,South,BEC-TIS-002,296,296,53280,6979.05,3822.04,9,9,Bamboo Toilet Roll 4-pack,Tissues,Toilet Roll,180,95,N,4 rolls,Matched,46300.95,28120,0.392669049,12.11419818,14358.91,0.030405405
2024-07-01,Blinkit,West,BEC-CMB-001,59,59,41241,11763.03,1544.49,2,2,Home Cleaning Combo,Others,Combo,699,330,Y,4 items,Matched,29477.97,19470,0.339506757,19.08589243,8463.48,0.033898305
2024-04-01,Swiggy Instamart,West,BEC-GB-002,173,173,30967,1568.2,2340.98,6,6,Garbage Bag Large 15s,Garbage Bags,Large,179,86,N,15 bags,Matched,29398.8,14878,0.493924922,12.55833027,12179.82,0.034682081
2024-06-01,D2C,West,BEC-OTH-001,65,65,9685,566.88,787.26,7,7,Bamboo Wet Wipes 72s,Others,Wipes,149,72,N,72 wipes,Matched,9118.12,4680,0.486736301,11.58209486,3650.86,0.107692308
2024-07-01,Blinkit,West,BEC-CLN-004,319,319,31581,7467.59,7444.92,10,10,Handwash 250ml,Cleaners,Handwash,99,44,N,250 ml,Matched,24113.41,14036,0.41791725,3.238907873,2632.49,0.031347962
2024-05-01,Zepto,North,BEC-TIS-002,304,304,54720,3804.87,5749.05,16,16,Bamboo Toilet Roll 4-pack,Tissues,Toilet Roll,180,95,N,4 rolls,Matched,50915.13,28880,0.432781572,8.856268427,16286.08,0.052631579
2024-03-01,Blinkit,South,BEC-KT-002,219,219,91980,20155.05,6324.09,12,12,Kitchen Towel 6-roll,Kitchen Towel,Towel,420,205,N,6 rolls,Matched,71824.95,44895,0.374938653,11.35735734,20605.86,0.054794521
2024-12-01,Amazon,North,BEC-BW-002,179,179,31325,5086.37,1369.45,9,9,Parchment Paper Roll,Bake & Wrap,Bake,175,92,N,20 m,Matched,26238.63,16468,0.372375768,19.15997663,8401.18,0.05027933
2024-03-01,Blinkit,West,BEC-CLN-004,575,575,56925,12080.1,14376.69,14,14,Handwash 250ml,Cleaners,Handwash,99,44,N,250 ml,Matched,44844.9,25300,0.435833283,3.119278499,5168.21,0.024347826
2025-06-01,Flipkart,West,BEC-TIS-002,294,294,52920,2782.13,5033.32,6,6,Bamboo Toilet Roll 4-pack,Tissues,Toilet Roll,180,95,N,4 rolls,Matched,50137.87,27930,0.442936048,9.961192612,17174.55,0.020408163
2025-04-01,Swiggy Instamart,South,BEC-CLN-003,149,149,44551,6396.49,11531.8,5,5,Laundry Liquid 1L,Cleaners,Laundry,299,150,N,1 L,Matched,38154.51,22350,0.414223902,3.308634385,4272.71,0.033557047
2025-06-01,Swiggy Instamart,North,BEC-CLN-002,173,173,32005,6383.89,6543.21,8,8,Dishwash Liquid 750ml,Cleaners,Dishwash,185,88,N,750 ml,Matched,25621.11,15224,0.405802481,3.915679002,3853.9,0.046242775
2025-04-01,Swiggy Instamart,North,BEC-TIS-001,178,178,16910,5009.78,1347.57,5,5,Bamboo Facial Tissue 100s,Tissues,Facial,95,42,N,100 pulls,Matched,11900.22,7476,0.37177632,8.83087335,3076.65,0.028089888
2025-03-01,Zepto,West,BEC-CLN-001,388,388,77212,14365.5,19921.49,15,15,Floor Cleaner 1L,Cleaners,Floor Cleaner,199,96,N,1 L,Matched,62846.5,37248,0.40731783,3.154708809,5677.01,0.038659794
2024-04-01,D2C,West,BEC-KT-001,133,133,21280,1815.45,2722.44,21,21,Kitchen Towel 2-roll,Kitchen Towel,Towel,160,78,N,2 rolls,Matched,19464.55,10374,0.46703109,7.149670883,6368.11,0.157894737
2024-06-01,Amazon,South,BEC-BW-002,146,146,25550,2210.47,1774.6,5,5,Parchment Paper Roll,Bake & Wrap,Bake,175,92,N,20 m,Matched,23339.53,13432,0.424495695,13.15199482,8132.93,0.034246575
2024-04-01,Blinkit,South,BEC-OTH-001,101,101,15049,3892.89,1062.76,4,4,Bamboo Wet Wipes 72s,Others,Wipes,149,72,N,72 wipes,Matched,11156.11,7272,0.348159887,10.49729948,2821.35,0.03960396
2024-04-01,Amazon,South,BEC-TIS-001,282,282,26790,6251.58,2505.97,15,15,Bamboo Facial Tissue 100s,Tissues,Facial,95,42,N,100 pulls,Matched,20538.42,11844,0.423324676,8.195796438,6188.45,0.053191489
2024-08-01,D2C,South,BEC-CMB-001,18,18,12582,1718.18,1536.28,2,2,Home Cleaning Combo,Others,Combo,699,330,Y,4 items,Matched,10863.82,5940,0.453231,7.071510402,3387.54,0.111111111
2025-03-01,D2C,West,BEC-KT-001,270,270,43200,4151.15,2435.14,24,24,Kitchen Towel 2-roll,Kitchen Towel,Towel,160,78,N,2 rolls,Matched,39048.85,21060,0.460675538,16.03556674,15553.71,0.088888889
2024-04-01,Amazon,West,BEC-KT-001,438,438,70080,6280.13,8661.93,17,17,Kitchen Towel 2-roll,Kitchen Towel,Towel,160,78,N,2 rolls,Matched,63799.87,34164,0.464513015,7.365549017,20973.94,0.038812785
2024-08-01,Flipkart,West,BEC-KT-002,166,166,69720,7811.95,8919.59,8,8,Kitchen Towel 6-roll,Kitchen Towel,Towel,420,205,N,6 rolls,Matched,61908.05,34030,0.450313812,6.940683372,18958.46,0.048192771
2025-04-01,Flipkart,West,BEC-TIS-002,284,284,51120,9884.2,5567.6,12,12,Bamboo Toilet Roll 4-pack,Tissues,Toilet Roll,180,95,N,4 rolls,Matched,41235.8,26980,0.345714161,7.406386953,8688.2,0.042253521
2025-02-01,Blinkit,West,BEC-KT-002,385,385,161700,12134.98,8429.42,17,17,Kitchen Towel 6-roll,Kitchen Towel,Towel,420,205,N,6 rolls,Matched,149565.02,78925,0.472303083,17.74321602,62210.6,0.044155844
2024-09-01,Swiggy Instamart,South,BEC-CLN-001,137,137,27263,5933.12,4854.75,4,4,Floor Cleaner 1L,Cleaners,Floor Cleaner,199,96,N,1 L,Matched,21329.88,13152,0.383400188,4.393610382,3323.13,0.02919708
2025-02-01,Amazon,South,BEC-GB-001,230,230,34270,10064.65,3221.09,8,8,Garbage Bag Medium 30s,Garbage Bags,Medium,149,70,N,30 bags,Matched,24205.35,16100,0.33485779,7.514645663,4884.26,0.034782609
2025-01-01,Amazon,West,BEC-KT-001,439,439,70240,8496.94,8648.87,19,19,Kitchen Towel 2-roll,Kitchen Towel,Towel,160,78,N,2 rolls,Matched,61743.06,34242,0.445411355,7.138858602,18852.19,0.043280182
2024-03-01,Flipkart,North,BEC-GB-001,136,136,20264,4798.78,1346.72,6,6,Garbage Bag Medium 30s,Garbage Bags,Medium,149,70,N,30 bags,Matched,15465.22,9520,0.384425181,11.48361946,4598.5,0.044117647
2025-02-01,Swiggy Instamart,West,BEC-BW-001,145,145,31900,6104.48,3552.94,4,4,Compostable Cling Wrap,Bake & Wrap,Wrap,220,118,N,30 m,Matched,25795.52,17110,0.336706529,7.260330881,5132.58,0.027586207
2024-03-01,Flipkart,South,BEC-GB-002,168,168,30072,4682.35,2018.84,3,3,Garbage Bag Large 15s,Garbage Bags,Large,179,86,N,15 bags,Matched,25389.65,14448,0.430949225,12.57635573,8922.81,0.017857143
2024-09-01,Zepto,North,BEC-TIS-001,153,153,14535,1281.52,682.72,8,8,Bamboo Facial Tissue 100s,Tissues,Facial,95,42,N,100 pulls,Matched,13253.48,6426,0.515146211,19.41276072,6144.76,0.052287582
2024-03-01,Zepto,North,BEC-GB-002,240,240,42960,8220.14,2833.66,8,8,Garbage Bag Large 15s,Garbage Bags,Large,179,86,N,15 bags,Matched,34739.86,20640,0.405869799,12.25971359,11266.2,0.033333333
2025-01-01,Flipkart,South,BEC-CLN-002,187,187,34595,8726.77,7526.65,6,6,Dishwash Liquid 750ml,Cleaners,Dishwash,185,88,N,750 ml,Matched,25868.23,16456,0.363852881,3.436884936,1885.58,0.032085561
2024-10-01,Zepto,North,BEC-KT-002,121,121,50820,5706.27,3990.02,4,4,Kitchen Towel 6-roll,Kitchen Towel,Towel,420,205,N,6 rolls,Matched,45113.73,24805,0.450167388,11.30664257,16318.71,0.033057851
2025-01-01,Flipkart,West,BEC-GB-001,185,185,27565,1478.8,2283.81,8,8,Garbage Bag Medium 30s,Garbage Bags,Medium,149,70,N,30 bags,Matched,26086.2,12950,0.503568937,11.42222864,10852.39,0.043243243
2024-01-01,D2C,North,BEC-KT-001,98,98,15680,1178.94,1924.08,9,9,Kitchen Towel 2-roll,Kitchen Towel,Towel,160,78,N,2 rolls,Matched,14501.06,7644,0.472866122,7.536620099,4932.98,0.091836735
2025-02-01,Blinkit,North,BEC-GB-001,295,295,43955,4423.21,2857.92,8,8,Garbage Bag Medium 30s,Garbage Bags,Medium,149,70,N,30 bags,Matched,39531.79,20650,0.477635594,13.8323641,16023.87,0.027118644
2024-10-01,Zepto,South,BEC-CMB-001,28,28,19572,1982.24,1315.72,1,1,Home Cleaning Combo,Others,Combo,699,330,Y,4 items,Matched,17589.76,9240,0.474694368,13.36892348,7034.04,0.035714286
2024-12-01,Flipkart,South,BEC-TIS-002,192,192,34560,4970.24,3136.73,6,6,Bamboo Toilet Roll 4-pack,Tissues,Toilet Roll,180,95,N,4 rolls,Matched,29589.76,18240,0.383570533,9.433314311,8213.03,0.03125
2025-03-01,Zepto,North,BEC-GB-002,232,232,41528,7355.03,2131.12,12,12,Garbage Bag Large 15s,Garbage Bags,Large,179,86,N,15 bags,Matched,34172.97,19952,0.416146738,16.03521622,12089.85,0.051724138
2024-02-01,Zepto,North,BEC-BW-001,107,107,23540,5428.71,1588.17,6,6,Compostable Cling Wrap,Bake & Wrap,Wrap,220,118,N,30 m,Matched,18111.29,12626,0.302865782,11.40387364,3897.12,0.056074766
2025-01-01,Blinkit,North,BEC-TIS-001,355,355,33725,7847.3,2465.09,8,8,Bamboo Facial Tissue 100s,Tissues,Facial,95,42,N,100 pulls,Matched,25877.7,14910,0.423828238,10.49766946,8502.61,0.022535211
2025-04-01,Zepto,West,BEC-KT-001,324,324,51840,4471.15,2410.01,10,10,Kitchen Towel 2-roll,Kitchen Towel,Towel,160,78,N,2 rolls,Matched,47368.85,25272,0.466484831,19.65504293,19686.84,0.030864198
2024-10-01,Zepto,South,BEC-GB-001,141,141,21009,3712.9,2022.17,5,5,Garbage Bag Medium 30s,Garbage Bags,Medium,149,70,N,30 bags,Matched,17296.1,9870,0.429351125,8.553237364,5403.93,0.035460993
2024-11-01,Blinkit,South,BEC-OTH-001,77,77,11473,3104.17,599.77,4,4,Bamboo Wet Wipes 72s,Others,Wipes,149,72,N,72 wipes,Matched,8368.83,5544,0.337541807,13.9533988,2225.06,0.051948052
2024-06-01,Zepto,West,BEC-KT-002,191,191,80220,21484.73,6640.74,9,9,Kitchen Towel 6-roll,Kitchen Towel,Towel,420,205,N,6 rolls,Matched,58735.27,39155,0.333364774,8.84468749,12939.53,0.047120419
2024-01-01,Swiggy Instamart,South,BEC-OTH-001,33,33,4917,1283.87,452.39,1,1,Bamboo Wet Wipes 72s,Others,Wipes,149,72,N,72 wipes,Matched,3633.13,2376,0.346018447,8.030968854,804.74,0.03030303
2025-03-01,Amazon,North,BEC-TIS-001,538,538,51110,6180.02,6240.56,24,24,Bamboo Facial Tissue 100s,Tissues,Facial,95,42,N,100 pulls,Matched,44929.98,22596,0.49708413,7.199671183,16093.42,0.044609665
2025-06-01,Blinkit,West,BEC-CMB-001,60,60,41940,9558.79,2690.81,1,1,Home Cleaning Combo,Others,Combo,699,330,Y,4 items,Matched,32381.21,19800,0.388534277,12.03400091,9890.4,0.016666667
2024-05-01,Flipkart,South,BEC-GB-001,130,130,19370,4531.11,848.89,6,6,Garbage Bag Medium 30s,Garbage Bags,Medium,149,70,N,30 bags,Matched,14838.89,9100,0.386746583,17.48034492,4890,0.046153846
2024-08-01,D2C,West,BEC-CLN-003,191,191,57109,5643.19,14901.41,21,21,Laundry Liquid 1L,Cleaners,Laundry,299,150,N,1 L,Matched,51465.81,28650,0.44331975,3.453754376,7914.4,0.109947644
2024-08-01,Flipkart,North,BEC-BW-001,76,76,16720,4796.35,1156.29,3,3,Compostable Cling Wrap,Bake & Wrap,Wrap,220,118,N,30 m,Matched,11923.65,8968,0.247881312,10.31198921,1799.36,0.039473684
2024-09-01,Blinkit,West,BEC-CLN-004,274,274,27126,5732.61,5994.19,12,12,Handwash 250ml,Cleaners,Handwash,99,44,N,250 ml,Matched,21393.39,12056,0.436461449,3.569021002,3343.2,0.04379562
2024-02-01,D2C,West,BEC-CLN-001,359,359,71441,4927.14,19260.52,49,49,Floor Cleaner 1L,Cleaners,Floor Cleaner,199,96,N,1 L,Matched,66513.86,34464,0.481852354,3.453378206,12789.34,0.136490251
2024-09-01,Blinkit,South,BEC-CMB-001,21,21,14679,1467.76,1712.26,1,1,Home Cleaning Combo,Others,Combo,699,330,Y,4 items,Matched,13211.24,6930,0.475446665,7.715674021,4568.98,0.047619048
2025-03-01,Amazon,West,BEC-CLN-004,534,534,52866,6234.09,13156.13,16,16,Handwash 250ml,Cleaners,Handwash,99,44,N,250 ml,Matched,46631.91,23496,0.496139017,3.544500548,9979.78,0.029962547
2025-01-01,Swiggy Instamart,West,BEC-KT-002,168,168,70560,8566.99,8816.22,5,5,Kitchen Towel 6-roll,Kitchen Towel,Towel,420,205,N,6 rolls,Matched,61993.01,34440,0.444453496,7.031699527,18736.79,0.029761905
2025-03-01,Swiggy Instamart,West,BEC-GB-002,179,179,32041,4769.51,1563.81,8,8,Garbage Bag Large 15s,Garbage Bags,Large,179,86,N,15 bags,Matched,27271.49,15394,0.435527725,17.43913263,10313.68,0.044692737
2025-03-01,D2C,North,BEC-CLN-002,233,233,43105,1729.53,12702.92,34,34,Dishwash Liquid 750ml,Cleaners,Dishwash,185,88,N,750 ml,Matched,41375.47,20504,0.504440675,3.257162133,8168.55,0.145922747
2025-03-01,Flipkart,West,BEC-CLN-004,376,376,37224,8856.55,5313.41,16,16,Handwash 250ml,Cleaners,Handwash,99,44,N,250 ml,Matched,28367.45,16544,0.416796363,5.338840782,6510.04,0.042553191
2025-02-01,Zepto,West,BEC-CLN-004,586,586,58014,17050.97,10222.74,33,33,Handwash 250ml,Cleaners,Handwash,99,44,N,250 ml,Matched,40963.03,25784,0.370554375,4.007049969,4956.29,0.056313993
2025-03-01,Flipkart,North,BEC-CLN-001,304,304,60496,15590.06,10538.78,14,14,Floor Cleaner 1L,Cleaners,Floor Cleaner,199,96,N,1 L,Matched,44905.94,29184,0.350108248,4.261018828,5183.16,0.046052632
2024-11-01,Swiggy Instamart,West,BEC-CLN-001,281,281,55919,14234.41,13357.27,15,15,Floor Cleaner 1L,Cleaners,Floor Cleaner,199,96,N,1 L,Matched,41684.59,26976,0.352854376,3.120741738,1351.32,0.053380783
2025-06-01,Flipkart,North,BEC-CLN-004,254,254,25146,2269.99,4439.51,11,11,Handwash 250ml,Cleaners,Handwash,99,44,N,250 ml,Matched,22876.01,11176,0.511453265,5.152823172,7260.5,0.043307087
2024-12-01,Blinkit,North,BEC-BW-001,142,142,31240,7507.57,1854.48,8,8,Compostable Cling Wrap,Bake & Wrap,Wrap,220,118,N,30 m,Matched,23732.43,16756,0.293961891,12.7973502,5121.95,0.056338028
2025-04-01,Amazon,West,BEC-BW-001,295,295,64900,18996.49,4649.54,17,17,Compostable Cling Wrap,Bake & Wrap,Wrap,220,118,N,30 m,Matched,45903.51,34810,0.24167019,9.872699235,6443.97,0.057627119
2024-11-01,Blinkit,South,BEC-CLN-003,219,219,65481,15476.96,10242.99,9,9,Laundry Liquid 1L,Cleaners,Laundry,299,150,N,1 L,Matched,50004.04,32850,0.343053081,4.881781589,6911.05,0.04109589
2025-01-01,Zepto,South,BEC-BW-001,105,105,23100,5237.98,2301.63,3,3,Compostable Cling Wrap,Bake & Wrap,Wrap,220,118,N,30 m,Matched,17862.02,12390,0.30634945,7.760595752,3170.39,0.028571429
2024-02-01,Blinkit,West,BEC-CLN-004,503,503,49797,9998.34,9412.76,30,30,Handwash 250ml,Cleaners,Handwash,99,44,N,250 ml,Matched,39798.66,22132,0.443900875,4.228160497,8253.9,0.059642147
2024-04-01,Amazon,North,BEC-GB-002,352,352,63008,3462.76,6246.24,18,18,Garbage Bag Large 15s,Garbage Bags,Large,179,86,N,15 bags,Matched,59545.24,30272,0.491613435,9.532973437,23027,0.051136364
2024-06-01,Amazon,North,BEC-BW-002,153,153,26775,1837.71,2497.7,8,8,Parchment Paper Roll,Bake & Wrap,Bake,175,92,N,20 m,Matched,24937.29,14076,0.435544119,9.984101373,8363.59,0.052287582
2024-09-01,Zepto,West,BEC-GB-002,170,170,30430,3463.38,2916.8,8,8,Garbage Bag Large 15s,Garbage Bags,Large,179,86,N,15 bags,Matched,26966.62,14620,0.457848258,9.245275645,9429.82,0.047058824
2024-12-01,Swiggy Instamart,North,BEC-CLN-004,196,196,19404,4490.85,3948.57,8,8,Handwash 250ml,Cleaners,Handwash,99,44,N,250 ml,Matched,14913.15,8624,0.421718416,3.776848327,2340.58,0.040816327
2024-12-01,Blinkit,North,BEC-TIS-001,300,300,28500,6479.8,1663.7,15,15,Bamboo Facial Tissue 100s,Tissues,Facial,95,42,N,100 pulls,Matched,22020.2,12600,0.427798113,13.23567951,7756.5,0.05
2024-02-01,D2C,South,BEC-CLN-002,173,173,32005,698.89,7574.29,23,23,Dishwash Liquid 750ml,Cleaners,Dishwash,185,88,N,750 ml,Matched,31306.11,15224,0.513705152,4.133207205,8507.82,0.132947977
2024-05-01,Blinkit,North,BEC-CLN-001,423,423,84177,5131.39,15827,17,17,Floor Cleaner 1L,Cleaners,Floor Cleaner,199,96,N,1 L,Matched,79045.61,40608,0.486271281,4.994352057,22610.61,0.040189125
2024-06-01,Amazon,West,BEC-OTH-001,149,149,22201,2669.99,1813.73,6,6,Bamboo Wet Wipes 72s,Others,Wipes,149,72,N,72 wipes,Matched,19531.01,10728,0.45071965,10.76842198,6989.28,0.040268456
2024-09-01,Zepto,South,BEC-KT-001,118,118,18880,5524.43,1184.11,3,3,Kitchen Towel 2-roll,Kitchen Towel,Towel,160,78,N,2 rolls,Matched,13355.57,9204,0.310849331,11.27899435,2967.46,0.025423729
2025-03-01,Blinkit,South,BEC-BW-001,145,145,31900,7096.4,1845.46,3,3,Compostable Cling Wrap,Bake & Wrap,Wrap,220,118,N,30 m,Matched,24803.6,17110,0.31018078,13.44033466,5848.14,0.020689655
2025-05-01,Flipkart,North,BEC-BW-002,91,91,15925,2785.42,1910.3,2,2,Parchment Paper Roll,Bake & Wrap,Bake,175,92,N,20 m,Matched,13139.58,8372,0.362841126,6.878280898,2857.28,0.021978022
2024-02-01,Zepto,South,BEC-BW-001,109,109,23980,5128.24,2641.27,5,5,Compostable Cling Wrap,Bake & Wrap,Wrap,220,118,N,30 m,Matched,18851.76,12862,0.317729485,7.137384667,3348.49,0.04587156
2024-03-01,Flipkart,South,BEC-TIS-002,122,122,21960,3595.53,2141.08,6,6,Bamboo Toilet Roll 4-pack,Tissues,Toilet Roll,180,95,N,4 rolls,Matched,18364.47,11590,0.368890036,8.577199357,4633.39,0.049180328
2025-03-01,D2C,North,BEC-KT-002,126,126,52920,6609.78,5561.65,20,20,Kitchen Towel 6-roll,Kitchen Towel,Towel,420,205,N,6 rolls,Matched,46310.22,25830,0.442239748,8.326705204,14918.57,0.158730159
2024-02-01,Amazon,North,BEC-OTH-001,117,117,17433,2283.37,1146.84,2,2,Bamboo Wet Wipes 72s,Others,Wipes,149,72,N,72 wipes,Matched,15149.63,8424,0.443946816,13.20988978,5578.79,0.017094017
2025-06-01,Blinkit,South,BEC-CLN-004,299,299,29601,4204.87,7658.41,6,6,Handwash 250ml,Cleaners,Handwash,99,44,N,250 ml,Matched,25396.13,13156,0.481968316,3.316110002,4581.72,0.02006689
2024-12-01,D2C,West,BEC-TIS-002,222,222,39960,5406.46,2404.51,34,34,Bamboo Toilet Roll 4-pack,Tissues,Toilet Roll,180,95,N,4 rolls,Matched,34553.54,21090,0.389642856,14.37030414,11059.03,0.153153153
2024-04-01,Amazon,South,BEC-CLN-001,362,362,72038,16108.4,11574.89,13,13,Floor Cleaner 1L,Cleaners,Floor Cleaner,199,96,N,1 L,Matched,55929.6,34752,0.378647442,4.831976805,9602.71,0.035911602
2025-01-01,Flipkart,West,BEC-KT-001,248,248,39680,4990.69,5001.22,13,13,Kitchen Towel 2-roll,Kitchen Towel,Towel,160,78,N,2 rolls,Matched,34689.31,19344,0.442364233,6.936169575,10344.09,0.052419355
2025-04-01,Flipkart,South,BEC-CLN-004,261,261,25839,2591.74,7722.62,12,12,Handwash 250ml,Cleaners,Handwash,99,44,N,250 ml,Matched,23247.26,11484,0.506006299,3.010281485,4040.64,0.045977011
2025-05-01,D2C,North,BEC-CLN-001,209,209,41591,4066.16,9838.91,34,34,Floor Cleaner 1L,Cleaners,Floor Cleaner,199,96,N,1 L,Matched,37524.84,20064,0.465314176,3.813922477,7621.93,0.162679426
2025-05-01,Swiggy Instamart,North,BEC-GB-002,149,149,26671,6393.15,1366.29,8,8,Garbage Bag Large 15s,Garbage Bags,Large,179,86,N,15 bags,Matched,20277.85,12814,0.368078963,14.84154169,6097.56,0.053691275
2024-05-01,Swiggy Instamart,South,BEC-TIS-002,107,107,19260,2071.49,1029.25,4,4,Bamboo Toilet Roll 4-pack,Tissues,Toilet Roll,180,95,N,4 rolls,Matched,17188.51,10165,0.40861657,16.70003401,5994.26,0.037383178
2024-07-01,Zepto,North,BEC-GB-001,183,183,27267,3720.19,2478.66,6,6,Garbage Bag Medium 30s,Garbage Bags,Medium,149,70,N,30 bags,Matched,23546.81,12810,0.455977264,9.499814416,8258.15,0.032786885
2025-05-01,Swiggy Instamart,West,BEC-KT-002,147,147,61740,6321.27,3210.15,6,6,Kitchen Towel 6-roll,Kitchen Towel,Towel,420,205,N,6 rolls,Matched,55418.73,30135,0.456230773,17.26359516,22073.58,0.040816327
2024-12-01,Zepto,West,BEC-BW-001,141,141,31020,8647.8,3197.35,5,5,Compostable Cling Wrap,Bake & Wrap,Wrap,220,118,N,30 m,Matched,22372.2,16638,0.256309169,6.997106979,2536.85,0.035460993
2024-03-01,Blinkit,South,BEC-BW-002,96,96,16800,2363.51,2046.36,3,3,Parchment Paper Roll,Bake & Wrap,Bake,175,92,N,20 m,Matched,14436.49,8832,0.388216942,7.054716668,3558.13,0.03125
2024-06-01,D2C,South,BEC-CLN-002,198,198,36630,1975.76,9197.22,25,25,Dishwash Liquid 750ml,Cleaners,Dishwash,185,88,N,750 ml,Matched,34654.24,17424,0.497204382,3.76790378,8033.02,0.126262626
2025-04-01,Flipkart,South,BEC-KT-002,165,165,69300,17519.85,3752.91,8,8,Kitchen Towel 6-roll,Kitchen Towel,Towel,420,205,N,6 rolls,Matched,51780.15,33825,0.346757396,13.79733327,14202.24,0.048484848
2024-09-01,Flipkart,North,BEC-BW-002,69,69,12075,3443.95,1018.2,2,2,Parchment Paper Roll,Bake & Wrap,Bake,175,92,N,20 m,Matched,8631.05,6348,0.264515905,8.476772736,1264.85,0.028985507
2024-01-01,Zepto,West,BEC-CLN-001,267,267,53133,14633.23,9540.27,14,14,Floor Cleaner 1L,Cleaners,Floor Cleaner,199,96,N,1 L,Matched,38499.77,25632,0.334229789,4.035501092,3327.5,0.052434457
2024-08-01,Blinkit,South,BEC-CLN-001,289,289,57511,4685.89,10895.26,12,12,Floor Cleaner 1L,Cleaners,Floor Cleaner,199,96,N,1 L,Matched,52825.11,27744,0.474795225,4.848448775,14185.85,0.041522491
2024-06-01,Swiggy Instamart,North,BEC-KT-001,141,141,22560,1242.04,1555.48,3,3,Kitchen Towel 2-roll,Kitchen Towel,Towel,160,78,N,2 rolls,Matched,21317.96,10998,0.484096977,13.70506853,8764.48,0.021276596
2024-01-01,Swiggy Instamart,West,BEC-CLN-002,216,216,39960,4115.54,10022.81,4,4,Dishwash Liquid 750ml,Cleaners,Dishwash,185,88,N,750 ml,Matched,35844.46,19008,0.469708848,3.576288486,6813.65,0.018518519
2024-12-01,Zepto,North,BEC-TIS-001,242,242,22990,6193.34,1534.59,6,6,Bamboo Facial Tissue 100s,Tissues,Facial,95,42,N,100 pulls,Matched,16796.66,10164,0.394879696,10.94537303,5098.07,0.024793388
2024-04-01,Amazon,West,BEC-OTH-001,175,175,26075,4604.73,2028.56,3,3,Bamboo Wet Wipes 72s,Others,Wipes,149,72,N,72 wipes,Matched,21470.27,12600,0.413141987,10.58399554,6841.71,0.017142857
2024-03-01,Zepto,North,BEC-BW-001,98,98,21560,2992.85,2597.52,5,5,Compostable Cling Wrap,Bake & Wrap,Wrap,220,118,N,30 m,Matched,18567.15,11564,0.377179589,7.148029659,4405.63,0.051020408
2024-12-01,Flipkart,West,BEC-CMB-001,30,30,20970,3666.99,2431.09,1,1,Home Cleaning Combo,Others,Combo,699,330,Y,4 items,Matched,17303.01,9900,0.427845213,7.117387674,4971.92,0.033333333
2024-10-01,Zepto,West,BEC-KT-001,234,234,37440,5072.31,2485.42,5,5,Kitchen Towel 2-roll,Kitchen Towel,Towel,160,78,N,2 rolls,Matched,32367.69,18252,0.436104337,13.02302629,11630.27,0.021367521
2025-02-01,Blinkit,West,BEC-CLN-001,379,379,75421,16324.74,11632.15,10,10,Floor Cleaner 1L,Cleaners,Floor Cleaner,199,96,N,1 L,Matched,59096.26,36384,0.384326521,5.080424513,11080.11,0.026385224
2024-11-01,Swiggy Instamart,North,BEC-TIS-001,107,107,10165,1682.15,832.07,2,2,Bamboo Facial Tissue 100s,Tissues,Facial,95,42,N,100 pulls,Matched,8482.85,4494,0.470225219,10.19487543,3156.78,0.018691589
2024-01-01,Zepto,South,BEC-OTH-001,95,95,14155,843.06,1640.34,5,5,Bamboo Wet Wipes 72s,Others,Wipes,149,72,N,72 wipes,Matched,13311.94,6840,0.486175569,8.115354134,4831.6,0.052631579
2024-08-01,D2C,West,BEC-TIS-002,226,226,40680,2799.09,2505.93,22,22,Bamboo Toilet Roll 4-pack,Tissues,Toilet Roll,180,95,N,4 rolls,Matched,37880.91,21470,0.433223753,15.11650764,13904.98,0.097345133
2024-10-01,Flipkart,South,BEC-CLN-003,174,174,52026,14921.19,8862.34,6,6,Laundry Liquid 1L,Cleaners,Laundry,299,150,N,1 L,Matched,37104.81,26100,0.296587154,4.186796038,2142.47,0.034482759
2024-07-01,Flipkart,North,BEC-KT-002,99,99,41580,8268.83,2789.44,4,4,Kitchen Towel 6-roll,Kitchen Towel,Towel,420,205,N,6 rolls,Matched,33311.17,20295,0.390744906,11.94188439,10226.73,0.04040404
2024-12-01,D2C,West,BEC-CLN-002,366,366,67710,1495.59,13978.87,51,51,Dishwash Liquid 750ml,Cleaners,Dishwash,185,88,N,750 ml,Matched,66214.41,32208,0.513580201,4.736749823,20027.54,0.139344262
2024-07-01,Amazon,South,BEC-OTH-001,129,129,19221,2446.31,1429.92,7,7,Bamboo Wet Wipes 72s,Others,Wipes,149,72,N,72 wipes,Matched,16774.69,9288,0.446308695,11.73120874,6056.77,0.054263566
2024-11-01,D2C,North,BEC-GB-002,94,94,16826,1283.25,2092.35,12,12,Garbage Bag Large 15s,Garbage Bags,Large,179,86,N,15 bags,Matched,15542.75,8084,0.479886121,7.428370015,5366.4,0.127659574
2025-01-01,Amazon,West,BEC-KT-002,503,503,211260,42807.39,21252.39,28,28,Kitchen Towel 6-roll,Kitchen Towel,Towel,420,205,N,6 rolls,Matched,168452.61,103115,0.387869384,7.926290173,44085.22,0.055666004
2024-02-01,Amazon,North,BEC-CLN-004,535,535,52965,15312.45,10812.13,19,19,Handwash 250ml,Cleaners,Handwash,99,44,N,250 ml,Matched,37652.55,23540,0.37480994,3.482435931,3300.42,0.035514019
2025-01-01,D2C,South,BEC-BW-001,79,79,17380,835.82,1446.35,11,11,Compostable Cling Wrap,Bake & Wrap,Wrap,220,118,N,30 m,Matched,16544.18,9322,0.436539013,11.43857296,5775.83,0.139240506
2025-03-01,Zepto,West,BEC-BW-001,215,215,47300,5508.83,2808.95,7,7,Compostable Cling Wrap,Bake & Wrap,Wrap,220,118,N,30 m,Matched,41791.17,25370,0.392933962,14.87786183,13612.22,0.03255814
2024-09-01,Flipkart,North,BEC-GB-002,120,120,21480,2177.42,1524.35,3,3,Garbage Bag Large 15s,Garbage Bags,Large,179,86,N,15 bags,Matched,19302.58,10320,0.465356445,12.66282678,7458.23,0.025
2024-02-01,Flipkart,North,BEC-CLN-002,220,220,40700,3818,11936.38,9,9,Dishwash Liquid 750ml,Cleaners,Dishwash,185,88,N,750 ml,Matched,36882,19360,0.475082696,3.089881522,5585.62,0.040909091
2025-06-01,Swiggy Instamart,West,BEC-CLN-004,265,265,26235,2103.54,5264.29,12,12,Handwash 250ml,Cleaners,Handwash,99,44,N,250 ml,Matched,24131.46,11660,0.516813322,4.583991383,7207.17,0.045283019
2024-06-01,Swiggy Instamart,South,BEC-OTH-001,40,40,5960,655.15,541.1,1,1,Bamboo Wet Wipes 72s,Others,Wipes,149,72,N,72 wipes,Matched,5304.85,2880,0.457100578,9.803825541,1883.75,0.025
2024-01-01,Zepto,North,BEC-KT-002,236,236,99120,15919.54,5066.56,5,5,Kitchen Towel 6-roll,Kitchen Towel,Towel,420,205,N,6 rolls,Matched,83200.46,48380,0.41851283,16.42148914,29753.9,0.021186441
2024-05-01,Zepto,South,BEC-CLN-004,289,289,28611,3613.31,4838.37,8,8,Handwash 250ml,Cleaners,Handwash,99,44,N,250 ml,Matched,24997.69,12716,0.491312997,5.166551959,7443.32,0.027681661
2024-08-01,D2C,North,BEC-TIS-001,128,128,12160,1074.78,1320.19,17,17,Bamboo Facial Tissue 100s,Tissues,Facial,95,42,N,100 pulls,Matched,11085.22,5376,0.515029923,8.396685326,4389.03,0.1328125
2024-08-01,Blinkit,South,BEC-CLN-003,160,160,47840,10965.51,11634.64,5,5,Laundry Liquid 1L,Cleaners,Laundry,299,150,N,1 L,Matched,36874.49,24000,0.349143541,3.169370947,1239.85,0.03125
2025-03-01,D2C,North,BEC-BW-001,101,101,22220,1548.78,1253.09,10,10,Compostable Cling Wrap,Bake & Wrap,Wrap,220,118,N,30 m,Matched,20671.22,11918,0.423449608,16.4961974,7500.13,0.099009901
2024-04-01,Zepto,North,BEC-CLN-002,352,352,65120,5351.02,10972.45,13,13,Dishwash Liquid 750ml,Cleaners,Dishwash,185,88,N,750 ml,Matched,59768.98,30976,0.481737851,5.447186362,17820.53,0.036931818
2025-01-01,Swiggy Instamart,South,BEC-CLN-001,124,124,24676,6863.32,3928.28,6,6,Floor Cleaner 1L,Cleaners,Floor Cleaner,199,96,N,1 L,Matched,17812.68,11904,0.331712016,4.534473103,1980.4,0.048387097
2024-05-01,Amazon,West,BEC-BW-002,193,193,33775,8218.63,1328.86,7,7,Parchment Paper Roll,Bake & Wrap,Bake,175,92,N,20 m,Matched,25556.37,17756,0.305222142,19.23180019,6471.51,0.03626943
2024-02-01,Flipkart,North,BEC-TIS-001,237,237,22515,6735.55,1026.94,6,6,Bamboo Facial Tissue 100s,Tissues,Facial,95,42,N,100 pulls,Matched,15779.45,9954,0.369179534,15.36550334,4798.51,0.025316456
2024-04-01,Blinkit,South,BEC-BW-001,92,92,20240,1722.81,2640.04,1,1,Compostable Cling Wrap,Bake & Wrap,Wrap,220,118,N,30 m,Matched,18517.19,10856,0.413733941,7.013980849,5021.15,0.010869565
2024-04-01,Amazon,North,BEC-TIS-001,520,520,49400,8292.13,2869.15,22,22,Bamboo Facial Tissue 100s,Tissues,Facial,95,42,N,100 pulls,Matched,41107.87,21840,0.468714871,14.327543,16398.72,0.042307692
2024-10-01,Zepto,South,BEC-BW-002,84,84,14700,1554.07,1970.85,3,3,Parchment Paper Roll,Bake & Wrap,Bake,175,92,N,20 m,Matched,13145.93,7728,0.412137445,6.670182916,3447.08,0.035714286
2025-06-01,Swiggy Instamart,North,BEC-CMB-001,32,32,22368,2205.4,1124.58,1,1,Home Cleaning Combo,Others,Combo,699,330,Y,4 items,Matched,20162.6,10560,0.476258022,17.92900461,8478.02,0.03125
2025-02-01,Flipkart,West,BEC-CLN-004,465,465,46035,2849.36,12253.03,10,10,Handwash 250ml,Cleaners,Handwash,99,44,N,250 ml,Matched,43185.64,20460,0.526231405,3.524486596,10472.61,0.021505376
2024-08-01,D2C,West,BEC-BW-002,110,110,19250,2672.84,1435.08,14,14,Parchment Paper Roll,Bake & Wrap,Bake,175,92,N,20 m,Matched,16577.16,10120,0.389521486,11.55138389,5022.08,0.127272727
2024-02-01,Swiggy Instamart,North,BEC-GB-001,140,140,20860,3239.6,1477.77,5,5,Garbage Bag Medium 30s,Garbage Bags,Medium,149,70,N,30 bags,Matched,17620.4,9800,0.443826474,11.9236417,6342.63,0.035714286
2024-07-01,Swiggy Instamart,West,BEC-CMB-001,25,25,17475,2702.26,1102.79,1,1,Home Cleaning Combo,Others,Combo,699,330,Y,4 items,Matched,14772.74,8250,0.441538943,13.39578705,5419.95,0.04
2024-01-01,Amazon,South,BEC-KT-002,274,274,115080,30196.64,9982.06,15,15,Kitchen Towel 6-roll,Kitchen Towel,Towel,420,205,N,6 rolls,Matched,84883.36,56170,0.338268419,8.503591443,18731.3,0.054744526
2024-02-01,D2C,West,BEC-TIS-001,279,279,26505,1781.79,2830.53,39,39,Bamboo Facial Tissue 100s,Tissues,Facial,95,42,N,100 pulls,Matched,24723.21,11718,0.526032421,8.734480822,10174.68,0.139784946
2025-04-01,Swiggy Instamart,West,BEC-CLN-004,395,395,39105,7809.16,10502.11,18,18,Handwash 250ml,Cleaners,Handwash,99,44,N,250 ml,Matched,31295.84,17380,0.444654625,2.979957361,3413.73,0.04556962
2024-06-01,D2C,West,BEC-TIS-001,152,152,14440,1316.26,1125.48,16,16,Bamboo Facial Tissue 100s,Tissues,Facial,95,42,N,100 pulls,Matched,13123.74,6384,0.513553301,11.66057149,5614.26,0.105263158
2024-08-01,Swiggy Instamart,West,BEC-BW-001,98,98,21560,2427.08,2244.3,2,2,Compostable Cling Wrap,Bake & Wrap,Wrap,220,118,N,30 m,Matched,19132.92,11564,0.395596699,8.525116963,5324.62,0.020408163
2024-07-01,Flipkart,North,BEC-BW-001,68,68,14960,753.48,877.84,3,3,Compostable Cling Wrap,Bake & Wrap,Wrap,220,118,N,30 m,Matched,14206.52,8024,0.435188913,16.18349585,5304.68,0.044117647
2024-12-01,Zepto,North,BEC-BW-001,88,88,19360,4101.99,1191.7,5,5,Compostable Cling Wrap,Bake & Wrap,Wrap,220,118,N,30 m,Matched,15258.01,10384,0.319439429,12.80356633,3682.31,0.056818182
2025-02-01,Flipkart,North,BEC-CLN-001,325,325,64675,11889.92,14202.56,14,14,Floor Cleaner 1L,Cleaners,Floor Cleaner,199,96,N,1 L,Matched,52785.08,31200,0.408923885,3.716589122,7382.52,0.043076923
2024-03-01,D2C,North,BEC-CLN-004,300,300,29700,1499.15,7916.6,44,44,Handwash 250ml,Cleaners,Handwash,99,44,N,250 ml,Matched,28200.85,13200,0.531929002,3.562242629,7084.25,0.146666667
2024-09-01,Swiggy Instamart,West,BEC-CLN-004,160,160,15840,4721.77,2284.85,7,7,Handwash 250ml,Cleaners,Handwash,99,44,N,250 ml,Matched,11118.23,7040,0.366805688,4.866065606,1793.38,0.04375
2025-01-01,D2C,South,BEC-CLN-004,209,209,20691,2532.45,4822.45,27,27,Handwash 250ml,Cleaners,Handwash,99,44,N,250 ml,Matched,18158.55,9196,0.493571899,3.765420067,4140.1,0.129186603
2025-06-01,D2C,South,BEC-GB-001,98,98,14602,1410.69,955.84,13,13,Garbage Bag Medium 30s,Garbage Bags,Medium,149,70,N,30 bags,Matched,13191.31,6860,0.479960671,13.80075117,5375.47,0.132653061
2024-07-01,Zepto,North,BEC-KT-001,188,188,30080,7874.59,2087.97,7,7,Kitchen Towel 2-roll,Kitchen Towel,Towel,160,78,N,2 rolls,Matched,22205.41,14664,0.33962039,10.6349277,5453.44,0.037234043
2025-03-01,Blinkit,North,BEC-TIS-002,412,412,74160,21138.57,7459.88,12,12,Bamboo Toilet Roll 4-pack,Tissues,Toilet Roll,180,95,N,4 rolls,Matched,53021.43,39140,0.261807914,7.107544625,6421.55,0.029126214
2024-08-01,Zepto,West,BEC-BW-002,107,107,18725,5524.27,771.08,3,3,Parchment Paper Roll,Bake & Wrap,Bake,175,92,N,20 m,Matched,13200.73,9844,0.254283665,17.11979302,2585.65,0.028037383
2025-06-01,Amazon,North,BEC-TIS-001,333,333,31635,7083.97,2628.2,15,15,Bamboo Facial Tissue 100s,Tissues,Facial,95,42,N,100 pulls,Matched,24551.03,13986,0.4303294,9.341385739,7936.83,0.045045045
2025-01-01,Flipkart,South,BEC-GB-001,164,164,24436,4344.26,2828.42,3,3,Garbage Bag Medium 30s,Garbage Bags,Medium,149,70,N,30 bags,Matched,20091.74,11480,0.428620916,7.103520694,5783.32,0.018292683
2024-11-01,Zepto,North,BEC-CMB-001,35,35,24465,3567.92,2826.38,1,1,Home Cleaning Combo,Others,Combo,699,330,Y,4 items,Matched,20897.08,11550,0.4472912,7.393584727,6520.7,0.028571429
2024-12-01,Zepto,West,BEC-TIS-002,354,354,63720,3686.29,6332.23,11,11,Bamboo Toilet Roll 4-pack,Tissues,Toilet Roll,180,95,N,4 rolls,Matched,60033.71,33630,0.439814731,9.480658473,20071.48,0.031073446
2024-07-01,Swiggy Instamart,South,BEC-GB-001,115,115,17135,1845.47,844.7,2,2,Garbage Bag Medium 30s,Garbage Bags,Medium,149,70,N,30 bags,Matched,15289.53,8050,0.473495915,18.10054457,6394.83,0.017391304
2025-01-01,Zepto,West,BEC-TIS-002,447,447,80460,13012.39,9886.16,20,20,Bamboo Toilet Roll 4-pack,Tissues,Toilet Roll,180,95,N,4 rolls,Matched,67447.61,42465,0.370400226,6.822427515,15096.45,0.044742729
2024-07-01,Amazon,South,BEC-TIS-001,308,308,29260,4799.54,3627.59,7,7,Bamboo Facial Tissue 100s,Tissues,Facial,95,42,N,100 pulls,Matched,24460.46,12936,0.471146495,6.742895421,7896.87,0.022727273
2025-01-01,Zepto,West,BEC-TIS-001,260,260,24700,3567.38,3120.61,14,14,Bamboo Facial Tissue 100s,Tissues,Facial,95,42,N,100 pulls,Matched,21132.62,10920,0.483263315,6.771951638,7092.01,0.053846154
2025-05-01,Swiggy Instamart,West,BEC-CLN-003,296,296,88504,16966.2,14209.04,10,10,Laundry Liquid 1L,Cleaners,Laundry,299,150,N,1 L,Matched,71537.8,44400,0.379349099,5.03466807,12928.76,0.033783784
2025-02-01,Swiggy Instamart,South,BEC-CLN-004,142,142,14058,3611.42,3398.31,8,8,Handwash 250ml,Cleaners,Handwash,99,44,N,250 ml,Matched,10446.58,6248,0.401909524,3.074051514,800.27,0.056338028
2025-06-01,Blinkit,South,BEC-KT-001,171,171,27360,6462.33,3018.88,7,7,Kitchen Towel 2-roll,Kitchen Towel,Towel,160,78,N,2 rolls,Matched,20897.67,13338,0.361747027,6.922325498,4540.79,0.040935673
2024-05-01,Swiggy Instamart,West,BEC-CMB-001,24,24,16776,2144.51,912.01,0,0,Home Cleaning Combo,Others,Combo,699,330,Y,4 items,Matched,14631.49,7920,0.458701745,16.04312453,5799.48,0
2024-08-01,Zepto,West,BEC-KT-002,201,201,84420,12656.99,6794.72,6,6,Kitchen Towel 6-roll,Kitchen Towel,Towel,420,205,N,6 rolls,Matched,71763.01,41205,0.425818399,10.56158458,23763.29,0.029850746
2025-03-01,Amazon,West,BEC-BW-002,268,268,46900,2521.28,4707.06,9,9,Parchment Paper Roll,Bake & Wrap,Bake,175,92,N,20 m,Matched,44378.72,24656,0.444418406,9.428118613,15015.66,0.03358209
2024-06-01,Swiggy Instamart,West,BEC-CLN-003,306,306,91494,6852.82,19981.97,17,17,Laundry Liquid 1L,Cleaners,Laundry,299,150,N,1 L,Matched,84641.18,45900,0.457710774,4.235877644,18759.21,0.055555556
2024-06-01,Swiggy Instamart,West,BEC-GB-002,170,170,30430,8891.73,1621.95,8,8,Garbage Bag Large 15s,Garbage Bags,Large,179,86,N,15 bags,Matched,21538.27,14620,0.321208249,13.27924412,5296.32,0.047058824
2024-11-01,Flipkart,West,BEC-CLN-003,266,266,79534,4174.94,19158.74,5,5,Laundry Liquid 1L,Cleaners,Laundry,299,150,N,1 L,Matched,75359.06,39900,0.470534797,3.933403762,16300.32,0.018796992
2024-08-01,Swiggy Instamart,North,BEC-CLN-001,117,117,23283,3923.67,3944.07,2,2,Floor Cleaner 1L,Cleaners,Floor Cleaner,199,96,N,1 L,Matched,19359.33,11232,0.419814632,4.908465113,4183.26,0.017094017
2024-02-01,Swiggy Instamart,South,BEC-BW-001,69,69,15180,803.2,1086.33,2,2,Compostable Cling Wrap,Bake & Wrap,Wrap,220,118,N,30 m,Matched,14376.8,8142,0.433670914,13.23428424,5148.47,0.028985507
2025-05-01,Blinkit,South,BEC-BW-001,98,98,21560,2451.85,1590.65,3,3,Compostable Cling Wrap,Bake & Wrap,Wrap,220,118,N,30 m,Matched,19108.15,11564,0.394813208,12.01279351,5953.5,0.030612245
2024-08-01,Swiggy Instamart,North,BEC-CMB-001,20,20,13980,2769.85,1148.38,0,0,Home Cleaning Combo,Others,Combo,699,330,Y,4 items,Matched,11210.15,6600,0.411247842,9.761707797,3461.77,0
2024-09-01,Amazon,South,BEC-GB-002,213,213,38127,4760.54,4708.29,11,11,Garbage Bag Large 15s,Garbage Bags,Large,179,86,N,15 bags,Matched,33366.46,18318,0.451005591,7.086746993,10340.17,0.051643192
2024-08-01,Blinkit,West,BEC-CLN-004,346,346,34254,9109.39,5667.11,20,20,Handwash 250ml,Cleaners,Handwash,99,44,N,250 ml,Matched,25144.61,15224,0.39454221,4.436936993,4253.5,0.057803468
2025-06-01,Flipkart,South,BEC-CLN-004,224,224,22176,3649.29,5108.73,6,6,Handwash 250ml,Cleaners,Handwash,99,44,N,250 ml,Matched,18526.71,9856,0.46801132,3.626480554,3561.98,0.026785714
2024-12-01,Blinkit,South,BEC-CLN-003,283,283,84617,14033.22,23989.79,14,14,Laundry Liquid 1L,Cleaners,Laundry,299,150,N,1 L,Matched,70583.78,42450,0.398587041,2.942242512,4143.99,0.049469965
2024-01-01,Swiggy Instamart,West,BEC-KT-001,128,128,20480,4832.66,2260.57,6,6,Kitchen Towel 2-roll,Kitchen Towel,Towel,160,78,N,2 rolls,Matched,15647.34,9984,0.361936278,6.921855992,3402.77,0.046875
2024-03-01,Zepto,South,BEC-CLN-002,197,197,36445,9818.29,8818.01,7,7,Dishwash Liquid 750ml,Cleaners,Dishwash,185,88,N,750 ml,Matched,26626.71,17336,0.348924445,3.01958265,472.7,0.035532995
2024-05-01,Blinkit,West,BEC-CLN-003,511,511,152789,15763.9,37997.65,22,22,Laundry Liquid 1L,Cleaners,Laundry,299,150,N,1 L,Matched,137025.1,76650,0.440613435,3.606146696,22377.45,0.043052838
2024-07-01,Zepto,South,BEC-CLN-003,242,242,72358,12481.89,17512.74,5,5,Laundry Liquid 1L,Cleaners,Laundry,299,150,N,1 L,Matched,59876.11,36300,0.393748191,3.419002966,6063.37,0.020661157
2024-10-01,Flipkart,North,BEC-GB-001,154,154,22946,5700.46,1591.9,5,5,Garbage Bag Medium 30s,Garbage Bags,Medium,149,70,N,30 bags,Matched,17245.54,10780,0.374910847,10.83330611,4873.64,0.032467532
2024-03-01,Zepto,North,BEC-TIS-002,227,227,40860,5867.58,5089.72,7,7,Bamboo Toilet Roll 4-pack,Tissues,Toilet Roll,180,95,N,4 rolls,Matched,34992.42,21565,0.383723675,6.875116902,8337.7,0.030837004
2025-04-01,Swiggy Instamart,West,BEC-CLN-001,389,389,77411,17455.97,16907.26,16,16,Floor Cleaner 1L,Cleaners,Floor Cleaner,199,96,N,1 L,Matched,59955.03,37344,0.377133161,3.546111552,5703.77,0.041131105
2024-10-01,Flipkart,North,BEC-CMB-001,31,31,21669,1456.52,2732.24,1,1,Home Cleaning Combo,Others,Combo,699,330,Y,4 items,Matched,20212.48,10230,0.49387705,7.397768864,7250.24,0.032258065
2025-05-01,Amazon,South,BEC-BW-001,161,161,35420,2846.9,3485.55,8,8,Compostable Cling Wrap,Bake & Wrap,Wrap,220,118,N,30 m,Matched,32573.1,18998,0.416758,9.345182252,10089.55,0.049689441
2024-04-01,Flipkart,West,BEC-GB-002,251,251,44929,4215.03,2497.23,12,12,Garbage Bag Large 15s,Garbage Bags,Large,179,86,N,15 bags,Matched,40713.97,21586,0.469813433,16.30365245,16630.74,0.047808765
2025-05-01,Blinkit,North,BEC-KT-002,294,294,123480,12583.86,6448.61,17,17,Kitchen Towel 6-roll,Kitchen Towel,Towel,420,205,N,6 rolls,Matched,110896.14,60270,0.456518505,17.196906,44177.53,0.057823129
2024-03-01,D2C,West,BEC-BW-002,143,143,25025,3179.18,1169.44,15,15,Parchment Paper Roll,Bake & Wrap,Bake,175,92,N,20 m,Matched,21845.82,13156,0.397779529,18.68058216,7520.38,0.104895105
2025-02-01,Zepto,West,BEC-BW-002,166,166,29050,8606.8,1632.36,5,5,Parchment Paper Roll,Bake & Wrap,Bake,175,92,N,20 m,Matched,20443.2,15272,0.252954528,12.52370801,3538.84,0.030120482
2025-06-01,Flipkart,South,BEC-GB-001,129,129,19221,1940.43,903.53,5,5,Garbage Bag Medium 30s,Garbage Bags,Medium,149,70,N,30 bags,Matched,17280.57,9030,0.477447793,19.12561841,7347.04,0.03875969
2025-06-01,Zepto,South,BEC-CLN-002,308,308,56980,16950.43,12403.99,13,13,Dishwash Liquid 750ml,Cleaners,Dishwash,185,88,N,750 ml,Matched,40029.57,27104,0.322900546,3.227152715,521.58,0.042207792
2024-07-01,Amazon,South,BEC-BW-001,153,153,33660,9231.95,3295.53,5,5,Compostable Cling Wrap,Bake & Wrap,Wrap,220,118,N,30 m,Matched,24428.05,18054,0.260931593,7.412479935,3078.52,0.032679739
2024-09-01,Amazon,North,BEC-KT-002,292,292,122640,21143.2,9677.67,13,13,Kitchen Towel 6-roll,Kitchen Towel,Towel,420,205,N,6 rolls,Matched,101496.8,59860,0.410227712,10.48773103,31959.13,0.044520548
2024-06-01,Zepto,North,BEC-CMB-001,40,40,27960,7231.1,2906.61,1,1,Home Cleaning Combo,Others,Combo,699,330,Y,4 items,Matched,20728.9,13200,0.363207889,7.131641328,4622.29,0.025
2024-12-01,Amazon,West,BEC-KT-001,409,409,65440,9710.98,8177.02,13,13,Kitchen Towel 2-roll,Kitchen Towel,Towel,160,78,N,2 rolls,Matched,55729.02,31902,0.427551391,6.815321474,15650,0.031784841
2025-03-01,Blinkit,North,BEC-KT-001,327,327,52320,12679.47,2498.78,16,16,Kitchen Towel 2-roll,Kitchen Towel,Towel,160,78,N,2 rolls,Matched,39640.53,25506,0.356567634,15.86395361,11635.75,0.048929664
2024-09-01,D2C,North,BEC-CLN-003,187,187,55913,4030.54,12769.06,24,24,Laundry Liquid 1L,Cleaners,Laundry,299,150,N,1 L,Matched,51882.46,28050,0.459354857,4.063138555,11063.4,0.128342246
2024-09-01,D2C,South,BEC-GB-002,78,78,13962,1969.82,1700.79,13,13,Garbage Bag Large 15s,Garbage Bags,Large,179,86,N,15 bags,Matched,11992.18,6708,0.440635481,7.050946913,3583.39,0.166666667
2024-07-01,Swiggy Instamart,South,BEC-CLN-001,130,130,25870,3153.49,4192.23,6,6,Floor Cleaner 1L,Cleaners,Floor Cleaner,199,96,N,1 L,Matched,22716.51,12480,0.450619836,5.418717484,6044.28,0.046153846
2024-01-01,D2C,South,BEC-CLN-001,132,132,26268,0,4274.25,20,20,Floor Cleaner 1L,Cleaners,Floor Cleaner,199,96,N,1 L,Matched,26268,12672,0.51758794,6.145639586,9321.75,0.151515152
2024-07-01,D2C,South,BEC-CLN-001,185,185,36815,3026.56,9241.56,19,19,Floor Cleaner 1L,Cleaners,Floor Cleaner,199,96,N,1 L,Matched,33788.44,17760,0.474376444,3.656140305,6786.88,0.102702703
2024-05-01,Zepto,South,BEC-TIS-001,194,194,18430,4362.48,836.56,9,9,Bamboo Facial Tissue 100s,Tissues,Facial,95,42,N,100 pulls,Matched,14067.52,8148,0.420793431,16.81591279,5082.96,0.046391753
2025-05-01,Blinkit,West,BEC-CLN-002,491,491,90835,15582.69,17118.81,19,19,Dishwash Liquid 750ml,Cleaners,Dishwash,185,88,N,750 ml,Matched,75252.31,43208,0.425824935,4.39588441,14925.5,0.038696538
2025-05-01,Flipkart,West,BEC-TIS-002,367,367,66060,15298.23,7496.69,19,19,Bamboo Toilet Roll 4-pack,Tissues,Toilet Roll,180,95,N,4 rolls,Matched,50761.77,34865,0.313164218,6.771224367,8400.08,0.051771117
2024-09-01,Flipkart,North,BEC-CLN-001,230,230,45770,2349.12,11050.59,5,5,Floor Cleaner 1L,Cleaners,Floor Cleaner,199,96,N,1 L,Matched,43420.88,22080,0.491488887,3.929281604,10290.29,0.02173913
2024-08-01,Amazon,West,BEC-OTH-001,144,144,21456,5891.09,1850.8,3,3,Bamboo Wet Wipes 72s,Others,Wipes,149,72,N,72 wipes,Matched,15564.91,10368,0.333886287,8.409828182,3346.11,0.020833333
2025-06-01,Blinkit,North,BEC-TIS-001,330,330,31350,3692.82,3503.89,11,11,Bamboo Facial Tissue 100s,Tissues,Facial,95,42,N,100 pulls,Matched,27657.18,13860,0.498864309,7.893278613,10293.29,0.033333333
2024-04-01,Flipkart,West,BEC-BW-001,101,101,22220,4818.71,1197.34,3,3,Compostable Cling Wrap,Bake & Wrap,Wrap,220,118,N,30 m,Matched,17401.29,11918,0.315108248,14.53329046,4285.95,0.02970297
2025-01-01,Flipkart,West,BEC-BW-001,96,96,21120,3712.66,1928.09,2,2,Compostable Cling Wrap,Bake & Wrap,Wrap,220,118,N,30 m,Matched,17407.34,11328,0.349240033,9.028281875,4151.25,0.020833333
2024-02-01,Swiggy Instamart,North,BEC-KT-001,116,116,18560,3485.26,1310.41,6,6,Kitchen Towel 2-roll,Kitchen Towel,Towel,160,78,N,2 rolls,Matched,15074.74,9048,0.399790643,11.50383468,4716.33,0.051724138
2024-08-01,Flipkart,West,BEC-CLN-004,206,206,20394,3687.04,4844.06,6,6,Handwash 250ml,Cleaners,Handwash,99,44,N,250 ml,Matched,16706.96,9064,0.457471617,3.448958105,2798.9,0.029126214
2024-10-01,Flipkart,West,BEC-KT-002,139,139,58380,8035.38,6577.61,5,5,Kitchen Towel 6-roll,Kitchen Towel,Towel,420,205,N,6 rolls,Matched,50344.62,28495,0.434001091,7.653938133,15272.01,0.035971223
2024-10-01,Flipkart,North,BEC-CLN-003,174,174,52026,6599.3,11052.42,8,8,Laundry Liquid 1L,Cleaners,Laundry,299,150,N,1 L,Matched,45426.7,26100,0.425448029,4.110113441,8274.28,0.045977011
2025-05-01,Swiggy Instamart,South,BEC-BW-001,71,71,15620,3727.2,1640.01,3,3,Compostable Cling Wrap,Bake & Wrap,Wrap,220,118,N,30 m,Matched,11892.8,8378,0.295540159,7.2516631,1874.79,0.042253521
2025-02-01,Zepto,North,BEC-TIS-002,308,308,55440,6865.64,3161.35,10,10,Bamboo Toilet Roll 4-pack,Tissues,Toilet Roll,180,95,N,4 rolls,Matched,48574.36,29260,0.39762459,15.36506872,16153.01,0.032467532
2025-03-01,Swiggy Instamart,South,BEC-OTH-001,74,74,11026,3017.87,832.98,3,3,Bamboo Wet Wipes 72s,Others,Wipes,149,72,N,72 wipes,Matched,8008.13,5328,0.334676135,9.613832265,1847.15,0.040540541
2024-07-01,Swiggy Instamart,South,BEC-CLN-002,127,127,23495,5345.45,4018.37,4,4,Dishwash Liquid 750ml,Cleaners,Dishwash,185,88,N,750 ml,Matched,18149.55,11176,0.384227157,4.516644809,2955.18,0.031496063
2024-11-01,Flipkart,West,BEC-KT-002,158,158,66360,8337.83,7564.67,8,8,Kitchen Towel 6-roll,Kitchen Towel,Towel,420,205,N,6 rolls,Matched,58022.17,32390,0.441765105,7.670152168,18067.5,0.050632911
2024-12-01,Swiggy Instamart,West,BEC-CLN-004,209,209,20691,3394.99,4814.18,9,9,Handwash 250ml,Cleaners,Handwash,99,44,N,250 ml,Matched,17296.01,9196,0.468316681,3.592721917,3285.83,0.043062201
2024-08-01,D2C,West,BEC-CLN-004,215,215,21285,3115.24,5366.85,27,27,Handwash 250ml,Cleaners,Handwash,99,44,N,250 ml,Matched,18169.76,9460,0.479354708,3.38555391,3342.91,0.125581395
2024-12-01,D2C,North,BEC-GB-002,145,145,25955,1921.99,3344.21,19,19,Garbage Bag Large 15s,Garbage Bags,Large,179,86,N,15 bags,Matched,24033.01,12470,0.481130329,7.186453602,8218.8,0.131034483
2024-11-01,Swiggy Instamart,West,BEC-TIS-002,213,213,38340,10974.87,2409.57,7,7,Bamboo Toilet Roll 4-pack,Tissues,Toilet Roll,180,95,N,4 rolls,Matched,27365.13,20235,0.260555313,11.35685205,4720.56,0.03286385
2024-10-01,Amazon,West,BEC-CMB-001,64,64,44736,5569.03,3906.23,1,1,Home Cleaning Combo,Others,Combo,699,330,Y,4 items,Matched,39166.97,21120,0.460770134,10.02679566,14140.74,0.015625
2024-07-01,D2C,West,BEC-OTH-001,77,77,11473,1631.21,661.31,8,8,Bamboo Wet Wipes 72s,Others,Wipes,149,72,N,72 wipes,Matched,9841.79,5544,0.436687838,14.88226399,3636.48,0.103896104
2025-01-01,Blinkit,West,BEC-KT-002,398,398,167160,12646.73,20326.26,18,18,Kitchen Towel 6-roll,Kitchen Towel,Towel,420,205,N,6 rolls,Matched,154513.27,81590,0.471954739,7.601657659,52597.01,0.045226131
2025-02-01,Flipkart,North,BEC-CMB-001,25,25,17475,5214.6,1350.11,1,1,Home Cleaning Combo,Others,Combo,699,330,Y,4 items,Matched,12260.4,8250,0.327101889,9.081037841,2660.29,0.04
2024-07-01,Blinkit,West,BEC-KT-001,201,201,32160,8840.99,2970.51,7,7,Kitchen Towel 2-roll,Kitchen Towel,Towel,160,78,N,2 rolls,Matched,23319.01,15678,0.327673002,7.850170509,4670.5,0.034825871
2025-01-01,Amazon,West,BEC-GB-002,500,500,89500,4781.36,4270.68,26,26,Garbage Bag Large 15s,Garbage Bags,Large,179,86,N,15 bags,Matched,84718.64,43000,0.492437556,19.83727182,37447.96,0.052
2024-04-01,Swiggy Instamart,North,BEC-KT-001,141,141,22560,1728.63,2316.15,3,3,Kitchen Towel 2-roll,Kitchen Towel,Towel,160,78,N,2 rolls,Matched,20831.37,10998,0.472046246,8.993964121,7517.22,0.021276596
2024-10-01,Zepto,South,BEC-BW-001,86,86,18920,3309.23,2020.42,4,4,Compostable Cling Wrap,Bake & Wrap,Wrap,220,118,N,30 m,Matched,15610.77,10148,0.349935974,7.726497461,3442.35,0.046511628
2024-07-01,Amazon,North,BEC-KT-002,259,259,108780,23277.35,8521.41,9,9,Kitchen Towel 6-roll,Kitchen Towel,Towel,420,205,N,6 rolls,Matched,85502.65,53095,0.379025095,10.03386177,23886.24,0.034749035
2024-06-01,Blinkit,West,BEC-GB-002,303,303,54237,13928.79,2367.88,16,16,Garbage Bag Large 15s,Garbage Bags,Large,179,86,N,15 bags,Matched,40308.21,26058,0.353531204,17.02291079,11882.33,0.052805281
2025-04-01,Amazon,South,BEC-CLN-001,359,359,71441,14479.47,17150.09,15,15,Floor Cleaner 1L,Cleaners,Floor Cleaner,199,96,N,1 L,Matched,56961.53,34464,0.394960072,3.321354582,5347.44,0.04178273
2025-02-01,Swiggy Instamart,South,BEC-CLN-002,204,204,37740,8244.27,8919.83,9,9,Dishwash Liquid 750ml,Cleaners,Dishwash,185,88,N,750 ml,Matched,29495.73,17952,0.39136953,3.30675921,2623.9,0.044117647
2024-11-01,Amazon,West,BEC-KT-001,396,396,63360,5742.55,3836.41,15,15,Kitchen Towel 2-roll,Kitchen Towel,Towel,160,78,N,2 rolls,Matched,57617.45,30888,0.463912408,15.01858508,22893.04,0.037878788
2024-04-01,Flipkart,North,BEC-CLN-001,213,213,42387,8062.55,8464.31,4,4,Floor Cleaner 1L,Cleaners,Floor Cleaner,199,96,N,1 L,Matched,34324.45,20448,0.404273047,4.055197648,5412.14,0.018779343
2024-07-01,Amazon,West,BEC-TIS-001,558,558,53010,6230.07,2560.88,31,31,Bamboo Facial Tissue 100s,Tissues,Facial,95,42,N,100 pulls,Matched,46779.93,23436,0.499015924,18.26713083,20783.05,0.055555556
2024-07-01,Blinkit,North,BEC-CLN-001,269,269,53531,3200.76,12574.5,13,13,Floor Cleaner 1L,Cleaners,Floor Cleaner,199,96,N,1 L,Matched,50330.24,25824,0.486908864,4.002563919,11931.74,0.048327138
2025-03-01,Flipkart,South,BEC-BW-001,95,95,20900,2407.64,2739.89,4,4,Compostable Cling Wrap,Bake & Wrap,Wrap,220,118,N,30 m,Matched,18492.36,11210,0.393803711,6.749307454,4542.47,0.042105263
2024-03-01,Flipkart,West,BEC-OTH-001,129,129,19221,4182.13,1549.04,6,6,Bamboo Wet Wipes 72s,Others,Wipes,149,72,N,72 wipes,Matched,15038.87,9288,0.382400406,9.708509787,4201.83,0.046511628
2024-01-01,D2C,South,BEC-BW-002,62,62,10850,1596.22,907.24,7,7,Parchment Paper Roll,Bake & Wrap,Bake,175,92,N,20 m,Matched,9253.78,5704,0.383603241,10.19992505,2642.54,0.112903226
2024-09-01,Amazon,West,BEC-KT-001,358,358,57280,10741.62,3823.2,8,8,Kitchen Towel 2-roll,Kitchen Towel,Towel,160,78,N,2 rolls,Matched,46538.38,27924,0.399979114,12.17262503,14791.18,0.022346369
2024-11-01,Swiggy Instamart,West,BEC-KT-001,126,126,20160,3297.53,1944.3,4,4,Kitchen Towel 2-roll,Kitchen Towel,Towel,160,78,N,2 rolls,Matched,16862.47,9828,0.417167236,8.672771692,5090.17,0.031746032
2024-06-01,Blinkit,North,BEC-BW-001,120,120,26400,1866.21,2273.75,5,5,Compostable Cling Wrap,Bake & Wrap,Wrap,220,118,N,30 m,Matched,24533.79,14160,0.42283683,10.79001209,8100.04,0.041666667
2024-01-01,Amazon,West,BEC-KT-001,412,412,65920,7942.26,4303.18,13,13,Kitchen Towel 2-roll,Kitchen Towel,Towel,160,78,N,2 rolls,Matched,57977.74,32136,0.445718305,13.47323142,21538.56,0.031553398
2024-08-01,Blinkit,North,BEC-CLN-003,243,243,72657,14876.61,11022.9,13,13,Laundry Liquid 1L,Cleaners,Laundry,299,150,N,1 L,Matched,57780.39,36450,0.369163136,5.241850148,10307.49,0.053497942
2025-06-01,Swiggy Instamart,South,BEC-GB-002,147,147,26313,3147.05,1192.58,5,5,Garbage Bag Large 15s,Garbage Bags,Large,179,86,N,15 bags,Matched,23165.95,12642,0.454285276,19.42507002,9331.37,0.034013605
2024-03-01,D2C,North,BEC-TIS-002,177,177,31860,1955.39,2748.68,29,29,Bamboo Toilet Roll 4-pack,Tissues,Toilet Roll,180,95,N,4 rolls,Matched,29904.61,16815,0.437712112,10.87962586,10340.93,0.163841808
2024-02-01,D2C,North,BEC-GB-002,126,126,22554,1894.2,1276.63,13,13,Garbage Bag Large 15s,Garbage Bags,Large,179,86,N,15 bags,Matched,20659.8,10836,0.475503151,16.18307575,8547.17,0.103174603
2025-06-01,Swiggy Instamart,West,BEC-CMB-001,27,27,18873,5081.29,1775.74,1,1,Home Cleaning Combo,Others,Combo,699,330,Y,4 items,Matched,13791.71,8910,0.353959734,7.7667395,3105.97,0.037037037
2025-02-01,Blinkit,West,BEC-CMB-001,53,53,37047,8813.2,1635.91,1,1,Home Cleaning Combo,Others,Combo,699,330,Y,4 items,Matched,28233.8,17490,0.38052972,17.2587734,9107.89,0.018867925
2024-09-01,Blinkit,West,BEC-BW-002,138,138,24150,1909.77,2599.19,6,6,Parchment Paper Roll,Bake & Wrap,Bake,175,92,N,20 m,Matched,22240.23,12696,0.429142594,8.556600325,6945.04,0.043478261
2025-01-01,D2C,West,BEC-CLN-004,359,359,35541,4502.49,8832.88,60,60,Handwash 250ml,Cleaners,Handwash,99,44,N,250 ml,Matched,31038.51,15796,0.491083818,3.513973925,6409.63,0.167130919
2024-06-01,Amazon,South,BEC-CLN-003,313,313,93587,27933.13,12438.87,7,7,Laundry Liquid 1L,Cleaners,Laundry,299,150,N,1 L,Matched,65653.87,46950,0.284886024,5.278121726,6265,0.022364217
2024-07-01,Flipkart,West,BEC-BW-002,75,75,13125,3921.86,1185.42,3,3,Parchment Paper Roll,Bake & Wrap,Bake,175,92,N,20 m,Matched,9203.14,6900,0.250255891,7.76361121,1117.72,0.04
2025-06-01,Amazon,South,BEC-KT-001,195,195,31200,2870.61,3402.79,4,4,Kitchen Towel 2-roll,Kitchen Towel,Towel,160,78,N,2 rolls,Matched,28329.39,15210,0.463101747,8.325341852,9716.6,0.020512821
2025-05-01,Flipkart,South,BEC-CMB-001,22,22,15378,1168.97,1324.59,0,0,Home Cleaning Combo,Others,Combo,699,330,Y,4 items,Matched,14209.03,7260,0.489057311,10.72711556,5624.44,0
2025-03-01,Swiggy Instamart,North,BEC-TIS-002,158,158,28440,3363.11,2507.43,7,7,Bamboo Toilet Roll 4-pack,Tissues,Toilet Roll,180,95,N,4 rolls,Matched,25076.89,15010,0.401440928,10.00103293,7559.46,0.044303797
2024-08-01,D2C,West,BEC-GB-001,173,173,25777,2063.97,1706.2,22,22,Garbage Bag Medium 30s,Garbage Bags,Medium,149,70,N,30 bags,Matched,23713.03,12110,0.489310307,13.89815379,9896.83,0.12716763
2024-02-01,D2C,West,BEC-KT-001,134,134,21440,3143.4,2201.57,20,20,Kitchen Towel 2-roll,Kitchen Towel,Towel,160,78,N,2 rolls,Matched,18296.6,10452,0.428746324,8.310705542,5643.03,0.149253731
2024-07-01,Amazon,North,BEC-TIS-002,265,265,47700,3558.49,3983.64,12,12,Bamboo Toilet Roll 4-pack,Tissues,Toilet Roll,180,95,N,4 rolls,Matched,44141.51,25175,0.429675152,11.08069755,14982.87,0.045283019
2024-05-01,Swiggy Instamart,North,BEC-CLN-001,203,203,40397,9189.54,7527.15,8,8,Floor Cleaner 1L,Cleaners,Floor Cleaner,199,96,N,1 L,Matched,31207.46,19488,0.375533927,4.145986197,4192.31,0.039408867
2024-01-01,Flipkart,West,BEC-TIS-001,186,186,17670,2224.19,1390.86,10,10,Bamboo Facial Tissue 100s,Tissues,Facial,95,42,N,100 pulls,Matched,15445.81,7812,0.494231769,11.10522267,6242.95,0.053763441
2024-02-01,D2C,North,BEC-CLN-004,185,185,18315,1402.46,4187.24,24,24,Handwash 250ml,Cleaners,Handwash,99,44,N,250 ml,Matched,16912.54,8140,0.518700325,4.039066306,4585.3,0.12972973
2025-02-01,D2C,South,BEC-KT-002,97,97,40740,3544.85,2887.03,10,10,Kitchen Towel 6-roll,Kitchen Towel,Towel,420,205,N,6 rolls,Matched,37195.15,19885,0.465387288,12.88353429,14423.12,0.103092784
2024-11-01,Zepto,South,BEC-TIS-001,202,202,19190,4191.8,1787.53,9,9,Bamboo Facial Tissue 100s,Tissues,Facial,95,42,N,100 pulls,Matched,14998.2,8484,0.43433212,8.39046058,4726.67,0.044554455
2024-08-01,Zepto,South,BEC-CLN-099,189,189,34965,9954.96,7374.56,9,9,,,,,,,,Unmatched - Review,25010.04,,,3.391394198,,0.047619048
2024-01-01,Flipkart,North,BEC-KT-002,143,143,60060,14966.53,3086.73,5,5,Kitchen Towel 6-roll,Kitchen Towel,Towel,420,205,N,6 rolls,Matched,45093.47,29315,0.349905873,14.6088158,12691.74,0.034965035
2024-04-01,Flipkart,South,BEC-BW-001,97,97,21340,5816.59,1061.72,4,4,Compostable Cling Wrap,Bake & Wrap,Wrap,220,118,N,30 m,Matched,15523.41,11446,0.262662005,14.62100177,3015.69,0.041237113
2024-01-01,Swiggy Instamart,North,BEC-CLN-004,213,213,21087,2220.08,5910.74,9,9,Handwash 250ml,Cleaners,Handwash,99,44,N,250 ml,Matched,18866.92,9372,0.503257553,3.191972579,3584.18,0.042253521
2024-04-01,Flipkart,North,BEC-CLN-004,298,298,29502,2129.44,5045.73,11,11,Handwash 250ml,Cleaners,Handwash,99,44,N,250 ml,Matched,27372.56,13112,0.520980135,5.424895902,9214.83,0.036912752
2024-01-01,Flipkart,South,BEC-KT-002,90,90,37800,7595.05,2732.68,4,4,Kitchen Towel 6-roll,Kitchen Towel,Towel,420,205,N,6 rolls,Matched,30204.95,18450,0.389172967,11.05323346,9022.27,0.044444444
2025-05-01,D2C,South,BEC-BW-001,76,76,16720,584.74,1803.3,9,9,Compostable Cling Wrap,Bake & Wrap,Wrap,220,118,N,30 m,Matched,16135.26,8968,0.444198606,8.947629346,5363.96,0.118421053
2024-01-01,Swiggy Instamart,West,BEC-OTH-001,54,54,8046,918.66,557.78,2,2,Bamboo Wet Wipes 72s,Others,Wipes,149,72,N,72 wipes,Matched,7127.34,3888,0.454494945,12.77804869,2681.56,0.037037037
2024-02-01,Zepto,South,BEC-GB-002,147,147,26313,4176.74,2621.66,4,4,Garbage Bag Large 15s,Garbage Bags,Large,179,86,N,15 bags,Matched,22136.26,12642,0.428900817,8.443604434,6872.6,0.027210884
2025-01-01,Flipkart,West,BEC-CLN-004,334,334,33066,5856.03,6770.41,12,12,Handwash 250ml,Cleaners,Handwash,99,44,N,250 ml,Matched,27209.97,14696,0.459903851,4.018954539,5743.56,0.035928144
2024-09-01,Zepto,North,BEC-KT-002,159,159,66780,7796.85,7227.86,4,4,Kitchen Towel 6-roll,Kitchen Towel,Towel,420,205,N,6 rolls,Matched,58983.15,32595,0.44738455,8.160527459,19160.29,0.025157233
2024-09-01,D2C,North,BEC-OTH-001,67,67,9983,1206.91,1026.06,8,8,Bamboo Wet Wipes 72s,Others,Wipes,149,72,N,72 wipes,Matched,8776.09,4824,0.450324689,8.55319377,2926.03,0.119402985
2024-01-01,Amazon,North,BEC-KT-001,291,291,46560,2545.72,4137.89,7,7,Kitchen Towel 2-roll,Kitchen Towel,Towel,160,78,N,2 rolls,Matched,44014.28,22698,0.484303731,10.63688982,17178.39,0.024054983
2024-11-01,Zepto,North,BEC-CLN-001,330,330,65670,15765.29,10247.44,19,19,Floor Cleaner 1L,Cleaners,Floor Cleaner,199,96,N,1 L,Matched,49904.71,31680,0.365190179,4.869968499,7977.27,0.057575758
2024-08-01,Zepto,West,BEC-CLN-001,405,405,80595,4631.38,23888.59,18,18,Floor Cleaner 1L,Cleaners,Floor Cleaner,199,96,N,1 L,Matched,75963.62,38880,0.488176051,3.179912251,13195.03,0.044444444
2024-07-01,Zepto,South,BEC-CLN-001,231,231,45969,6939.55,7039.48,5,5,Floor Cleaner 1L,Cleaners,Floor Cleaner,199,96,N,1 L,Matched,39029.45,22176,0.431813669,5.544365493,9813.97,0.021645022
2025-05-01,D2C,North,BEC-OTH-001,58,58,8642,1120.45,1075.39,8,8,Bamboo Wet Wipes 72s,Others,Wipes,149,72,N,72 wipes,Matched,7521.55,4176,0.444795288,6.994253248,2270.16,0.137931034
2024-10-01,Zepto,West,BEC-BW-002,112,112,19600,1033.15,2044.57,2,2,Parchment Paper Roll,Bake & Wrap,Bake,175,92,N,20 m,Matched,18566.85,10304,0.44503241,9.081053718,6218.28,0.017857143
2024-01-01,Blinkit,South,BEC-BW-002,115,115,20125,3512.55,1784.64,3,3,Parchment Paper Roll,Bake & Wrap,Bake,175,92,N,20 m,Matched,16612.45,10580,0.363128256,9.308572037,4247.81,0.026086957
2025-05-01,Swiggy Instamart,West,BEC-BW-001,101,101,22220,4444.8,1423.62,2,2,Compostable Cling Wrap,Bake & Wrap,Wrap,220,118,N,30 m,Matched,17775.2,11918,0.32951528,12.48591619,4433.58,0.01980198
2025-04-01,Swiggy Instamart,West,BEC-GB-001,194,194,28906,7224.8,2615.92,4,4,Garbage Bag Medium 30s,Garbage Bags,Medium,149,70,N,30 bags,Matched,21681.2,13580,0.373650905,8.28817395,5485.28,0.020618557
2025-04-01,Zepto,West,BEC-GB-002,330,330,59070,17559.4,2745.72,11,11,Garbage Bag Large 15s,Garbage Bags,Large,179,86,N,15 bags,Matched,41510.6,28380,0.316319205,15.1182932,10384.88,0.033333333
2024-07-01,Amazon,West,BEC-CLN-002,694,694,128390,29979.05,24457.66,18,18,Dishwash Liquid 750ml,Cleaners,Dishwash,185,88,N,750 ml,Matched,98410.95,61072,0.379418652,4.023727127,12881.29,0.025936599
2025-05-01,D2C,West,BEC-KT-001,182,182,29120,679.2,1540.11,21,21,Kitchen Towel 2-roll,Kitchen Towel,Towel,160,78,N,2 rolls,Matched,28440.8,14196,0.500857922,18.4667329,12704.69,0.115384615
2024-11-01,Zepto,West,BEC-KT-001,244,244,39040,9307,1586.87,6,6,Kitchen Towel 2-roll,Kitchen Towel,Towel,160,78,N,2 rolls,Matched,29733,19032,0.359903138,18.73688456,9114.13,0.024590164
2024-11-01,Zepto,South,BEC-CLN-001,226,226,44974,10810.9,9601.22,4,4,Floor Cleaner 1L,Cleaners,Floor Cleaner,199,96,N,1 L,Matched,34163.1,21696,0.364928827,3.558204062,2865.88,0.017699115
2025-04-01,Zepto,North,BEC-BW-002,129,129,22575,4824.25,1316.89,7,7,Parchment Paper Roll,Bake & Wrap,Bake,175,92,N,20 m,Matched,17750.75,11868,0.331408532,13.47929592,4565.86,0.054263566
2024-09-01,Amazon,West,BEC-CLN-001,489,489,97311,13031.28,16781.43,15,15,Floor Cleaner 1L,Cleaners,Floor Cleaner,199,96,N,1 L,Matched,84279.72,46944,0.442997675,5.022201326,20554.29,0.030674847
2024-01-01,D2C,West,BEC-KT-002,139,139,58380,4907.52,6582.48,23,23,Kitchen Towel 6-roll,Kitchen Towel,Towel,420,205,N,6 rolls,Matched,53472.48,28495,0.467109062,8.12345499,18395,0.165467626
2025-03-01,Flipkart,North,BEC-KT-001,192,192,30720,6016.04,2207.36,6,6,Kitchen Towel 2-roll,Kitchen Towel,Towel,160,78,N,2 rolls,Matched,24703.96,14976,0.393781402,11.19163163,7520.6,0.03125
2024-12-01,Flipkart,North,BEC-GB-001,175,175,26075,7165.97,1722.14,9,9,Garbage Bag Medium 30s,Garbage Bags,Medium,149,70,N,30 bags,Matched,18909.03,12250,0.352161375,10.97996098,4936.89,0.051428571
2024-01-01,Swiggy Instamart,West,BEC-BW-002,71,71,12425,3081.3,1071.09,2,2,Parchment Paper Roll,Bake & Wrap,Bake,175,92,N,20 m,Matched,9343.7,6532,0.300919336,8.723543306,1740.61,0.028169014
2024-11-01,D2C,South,BEC-CLN-001,201,201,39999,4434.95,7677.29,28,28,Floor Cleaner 1L,Cleaners,Floor Cleaner,199,96,N,1 L,Matched,35564.05,19296,0.457429623,4.632370276,8590.76,0.139303483
2024-04-01,Swiggy Instamart,West,BEC-TIS-002,184,184,33120,8928.69,2210.03,9,9,Bamboo Toilet Roll 4-pack,Tissues,Toilet Roll,180,95,N,4 rolls,Matched,24191.31,17480,0.277426481,10.94614553,4501.28,0.048913043
2024-06-01,Amazon,South,BEC-BW-001,128,128,28160,1823.91,3779.28,3,3,Compostable Cling Wrap,Bake & Wrap,Wrap,220,118,N,30 m,Matched,26336.09,15104,0.426490417,6.968546919,7452.81,0.0234375
2024-09-01,Flipkart,North,BEC-KT-002,135,135,56700,7980.76,5502.45,6,6,Kitchen Towel 6-roll,Kitchen Towel,Towel,420,205,N,6 rolls,Matched,48719.24,27675,0.431949267,8.854099537,15541.79,0.044444444
2025-06-01,Zepto,West,BEC-CLN-002,357,357,66045,5549.96,18123.4,17,17,Dishwash Liquid 750ml,Cleaners,Dishwash,185,88,N,750 ml,Matched,60495.04,31416,0.480684697,3.33795204,10955.64,0.047619048
2024-01-01,Swiggy Instamart,West,BEC-KT-002,142,142,59640,11946.35,4194.41,7,7,Kitchen Towel 6-roll,Kitchen Towel,Towel,420,205,N,6 rolls,Matched,47693.65,29110,0.389646211,11.3707649,14389.24,0.049295775
2024-10-01,Swiggy Instamart,South,BEC-CLN-003,93,93,27807,7597.58,6868.88,2,2,Laundry Liquid 1L,Cleaners,Laundry,299,150,N,1 L,Matched,20209.42,13950,0.30972784,2.942171067,-609.46,0.021505376
2025-05-01,Swiggy Instamart,North,BEC-TIS-002,135,135,24300,5439.97,1050.25,2,2,Bamboo Toilet Roll 4-pack,Tissues,Toilet Roll,180,95,N,4 rolls,Matched,18860.03,12825,0.319990477,17.9576577,4984.78,0.014814815
2024-06-01,D2C,North,BEC-KT-002,117,117,49140,2142.44,3070,19,19,Kitchen Towel 6-roll,Kitchen Towel,Towel,420,205,N,6 rolls,Matched,46997.56,23985,0.489654357,15.30865147,19942.56,0.162393162
2025-03-01,Flipkart,South,BEC-CLN-003,287,287,85813,8301.55,14082.89,9,9,Laundry Liquid 1L,Cleaners,Laundry,299,150,N,1 L,Matched,77511.45,43050,0.444598185,5.503944858,20378.56,0.031358885
2024-03-01,Swiggy Instamart,South,BEC-GB-001,98,98,14602,2350.62,905.47,3,3,Garbage Bag Medium 30s,Garbage Bags,Medium,149,70,N,30 bags,Matched,12251.38,6860,0.440063079,13.53040962,4485.91,0.030612245
2025-03-01,Swiggy Instamart,West,BEC-TIS-001,281,281,26695,2177.43,1708.45,10,10,Bamboo Facial Tissue 100s,Tissues,Facial,95,42,N,100 pulls,Matched,24517.57,11802,0.518630925,14.35076824,11007.12,0.035587189
2024-04-01,Swiggy Instamart,North,BEC-OTH-001,48,48,7152,1143.96,775.49,1,1,Bamboo Wet Wipes 72s,Others,Wipes,149,72,N,72 wipes,Matched,6008.04,3456,0.424770807,7.747411314,1776.55,0.020833333
2024-12-01,Swiggy Instamart,North,BEC-OTH-001,55,55,8195,413.53,933.6,1,1,Bamboo Wet Wipes 72s,Others,Wipes,149,72,N,72 wipes,Matched,7781.47,3960,0.491098726,8.334907883,2887.87,0.018181818
2024-10-01,Amazon,West,BEC-KT-001,281,281,44960,8850.81,1974.15,11,11,Kitchen Towel 2-roll,Kitchen Towel,Towel,160,78,N,2 rolls,Matched,36109.19,21918,0.393007708,18.29100626,12217.04,0.039145907
2025-04-01,Zepto,West,BEC-OTH-001,106,106,15794,4189.8,1662.97,5,5,Bamboo Wet Wipes 72s,Others,Wipes,149,72,N,72 wipes,Matched,11604.2,7632,0.342307096,6.977997198,2309.23,0.047169811
2024-12-01,Swiggy Instamart,North,BEC-CLN-001,218,218,43382,6795.66,8183.22,8,8,Floor Cleaner 1L,Cleaners,Floor Cleaner,199,96,N,1 L,Matched,36586.34,20928,0.427983231,4.470897764,7475.12,0.036697248
2024-10-01,D2C,West,BEC-CLN-004,259,259,25641,2075.97,7065.8,32,32,Handwash 250ml,Cleaners,Handwash,99,44,N,250 ml,Matched,23565.03,11396,0.516402058,3.335083076,5103.23,0.123552124
2024-12-01,Blinkit,West,BEC-KT-001,207,207,33120,7486.51,2710.74,4,4,Kitchen Towel 2-roll,Kitchen Towel,Towel,160,78,N,2 rolls,Matched,25633.49,16146,0.370120885,9.456270244,6776.75,0.019323671
2024-05-01,Amazon,South,BEC-BW-001,116,116,25520,5943.96,1207.39,5,5,Compostable Cling Wrap,Bake & Wrap,Wrap,220,118,N,30 m,Matched,19576.04,13688,0.30077789,16.21351842,4680.65,0.043103448
2025-04-01,Flipkart,West,BEC-BW-001,170,170,37400,8794.33,1660.47,9,9,Compostable Cling Wrap,Bake & Wrap,Wrap,220,118,N,30 m,Matched,28605.67,20060,0.298740425,17.22745367,6885.2,0.052941176
2025-04-01,Flipkart,West,BEC-BW-002,111,111,19425,4918.5,1281.47,2,2,Parchment Paper Roll,Bake & Wrap,Bake,175,92,N,20 m,Matched,14506.5,10212,0.296039706,11.32020258,3013.03,0.018018018
2024-06-01,Swiggy Instamart,North,BEC-BW-002,49,49,8575,1800.86,809.23,0,0,Parchment Paper Roll,Bake & Wrap,Bake,175,92,N,20 m,Matched,6774.14,4508,0.334528073,8.371093509,1456.91,0
2025-02-01,Blinkit,West,BEC-CLN-003,401,401,119899,14313.07,31766.76,8,8,Laundry Liquid 1L,Cleaners,Laundry,299,150,N,1 L,Matched,105585.93,60150,0.430321824,3.323786562,13669.17,0.019950125
2024-06-01,Zepto,North,BEC-OTH-001,101,101,15049,2307.69,736.55,5,5,Bamboo Wet Wipes 72s,Others,Wipes,149,72,N,72 wipes,Matched,12741.31,7272,0.429258059,17.29863553,4732.76,0.04950495
2025-01-01,Zepto,North,BEC-TIS-002,341,341,61380,5920.34,4255.76,17,17,Bamboo Toilet Roll 4-pack,Tissues,Toilet Roll,180,95,N,4 rolls,Matched,55459.66,32395,0.415881742,13.03167002,18808.9,0.049853372
2024-09-01,Swiggy Instamart,West,BEC-OTH-001,56,56,8344,1777.13,349.81,2,2,Bamboo Wet Wipes 72s,Others,Wipes,149,72,N,72 wipes,Matched,6566.87,4032,0.38600886,18.7726766,2185.06,0.035714286
2024-08-01,Zepto,West,BEC-OTH-001,84,84,12516,1426.62,1013.07,3,3,Bamboo Wet Wipes 72s,Others,Wipes,149,72,N,72 wipes,Matched,11089.38,6048,0.454613333,10.94631171,4028.31,0.035714286
2025-01-01,Swiggy Instamart,South,BEC-GB-001,89,89,13261,998.18,1447.13,4,4,Garbage Bag Medium 30s,Garbage Bags,Medium,149,70,N,30 bags,Matched,12262.82,6230,0.491960251,8.473889699,4585.69,0.04494382
2024-12-01,Swiggy Instamart,North,BEC-TIS-001,198,198,18810,2844.59,2366.11,9,9,Bamboo Facial Tissue 100s,Tissues,Facial,95,42,N,100 pulls,Matched,15965.41,8316,0.479123931,6.747534984,5283.3,0.045454545
2024-06-01,Flipkart,West,BEC-KT-002,227,227,95340,7542.04,11609.58,7,7,Kitchen Towel 6-roll,Kitchen Towel,Towel,420,205,N,6 rolls,Matched,87797.96,46535,0.469976296,7.562544037,29653.38,0.030837004
2024-01-01,Blinkit,South,BEC-GB-001,178,178,26522,3532.96,2894.89,6,6,Garbage Bag Medium 30s,Garbage Bags,Medium,149,70,N,30 bags,Matched,22989.04,12460,0.458002596,7.941248199,7634.15,0.033707865
2024-04-01,Zepto,North,BEC-BW-002,134,134,23450,2771.75,1159.78,4,4,Parchment Paper Roll,Bake & Wrap,Bake,175,92,N,20 m,Matched,20678.25,12328,0.403818021,17.82945904,7190.47,0.029850746
2024-09-01,Zepto,South,BEC-CLN-003,212,212,63388,11146.8,9717.77,5,5,Laundry Liquid 1L,Cleaners,Laundry,299,150,N,1 L,Matched,52241.2,31800,0.391285039,5.3758424,10723.43,0.023584906
2025-01-01,Zepto,North,BEC-GB-001,267,267,39783,6677.29,2373.88,11,11,Garbage Bag Medium 30s,Garbage Bags,Medium,149,70,N,30 bags,Matched,33105.71,18690,0.435444822,13.94582287,12041.83,0.041198502
2025-01-01,Blinkit,North,BEC-KT-002,310,310,130200,26981.83,5695.44,16,16,Kitchen Towel 6-roll,Kitchen Towel,Towel,420,205,N,6 rolls,Matched,103218.17,63550,0.384313828,18.12294924,33972.73,0.051612903
2024-08-01,Flipkart,North,BEC-CLN-003,150,150,44850,9895.81,8798.28,8,8,Laundry Liquid 1L,Cleaners,Laundry,299,150,N,1 L,Matched,34954.19,22500,0.356300346,3.972843556,3655.91,0.053333333
2024-06-01,Blinkit,West,BEC-CMB-001,41,41,28659,7956.76,2484.01,1,1,Home Cleaning Combo,Others,Combo,699,330,Y,4 items,Matched,20702.24,13530,0.346447534,8.334201553,4688.23,0.024390244
2025-01-01,Flipkart,North,BEC-TIS-001,220,220,20900,3509.34,1266.38,10,10,Bamboo Facial Tissue 100s,Tissues,Facial,95,42,N,100 pulls,Matched,17390.66,9240,0.468680315,13.73257632,6884.28,0.045454545
2024-09-01,Swiggy Instamart,South,BEC-CMB-001,12,12,8388,1525.42,568.21,0,0,Home Cleaning Combo,Others,Combo,699,330,Y,4 items,Matched,6862.58,3960,0.422957547,12.07754175,2334.37,0
2024-04-01,Blinkit,North,BEC-GB-002,219,219,39201,5196.66,3664.82,5,5,Garbage Bag Large 15s,Garbage Bags,Large,179,86,N,15 bags,Matched,34004.34,18834,0.446129523,9.278583941,11505.52,0.02283105
2024-05-01,Swiggy Instamart,South,BEC-KT-001,87,87,13920,2349.6,766.34,3,3,Kitchen Towel 2-roll,Kitchen Towel,Towel,160,78,N,2 rolls,Matched,11570.4,6786,0.413503423,15.09825926,4018.06,0.034482759
2025-05-01,Flipkart,North,BEC-TIS-001,246,246,23370,6240.78,1370.49,6,6,Bamboo Facial Tissue 100s,Tissues,Facial,95,42,N,100 pulls,Matched,17129.22,10332,0.39682017,12.49860999,5426.73,0.024390244
2025-01-01,D2C,South,BEC-TIS-002,110,110,19800,2258.93,1429.26,11,11,Bamboo Toilet Roll 4-pack,Tissues,Toilet Roll,180,95,N,4 rolls,Matched,17541.07,10450,0.404255271,12.27283349,5661.81,0.1
2025-04-01,Blinkit,North,BEC-CLN-002,408,408,75480,8217.11,15770.48,14,14,Dishwash Liquid 750ml,Cleaners,Dishwash,185,88,N,750 ml,Matched,67262.89,35904,0.466213836,4.265113681,15588.41,0.034313725
2024-10-01,Blinkit,West,BEC-KT-002,196,196,82320,20003.95,7160.15,11,11,Kitchen Towel 6-roll,Kitchen Towel,Towel,420,205,N,6 rolls,Matched,62316.05,40180,0.35522229,8.703176609,14975.9,0.056122449
2024-09-01,Zepto,North,BEC-CLN-002,172,172,31820,7174.35,7875.29,7,7,Dishwash Liquid 750ml,Cleaners,Dishwash,185,88,N,750 ml,Matched,24645.65,15136,0.38585511,3.129491104,1634.36,0.040697674
2024-02-01,Amazon,North,BEC-KT-001,377,377,60320,11543.35,5300.61,10,10,Kitchen Towel 2-roll,Kitchen Towel,Towel,160,78,N,2 rolls,Matched,48776.65,29406,0.397129569,9.202082402,14070.04,0.026525199
2024-01-01,Flipkart,North,BEC-BW-002,96,96,16800,2972.35,1061.25,4,4,Parchment Paper Roll,Bake & Wrap,Bake,175,92,N,20 m,Matched,13827.65,8832,0.361279755,13.02958775,3934.4,0.041666667
2024-06-01,Zepto,West,BEC-BW-002,136,136,23800,4762.39,1786.86,4,4,Parchment Paper Roll,Bake & Wrap,Bake,175,92,N,20 m,Matched,19037.61,12512,0.342774645,10.65422585,4738.75,0.029411765
2024-10-01,Flipkart,West,BEC-KT-001,190,190,30400,5368.17,3480.15,9,9,Kitchen Towel 2-roll,Kitchen Towel,Towel,160,78,N,2 rolls,Matched,25031.83,14820,0.407953793,7.192744566,6731.68,0.047368421
2024-07-01,Blinkit,West,BEC-KT-002,273,273,114660,13900.47,8616.22,10,10,Kitchen Towel 6-roll,Kitchen Towel,Towel,420,205,N,6 rolls,Matched,100759.53,55965,0.444568668,11.69416867,36178.31,0.036630037
2024-03-01,Blinkit,North,BEC-TIS-001,284,284,26980,1936.48,2886.21,15,15,Bamboo Facial Tissue 100s,Tissues,Facial,95,42,N,100 pulls,Matched,25043.52,11928,0.523709127,8.676956978,10229.31,0.052816901
2024-05-01,Blinkit,West,BEC-BW-001,213,213,46860,14040.94,4328.56,8,8,Compostable Cling Wrap,Bake & Wrap,Wrap,220,118,N,30 m,Matched,32819.06,25134,0.234164537,7.581981075,3356.5,0.037558685
2025-01-01,Zepto,West,BEC-OTH-001,105,105,15645,1459.54,764.25,5,5,Bamboo Wet Wipes 72s,Others,Wipes,149,72,N,72 wipes,Matched,14185.46,7560,0.467059933,18.5612823,5861.21,0.047619048
2024-09-01,Blinkit,North,BEC-CLN-002,317,317,58645,13516.97,9335.26,16,16,Dishwash Liquid 750ml,Cleaners,Dishwash,185,88,N,750 ml,Matched,45128.03,27896,0.381847601,4.834148165,7896.77,0.050473186
2024-10-01,Zepto,South,BEC-CLN-004,174,174,17226,4019.78,3043.33,4,4,Handwash 250ml,Cleaners,Handwash,99,44,N,250 ml,Matched,13206.22,7656,0.420273174,4.339397962,2506.89,0.022988506
2024-08-01,Blinkit,West,BEC-BW-001,114,114,25080,5896.42,1034.84,4,4,Compostable Cling Wrap,Bake & Wrap,Wrap,220,118,N,30 m,Matched,19183.58,13452,0.298775307,18.53772564,4696.74,0.035087719
2024-02-01,Zepto,West,BEC-GB-001,206,206,30694,3690.06,1882.48,9,9,Garbage Bag Medium 30s,Garbage Bags,Medium,149,70,N,30 bags,Matched,27003.94,14420,0.46600385,14.34487485,10701.46,0.04368932
2025-06-01,Swiggy Instamart,North,BEC-KT-001,153,153,24480,6992.27,1266.72,7,7,Kitchen Towel 2-roll,Kitchen Towel,Towel,160,78,N,2 rolls,Matched,17487.73,11934,0.317578668,13.80552135,4287.01,0.045751634
2025-04-01,Flipkart,South,BEC-CLN-002,166,166,30710,6009.53,7146.89,4,4,Dishwash Liquid 750ml,Cleaners,Dishwash,185,88,N,750 ml,Matched,24700.47,14608,0.408594249,3.456114478,2945.58,0.024096386
2024-09-01,Amazon,North,BEC-TIS-002,289,289,52020,2737.26,4254.73,11,11,Bamboo Toilet Roll 4-pack,Tissues,Toilet Roll,180,95,N,4 rolls,Matched,49282.74,27455,0.44290841,11.58304757,17573.01,0.038062284
2024-02-01,Blinkit,North,BEC-OTH-001,119,119,17731,3414.01,1646.97,3,3,Bamboo Wet Wipes 72s,Others,Wipes,149,72,N,72 wipes,Matched,14316.99,8568,0.401550186,8.692927011,4102.02,0.025210084
2024-01-01,D2C,North,BEC-CLN-002,232,232,42920,1433.41,11259.16,24,24,Dishwash Liquid 750ml,Cleaners,Dishwash,185,88,N,750 ml,Matched,41486.59,20416,0.507889176,3.684696727,9811.43,0.103448276
2025-06-01,Swiggy Instamart,South,BEC-CLN-002,199,199,36815,7528.48,5805.87,10,10,Dishwash Liquid 750ml,Cleaners,Dishwash,185,88,N,750 ml,Matched,29286.52,17512,0.402045719,5.044294826,5968.65,0.050251256
2025-02-01,Flipkart,South,BEC-GB-002,131,131,23449,1958.24,2439.39,6,6,Garbage Bag Large 15s,Garbage Bags,Large,179,86,N,15 bags,Matched,21490.76,11266,0.475774705,8.809890997,7785.37,0.045801527
2024-12-01,Blinkit,West,BEC-CLN-001,509,509,101291,6327.34,29244.59,17,17,Floor Cleaner 1L,Cleaners,Floor Cleaner,199,96,N,1 L,Matched,94963.66,48864,0.485445275,3.247221452,16855.07,0.033398821
2024-01-01,Flipkart,North,BEC-GB-001,194,194,28906,3133.23,2476.53,8,8,Garbage Bag Medium 30s,Garbage Bags,Medium,149,70,N,30 bags,Matched,25772.77,13580,0.473087293,10.40680711,9716.24,0.041237113
2024-09-01,Blinkit,South,BEC-BW-002,105,105,18375,4669.94,1813.02,4,4,Parchment Paper Roll,Bake & Wrap,Bake,175,92,N,20 m,Matched,13705.06,9660,0.295150842,7.559243693,2232.04,0.038095238
2025-04-01,Blinkit,West,BEC-BW-002,187,187,32725,6166.74,3164.58,7,7,Parchment Paper Roll,Bake & Wrap,Bake,175,92,N,20 m,Matched,26558.26,17204,0.352216599,8.392349064,6189.68,0.037433155
2025-02-01,Zepto,West,BEC-BW-001,181,181,39820,7502.25,4106.01,5,5,Compostable Cling Wrap,Bake & Wrap,Wrap,220,118,N,30 m,Matched,32317.75,21358,0.339124784,7.870840548,6853.74,0.027624309
2024-01-01,D2C,North,BEC-BW-002,93,93,16275,1045.11,1294.81,12,12,Parchment Paper Roll,Bake & Wrap,Bake,175,92,N,20 m,Matched,15229.89,8556,0.438209994,11.76225856,5379.08,0.129032258
2024-11-01,Flipkart,West,BEC-OTH-001,66,66,9834,1219.97,451.08,1,1,Bamboo Wet Wipes 72s,Others,Wipes,149,72,N,72 wipes,Matched,8614.03,4752,0.448341833,19.09645739,3410.95,0.015151515
2024-07-01,D2C,South,BEC-BW-002,45,45,7875,947.09,610.44,6,6,Parchment Paper Roll,Bake & Wrap,Bake,175,92,N,20 m,Matched,6927.91,4140,0.402417179,11.34904331,2177.47,0.133333333
2024-01-01,Blinkit,North,BEC-CMB-001,52,52,36348,8296.65,3931.58,1,1,Home Cleaning Combo,Others,Combo,699,330,Y,4 items,Matched,28051.35,17160,0.388264736,7.134879616,6959.77,0.019230769
2024-01-01,Amazon,South,BEC-BW-001,125,125,27500,1499.87,1951.18,2,2,Compostable Cling Wrap,Bake & Wrap,Wrap,220,118,N,30 m,Matched,26000.13,14750,0.432695144,13.32533646,9298.95,0.016
2024-07-01,Flipkart,South,BEC-TIS-001,158,158,15010,3052.92,1658.7,4,4,Bamboo Facial Tissue 100s,Tissues,Facial,95,42,N,100 pulls,Matched,11957.08,6636,0.445015004,7.208705613,3662.38,0.025316456
2025-03-01,D2C,South,BEC-BW-001,93,93,20460,1451.91,2761.78,10,10,Compostable Cling Wrap,Bake & Wrap,Wrap,220,118,N,30 m,Matched,19008.09,10974,0.422666875,6.882550384,5272.31,0.107526882
2025-04-01,Blinkit,South,BEC-KT-002,181,181,76020,12140.88,6616.98,9,9,Kitchen Towel 6-roll,Kitchen Towel,Towel,420,205,N,6 rolls,Matched,63879.12,37105,0.419137271,9.653817905,20157.14,0.049723757
2024-12-01,Zepto,North,BEC-GB-001,271,271,40379,2952.44,4590.44,14,14,Garbage Bag Medium 30s,Garbage Bags,Medium,149,70,N,30 bags,Matched,37426.56,18970,0.4931407,8.153153075,13866.12,0.051660517
2025-03-01,Zepto,South,BEC-CLN-002,343,343,63455,18874.21,13626.35,15,15,Dishwash Liquid 750ml,Cleaners,Dishwash,185,88,N,750 ml,Matched,44580.79,30184,0.322937077,3.271660423,770.44,0.043731778
2025-03-01,Amazon,North,BEC-OTH-001,142,142,21158,2195.98,2825.49,6,6,Bamboo Wet Wipes 72s,Others,Wipes,149,72,N,72 wipes,Matched,18962.02,10224,0.460816938,6.711055428,5912.53,0.042253521
2025-05-01,Amazon,West,BEC-KT-001,383,383,61280,9896.57,6596.23,8,8,Kitchen Towel 2-roll,Kitchen Towel,Towel,160,78,N,2 rolls,Matched,51383.43,29874,0.418606348,7.78981782,14913.2,0.020887728
2025-06-01,D2C,West,BEC-KT-001,131,131,20960,2367.81,1419.91,20,20,Kitchen Towel 2-roll,Kitchen Towel,Towel,160,78,N,2 rolls,Matched,18592.19,10218,0.450414394,13.09392145,6954.28,0.152671756
2024-12-01,Amazon,South,BEC-CLN-004,414,414,40986,5636.31,7085.69,18,18,Handwash 250ml,Cleaners,Handwash,99,44,N,250 ml,Matched,35349.69,18216,0.484691379,4.988884639,10048,0.043478261
2024-04-01,Amazon,South,BEC-KT-001,252,252,40320,9377.94,2853.55,11,11,Kitchen Towel 2-roll,Kitchen Towel,Towel,160,78,N,2 rolls,Matched,30942.06,19656,0.364748178,10.84335652,8432.51,0.043650794
2024-06-01,Amazon,West,BEC-BW-001,262,262,57640,3235.63,3425.38,15,15,Compostable Cling Wrap,Bake & Wrap,Wrap,220,118,N,30 m,Matched,54404.37,30916,0.431736826,15.88272542,20062.99,0.057251908
2024-08-01,Amazon,South,BEC-CLN-002,367,367,67895,8886.24,12579.02,13,13,Dishwash Liquid 750ml,Cleaners,Dishwash,185,88,N,750 ml,Matched,59008.76,32296,0.452691431,4.691045884,14133.74,0.035422343
2025-05-01,Flipkart,North,BEC-BW-001,76,76,16720,4618.18,1074.64,1,1,Compostable Cling Wrap,Bake & Wrap,Wrap,220,118,N,30 m,Matched,12101.82,8968,0.258954438,11.2612782,2059.18,0.013157895
2024-03-01,D2C,North,BEC-BW-002,64,64,11200,1326.57,853.16,6,6,Parchment Paper Roll,Bake & Wrap,Bake,175,92,N,20 m,Matched,9873.43,5888,0.403652024,11.5727765,3132.27,0.09375
2024-06-01,D2C,South,BEC-GB-001,141,141,21009,1097.51,1137.34,19,19,Garbage Bag Medium 30s,Garbage Bags,Medium,149,70,N,30 bags,Matched,19911.49,9870,0.504306308,17.50706913,8904.15,0.134751773
2024-09-01,Blinkit,West,BEC-OTH-001,139,139,20711,2574.59,2446.27,4,4,Bamboo Wet Wipes 72s,Others,Wipes,149,72,N,72 wipes,Matched,18136.41,10008,0.448181862,7.413903617,5682.14,0.028776978
2024-08-01,Amazon,West,BEC-CLN-004,482,482,47718,5317.65,9190.26,27,27,Handwash 250ml,Cleaners,Handwash,99,44,N,250 ml,Matched,42400.35,21208,0.49981545,4.613618113,12002.09,0.056016598
2024-12-01,Zepto,North,BEC-CMB-001,48,48,33552,8779.22,3055.27,2,2,Home Cleaning Combo,Others,Combo,699,330,Y,4 items,Matched,24772.78,15840,0.360588517,8.108213022,5877.51,0.041666667
2024-12-01,Blinkit,South,BEC-CLN-004,238,238,23562,0,5959.84,7,7,Handwash 250ml,Cleaners,Handwash,99,44,N,250 ml,Matched,23562,10472,0.555555556,3.953461838,7130.16,0.029411765
2024-01-01,Blinkit,North,BEC-CLN-003,338,338,101062,16793.04,21456.08,8,8,Laundry Liquid 1L,Cleaners,Laundry,299,150,N,1 L,Matched,84268.96,50700,0.398354981,3.927509592,12112.88,0.023668639
2024-07-01,Blinkit,West,BEC-GB-001,283,283,42167,10057.44,2855.92,9,9,Garbage Bag Medium 30s,Garbage Bags,Medium,149,70,N,30 bags,Matched,32109.56,19810,0.383049783,11.24315807,9443.64,0.03180212
2025-01-01,D2C,West,BEC-TIS-001,206,206,19570,2669.18,1770.37,29,29,Bamboo Facial Tissue 100s,Tissues,Facial,95,42,N,100 pulls,Matched,16900.82,8652,0.488072176,9.546490282,6478.45,0.140776699
2024-12-01,Flipkart,North,BEC-OTH-001,96,96,14304,755.28,1780.09,3,3,Bamboo Wet Wipes 72s,Others,Wipes,149,72,N,72 wipes,Matched,13548.72,6912,0.489841107,7.611255611,4856.63,0.03125
2025-01-01,Amazon,West,BEC-TIS-002,515,515,92700,11439.19,8590.32,23,23,Bamboo Toilet Roll 4-pack,Tissues,Toilet Roll,180,95,N,4 rolls,Matched,81260.81,48925,0.397926257,9.459578921,23745.49,0.044660194
2024-10-01,Zepto,West,BEC-CLN-002,412,412,76220,10102.14,20335.98,18,18,Dishwash Liquid 750ml,Cleaners,Dishwash,185,88,N,750 ml,Matched,66117.86,36256,0.451645894,3.251274834,9525.88,0.04368932
2024-09-01,Blinkit,South,BEC-TIS-002,191,191,34380,4547.69,2245.98,8,8,Bamboo Toilet Roll 4-pack,Tissues,Toilet Roll,180,95,N,4 rolls,Matched,29832.31,18145,0.391766846,13.28253591,9441.33,0.041884817
2025-03-01,Swiggy Instamart,North,BEC-CMB-001,32,32,22368,5492.48,1360.46,1,1,Home Cleaning Combo,Others,Combo,699,330,Y,4 items,Matched,16875.52,10560,0.374241505,12.40427502,4955.06,0.03125
2025-05-01,Swiggy Instamart,South,BEC-CLN-003,158,158,47242,5345.28,14206.95,8,8,Laundry Liquid 1L,Cleaners,Laundry,299,150,N,1 L,Matched,41896.72,23700,0.43432326,2.949029876,3989.77,0.050632911
2025-01-01,Blinkit,North,BEC-OTH-001,84,84,12516,2762.09,1441.46,1,1,Bamboo Wet Wipes 72s,Others,Wipes,149,72,N,72 wipes,Matched,9753.91,6048,0.379940967,6.766687941,2264.45,0.011904762
2024-08-01,Blinkit,North,BEC-GB-002,150,150,26850,5580.32,1239.61,3,3,Garbage Bag Large 15s,Garbage Bags,Large,179,86,N,15 bags,Matched,21269.68,12900,0.393502864,17.15836432,7130.07,0.02
2024-11-01,D2C,West,BEC-CLN-004,304,304,30096,783.84,5838.87,36,36,Handwash 250ml,Cleaners,Handwash,99,44,N,250 ml,Matched,29312.16,13376,0.543670613,5.020176849,10097.29,0.118421053
2024-07-01,Swiggy Instamart,West,BEC-KT-001,110,110,17600,4217.65,1026.91,4,4,Kitchen Towel 2-roll,Kitchen Towel,Towel,160,78,N,2 rolls,Matched,13382.35,8580,0.358857002,13.03166782,3775.44,0.036363636
2025-06-01,Swiggy Instamart,West,BEC-BW-001,94,94,20680,4914.27,1261.14,2,2,Compostable Cling Wrap,Bake & Wrap,Wrap,220,118,N,30 m,Matched,15765.73,11092,0.29644869,12.50117354,3412.59,0.021276596
2024-08-01,Zepto,South,BEC-TIS-002,162,162,29160,3400.44,2548.14,6,6,Bamboo Toilet Roll 4-pack,Tissues,Toilet Roll,180,95,N,4 rolls,Matched,25759.56,15390,0.402551907,10.10916198,7821.42,0.037037037
2024-08-01,Amazon,North,BEC-TIS-002,355,355,63900,18587.92,4707.99,12,12,Bamboo Toilet Roll 4-pack,Tissues,Toilet Roll,180,95,N,4 rolls,Matched,45312.08,33725,0.255717239,9.624506424,6879.09,0.033802817
2025-06-01,Zepto,North,BEC-CLN-003,375,375,112125,23828.96,17118.26,8,8,Laundry Liquid 1L,Cleaners,Laundry,299,150,N,1 L,Matched,88296.04,56250,0.362938587,5.158003208,14927.78,0.021333333
2024-09-01,Blinkit,South,BEC-BW-001,96,96,21120,4134.07,1281.34,2,2,Compostable Cling Wrap,Bake & Wrap,Wrap,220,118,N,30 m,Matched,16985.93,11328,0.333095097,13.25638004,4376.59,0.020833333
2024-08-01,Flipkart,West,BEC-CLN-001,-193,,38407,11520.41,5268.59,8,8,Floor Cleaner 1L,Cleaners,Floor Cleaner,199,96,N,1 L,Matched,26886.59,,,5.103185103,,
2024-03-01,Zepto,North,BEC-TIS-001,312,312,29640,5461.68,1282.64,15,15,Bamboo Facial Tissue 100s,Tissues,Facial,95,42,N,100 pulls,Matched,24178.32,13104,0.45802686,18.85043348,9791.68,0.048076923
2024-06-01,Amazon,South,BEC-CLN-001,404,404,80396,15024.58,20389.44,21,21,Floor Cleaner 1L,Cleaners,Floor Cleaner,199,96,N,1 L,Matched,65371.42,38784,0.406713209,3.206141022,6197.98,0.051980198
2025-04-01,D2C,West,BEC-GB-001,172,172,25628,1254.45,1786.77,18,18,Garbage Bag Medium 30s,Garbage Bags,Medium,149,70,N,30 bags,Matched,24373.55,12040,0.506021897,13.64112337,10546.78,0.104651163
2025-06-01,D2C,North,BEC-CLN-001,248,248,49352,2816.64,13896.86,22,22,Floor Cleaner 1L,Cleaners,Floor Cleaner,199,96,N,1 L,Matched,46535.36,23808,0.488389044,3.348624078,8830.5,0.088709677
2024-04-01,D2C,South,BEC-BW-001,69,69,15180,1773.78,806.45,10,10,Compostable Cling Wrap,Bake & Wrap,Wrap,220,118,N,30 m,Matched,13406.22,8142,0.39266997,16.62374605,4457.77,0.144927536
2024-07-01,Flipkart,West,BEC-BW-001,109,109,23980,6759.45,1157.92,2,2,Compostable Cling Wrap,Bake & Wrap,Wrap,220,118,N,30 m,Matched,17220.55,12862,0.253101672,14.8719687,3200.63,0.018348624
2025-01-01,Flipkart,West,BEC-CLN-001,350,350,69650,11973.4,19159.7,8,8,Floor Cleaner 1L,Cleaners,Floor Cleaner,199,96,N,1 L,Matched,57676.6,33600,0.417441389,3.010308095,4916.9,0.022857143
2025-06-01,Blinkit,South,BEC-OTH-001,93,93,13857,2470.46,1315.13,3,3,Bamboo Wet Wipes 72s,Others,Wipes,149,72,N,72 wipes,Matched,11386.54,6696,0.411937252,8.658109845,3375.41,0.032258065
2025-02-01,Swiggy Instamart,South,BEC-TIS-001,159,159,15105,2283.16,1828.92,8,8,Bamboo Facial Tissue 100s,Tissues,Facial,95,42,N,100 pulls,Matched,12821.84,6678,0.479169916,7.010607353,4314.92,0.050314465
2024-10-01,D2C,South,BEC-TIS-001,100,100,9500,1306.45,416.48,11,11,Bamboo Facial Tissue 100s,Tissues,Facial,95,42,N,100 pulls,Matched,8193.55,4200,0.487401676,19.67333365,3577.07,0.11
2024-08-01,Amazon,West,BEC-TIS-001,410,410,38950,2343.01,4634.01,9,9,Bamboo Facial Tissue 100s,Tissues,Facial,95,42,N,100 pulls,Matched,36606.99,17220,0.529598036,7.899635521,14752.98,0.02195122
2025-03-01,Blinkit,North,BEC-BW-002,173,173,30275,6098.36,1625.91,6,6,Parchment Paper Roll,Bake & Wrap,Bake,175,92,N,20 m,Matched,24176.64,15916,0.341678579,14.86960533,6634.73,0.034682081
2024-06-01,D2C,South,BEC-CLN-001,131,131,26069,2493.91,5455.54,16,16,Floor Cleaner 1L,Cleaners,Floor Cleaner,199,96,N,1 L,Matched,23575.09,12576,0.466555589,4.321311914,5543.55,0.122137405
2025-01-01,D2C,North,BEC-TIS-002,164,164,29520,1706.21,1505.39,26,26,Bamboo Toilet Roll 4-pack,Tissues,Toilet Roll,180,95,N,4 rolls,Matched,27813.79,15580,0.439846206,18.47613575,10728.4,0.158536585
2025-06-01,Swiggy Instamart,South,BEC-OTH-001,56,56,8344,1991.16,807.4,3,3,Bamboo Wet Wipes 72s,Others,Wipes,149,72,N,72 wipes,Matched,6352.84,4032,0.365323226,7.868268516,1513.44,0.053571429
2024-06-01,Blinkit,North,BEC-KT-001,152,152,24320,5522.38,1873.93,3,3,Kitchen Towel 2-roll,Kitchen Towel,Towel,160,78,N,2 rolls,Matched,18797.62,11856,0.369281856,10.03112176,5067.69,0.019736842
2024-08-01,Amazon,South,BEC-KT-002,183,183,76860,22707.88,5417.8,8,8,Kitchen Towel 6-roll,Kitchen Towel,Towel,420,205,N,6 rolls,Matched,54152.12,37515,0.307229338,9.995223153,11219.32,0.043715847
2025-01-01,Amazon,South,BEC-GB-001,342,342,50958,13289.49,3899.45,14,14,Garbage Bag Medium 30s,Garbage Bags,Medium,149,70,N,30 bags,Matched,37668.51,23940,0.364455881,9.659954609,9829.06,0.040935673
2024-02-01,Blinkit,North,BEC-KT-002,176,176,73920,16265.43,4920.36,9,9,Kitchen Towel 6-roll,Kitchen Towel,Towel,420,205,N,6 rolls,Matched,57654.57,36080,0.374203988,11.71755115,16654.21,0.051136364
2024-08-01,Flipkart,North,BEC-KT-001,102,102,16320,3052.74,1789.29,3,3,Kitchen Towel 2-roll,Kitchen Towel,Towel,160,78,N,2 rolls,Matched,13267.26,7956,0.400328327,7.414818168,3521.97,0.029411765
2024-08-01,Flipkart,West,BEC-CLN-003,181,181,54119,5429.04,12628.21,6,6,Laundry Liquid 1L,Cleaners,Laundry,299,150,N,1 L,Matched,48689.96,27150,0.442390177,3.855650167,8911.75,0.033149171
2024-02-01,Blinkit,South,BEC-GB-001,231,231,34419,9230.84,2789.17,8,8,Garbage Bag Medium 30s,Garbage Bags,Medium,149,70,N,30 bags,Matched,25188.16,16170,0.35803171,9.03070089,6228.99,0.034632035
2024-05-01,Amazon,West,BEC-KT-002,398,398,167160,0,15478.23,13,13,Kitchen Towel 6-roll,Kitchen Towel,Towel,420,205,N,6 rolls,Matched,167160,81590,0.511904762,10.79968446,70091.77,0.032663317
2024-03-01,Flipkart,North,BEC-CLN-001,241,241,47959,13863.77,7541.52,12,12,Floor Cleaner 1L,Cleaners,Floor Cleaner,199,96,N,1 L,Matched,34095.23,23136,0.321430006,4.521002397,3417.71,0.049792531
2025-04-01,Flipkart,North,BEC-KT-002,203,203,85260,23975.37,4440.86,5,5,Kitchen Towel 6-roll,Kitchen Towel,Towel,420,205,N,6 rolls,Matched,61284.63,41615,0.320955352,13.80017159,15228.77,0.024630542
2025-03-01,Blinkit,North,BEC-OTH-001,117,117,17433,2069.67,969.28,2,2,Bamboo Wet Wipes 72s,Others,Wipes,149,72,N,72 wipes,Matched,15363.33,8424,0.451681374,15.85024967,5970.05,0.017094017
2025-02-01,Flipkart,West,BEC-KT-002,217,217,91140,19335.41,5148.36,5,5,Kitchen Towel 6-roll,Kitchen Towel,Towel,420,205,N,6 rolls,Matched,71804.59,44485,0.38047136,13.94708024,22171.23,0.023041475
2025-05-01,Zepto,West,BEC-TIS-001,423,423,40185,5159.14,2181.35,15,15,Bamboo Facial Tissue 100s,Tissues,Facial,95,42,N,100 pulls,Matched,35025.86,17766,0.492774767,16.05696472,15078.51,0.035460993
2024-07-01,D2C,North,BEC-CLN-003,203,203,60697,2257.3,16227.46,32,32,Laundry Liquid 1L,Cleaners,Laundry,299,150,N,1 L,Matched,58439.7,30450,0.478950097,3.601284489,11762.24,0.157635468
2025-01-01,Blinkit,North,BEC-CMB-001,61,61,42639,9090.5,3278.36,2,2,Home Cleaning Combo,Others,Combo,699,330,Y,4 items,Matched,33548.5,20130,0.399973173,10.23331788,10140.14,0.032786885
2025-04-01,Blinkit,West,BEC-BW-001,265,265,58300,11567.67,3032.11,7,7,Compostable Cling Wrap,Bake & Wrap,Wrap,220,118,N,30 m,Matched,46732.33,31270,0.330870085,15.41247844,12430.22,0.026415094
2024-09-01,Amazon,North,BEC-OTH-001,119,119,17731,1587.91,1926.54,3,3,Bamboo Wet Wipes 72s,Others,Wipes,149,72,N,72 wipes,Matched,16143.09,8568,0.469246594,8.379317325,5648.55,0.025210084
2025-01-01,Flipkart,South,BEC-BW-002,65,65,11375,1445.38,807.42,2,2,Parchment Paper Roll,Bake & Wrap,Bake,175,92,N,20 m,Matched,9929.62,5980,0.397761445,12.29796141,3142.2,0.030769231
2025-04-01,Swiggy Instamart,South,BEC-KT-001,103,103,16480,1945.64,1949.07,5,5,Kitchen Towel 2-roll,Kitchen Towel,Towel,160,78,N,2 rolls,Matched,14534.36,8034,0.447240883,7.4570744,4551.29,0.048543689
2024-06-01,Flipkart,North,BEC-CLN-003,274,274,81926,18265.49,13304.65,7,7,Laundry Liquid 1L,Cleaners,Laundry,299,150,N,1 L,Matched,63660.51,41100,0.35438783,4.784831619,9255.86,0.025547445
2024-06-01,Zepto,South,BEC-CMB-001,31,31,21669,5803.95,2204.8,1,1,Home Cleaning Combo,Others,Combo,699,330,Y,4 items,Matched,15865.05,10230,0.3551864,7.195686684,3430.25,0.032258065
2025-04-01,Amazon,South,BEC-GB-001,234,234,34866,2619.03,4102.91,9,9,Garbage Bag Medium 30s,Garbage Bags,Medium,149,70,N,30 bags,Matched,32246.97,16380,0.492045299,7.85953628,11764.06,0.038461538
2025-06-01,Zepto,West,BEC-CLN-003,459,459,137241,22516.56,21603.09,16,16,Laundry Liquid 1L,Cleaners,Laundry,299,150,N,1 L,Matched,114724.44,68850,0.399866323,5.310556962,24271.35,0.034858388
2024-11-01,Swiggy Instamart,West,BEC-BW-002,99,99,17325,3451.35,741.48,5,5,Parchment Paper Roll,Bake & Wrap,Bake,175,92,N,20 m,Matched,13873.65,9108,0.343503692,18.71075417,4024.17,0.050505051
2024-05-01,Blinkit,South,BEC-GB-001,200,200,29800,2617.43,1498.75,9,9,Garbage Bag Medium 30s,Garbage Bags,Medium,149,70,N,30 bags,Matched,27182.57,14000,0.484964078,18.13682736,11683.82,0.045
2025-05-01,D2C,North,BEC-GB-001,128,128,19072,1691.98,2057.49,12,12,Garbage Bag Medium 30s,Garbage Bags,Medium,149,70,N,30 bags,Matched,17380.02,8960,0.484465495,8.447195369,6362.53,0.09375
2024-07-01,Zepto,North,BEC-OTH-001,61,61,9089,2319.09,489.24,1,1,Bamboo Wet Wipes 72s,Others,Wipes,149,72,N,72 wipes,Matched,6769.91,4392,0.351246915,13.83760527,1888.67,0.016393443
2024-08-01,Flipkart,North,BEC-CLN-004,173,173,17127,5104.21,3582.54,4,4,Handwash 250ml,Cleaners,Handwash,99,44,N,250 ml,Matched,12022.79,7612,0.366869088,3.355940199,828.25,0.023121387
2024-05-01,Zepto,South,BEC-CLN-003,224,224,66976,12623.45,14920.84,8,8,Laundry Liquid 1L,Cleaners,Laundry,299,150,N,1 L,Matched,54352.55,33600,0.381813733,3.642727219,5831.71,0.035714286
2024-11-01,D2C,South,BEC-KT-002,88,88,36960,1976.36,4662.34,11,11,Kitchen Towel 6-roll,Kitchen Towel,Towel,420,205,N,6 rolls,Matched,34983.64,18040,0.48433039,7.503451057,12281.3,0.125
2024-11-01,D2C,North,BEC-CMB-001,31,31,21669,1995.49,998.04,5,5,Home Cleaning Combo,Others,Combo,699,330,Y,4 items,Matched,19673.51,10230,0.480011447,19.71214581,8445.47,0.161290323
2024-11-01,Zepto,West,BEC-KT-002,260,260,109200,13658.7,6970.62,9,9,Kitchen Towel 6-roll,Kitchen Towel,Towel,420,205,N,6 rolls,Matched,95541.3,53300,0.442126075,13.70628438,35270.68,0.034615385
2024-01-01,Zepto,North,BEC-BW-002,92,92,16100,2717.64,1949.51,5,5,Parchment Paper Roll,Bake & Wrap,Bake,175,92,N,20 m,Matched,13382.36,8464,0.367525608,6.864473637,2968.85,0.054347826
2025-06-01,D2C,West,BEC-GB-001,178,178,26522,2536.03,2898.67,18,18,Garbage Bag Medium 30s,Garbage Bags,Medium,149,70,N,30 bags,Matched,23985.97,12460,0.48052966,8.274819141,8627.3,0.101123596
2024-12-01,Swiggy Instamart,South,BEC-TIS-002,156,156,28080,8087.05,1839.41,4,4,Bamboo Toilet Roll 4-pack,Tissues,Toilet Roll,180,95,N,4 rolls,Matched,19992.95,14820,0.258738705,10.86921893,3333.54,0.025641026
2025-02-01,Flipkart,South,BEC-TIS-001,219,219,20805,3735.15,1404.36,5,5,Bamboo Facial Tissue 100s,Tissues,Facial,95,42,N,100 pulls,Matched,17069.85,9198,0.461155195,12.15489618,6467.49,0.02283105
2025-03-01,Flipkart,West,BEC-CLN-002,379,379,70115,18420.83,17563.81,15,15,Dishwash Liquid 750ml,Cleaners,Dishwash,185,88,N,750 ml,Matched,51694.17,33352,0.354820863,2.943220748,778.36,0.039577836
2024-11-01,Flipkart,West,BEC-CLN-001,299,299,59501,5814.21,13348.15,6,6,Floor Cleaner 1L,Cleaners,Floor Cleaner,199,96,N,1 L,Matched,53686.79,28704,0.465343337,4.022039758,11634.64,0.02006689
2024-06-01,Swiggy Instamart,West,BEC-BW-002,88,88,15400,2886.37,1231.14,4,4,Parchment Paper Roll,Bake & Wrap,Bake,175,92,N,20 m,Matched,12513.63,8096,0.353025461,10.16426239,3186.49,0.045454545
2024-04-01,Zepto,North,BEC-KT-002,231,231,97020,18410.57,11275.92,8,8,Kitchen Towel 6-roll,Kitchen Towel,Towel,420,205,N,6 rolls,Matched,78609.43,47355,0.397591358,6.971442685,19978.51,0.034632035
2025-02-01,Flipkart,West,BEC-CMB-001,58,58,40542,3664.08,4192.18,1,1,Home Cleaning Combo,Others,Combo,699,330,Y,4 items,Matched,36877.92,19140,0.480990251,8.796836014,13545.74,0.017241379
2024-11-01,Amazon,South,BEC-CLN-002,316,316,58460,3748.21,10629.81,18,18,Dishwash Liquid 750ml,Cleaners,Dishwash,185,88,N,750 ml,Matched,54711.79,27808,0.491736607,5.147014857,16273.98,0.056962025
2024-10-01,Amazon,South,BEC-GB-001,211,211,31439,9377.45,2037.09,9,9,Garbage Bag Medium 30s,Garbage Bags,Medium,149,70,N,30 bags,Matched,22061.55,14770,0.330509416,10.82993388,5254.46,0.042654028
2025-06-01,Blinkit,South,BEC-CMB-001,32,32,22368,5835.42,1060.52,1,1,Home Cleaning Combo,Others,Combo,699,330,Y,4 items,Matched,16532.58,10560,0.361261219,15.58912609,4912.06,0.03125
2025-02-01,Amazon,North,BEC-GB-001,298,298,44402,3864.34,3109.17,12,12,Garbage Bag Medium 30s,Garbage Bags,Medium,149,70,N,30 bags,Matched,40537.66,20860,0.48541677,13.03809698,16568.49,0.040268456
2025-01-01,Zepto,West,BEC-CMB-001,44,44,30756,4018.4,2476.6,1,1,Home Cleaning Combo,Others,Combo,699,330,Y,4 items,Matched,26737.6,14520,0.456944528,10.79609142,9741,0.022727273
2024-01-01,Blinkit,North,BEC-OTH-001,93,93,13857,3603.62,514.45,4,4,Bamboo Wet Wipes 72s,Others,Wipes,149,72,N,72 wipes,Matched,10253.38,6696,0.346947056,19.93076101,3042.93,0.043010753
2024-09-01,Amazon,North,BEC-KT-001,305,305,48800,5123.48,5722.96,6,6,Kitchen Towel 2-roll,Kitchen Towel,Towel,160,78,N,2 rolls,Matched,43676.52,23790,0.455313748,7.631805919,14163.56,0.019672131
2024-10-01,Swiggy Instamart,South,BEC-TIS-001,76,76,7220,1825.36,754.51,1,1,Bamboo Facial Tissue 100s,Tissues,Facial,95,42,N,100 pulls,Matched,5394.64,3192,0.408301573,7.149858849,1448.13,0.013157895
2024-10-01,Flipkart,South,BEC-BW-001,72,72,15840,4019.93,1002.49,3,3,Compostable Cling Wrap,Bake & Wrap,Wrap,220,118,N,30 m,Matched,11820.07,8496,0.281222531,11.79071113,2321.58,0.041666667
2024-08-01,Swiggy Instamart,South,BEC-KT-002,64,64,26880,5366.45,1614.85,1,1,Kitchen Towel 6-roll,Kitchen Towel,Towel,420,205,N,6 rolls,Matched,21513.55,13120,0.390151788,13.32232096,6778.7,0.015625
2025-02-01,D2C,South,BEC-BW-002,83,83,14525,1839.46,1336.43,10,10,Parchment Paper Roll,Bake & Wrap,Bake,175,92,N,20 m,Matched,12685.54,7636,0.398054793,9.492109576,3713.11,0.120481928
2024-05-01,Swiggy Instamart,West,BEC-BW-001,105,105,23100,4044.62,2525.14,2,2,Compostable Cling Wrap,Bake & Wrap,Wrap,220,118,N,30 m,Matched,19055.38,12390,0.349789928,7.546266742,4140.24,0.019047619
2024-12-01,D2C,North,BEC-CMB-001,22,22,15378,741.11,1054.27,3,3,Home Cleaning Combo,Others,Combo,699,330,Y,4 items,Matched,14636.89,7260,0.503992993,13.88343593,6322.62,0.136363636
2025-05-01,D2C,South,BEC-CLN-004,149,149,14751,795.3,4539.94,17,17,Handwash 250ml,Cleaners,Handwash,99,44,N,250 ml,Matched,13955.7,6556,0.530227792,3.073983357,2859.76,0.11409396
2025-03-01,Flipkart,South,BEC-TIS-001,241,241,22895,1478.8,2506.56,9,9,Bamboo Facial Tissue 100s,Tissues,Facial,95,42,N,100 pulls,Matched,21416.2,10122,0.527367133,8.544060386,8787.64,0.037344398
2024-06-01,Blinkit,South,BEC-CLN-002,196,196,36260,6701.2,9482.95,10,10,Dishwash Liquid 750ml,Cleaners,Dishwash,185,88,N,750 ml,Matched,29558.8,17248,0.416485108,3.117046911,2827.85,0.051020408
2024-03-01,D2C,South,BEC-CLN-001,188,188,37412,4646.66,7223.4,25,25,Floor Cleaner 1L,Cleaners,Floor Cleaner,199,96,N,1 L,Matched,32765.34,18048,0.449174036,4.535999668,7493.94,0.132978723
2024-09-01,Amazon,North,BEC-TIS-001,379,379,36005,2900.75,2873.66,13,13,Bamboo Facial Tissue 100s,Tissues,Facial,95,42,N,100 pulls,Matched,33104.25,15918,0.519155395,11.51989101,14312.59,0.034300792
2024-02-01,Amazon,West,BEC-GB-002,317,317,56743,4205.67,6299.05,8,8,Garbage Bag Large 15s,Garbage Bags,Large,179,86,N,15 bags,Matched,52537.33,27262,0.481092777,8.340516427,18976.28,0.025236593
2024-08-01,Swiggy Instamart,South,BEC-BW-002,56,56,9800,1574.62,978.28,2,2,Parchment Paper Roll,Bake & Wrap,Bake,175,92,N,20 m,Matched,8225.38,5152,0.373645959,8.408001799,2095.1,0.035714286
2024-05-01,D2C,West,BEC-KT-001,161,161,25760,1325.79,3148.8,23,23,Kitchen Towel 2-roll,Kitchen Towel,Towel,160,78,N,2 rolls,Matched,24434.21,12558,0.486048454,7.759848196,8727.41,0.142857143
2024-05-01,Blinkit,West,BEC-GB-001,404,404,60196,5338.91,4745.73,8,8,Garbage Bag Medium 30s,Garbage Bags,Medium,149,70,N,30 bags,Matched,54857.09,28280,0.48447867,11.55925221,21831.36,0.01980198
2025-04-01,Amazon,South,BEC-TIS-001,420,420,39900,11040.82,1641.98,19,19,Bamboo Facial Tissue 100s,Tissues,Facial,95,42,N,100 pulls,Matched,28859.18,17640,0.388756021,17.57584136,9577.2,0.045238095
2024-07-01,Swiggy Instamart,West,BEC-CLN-001,170,170,33830,6518.41,6206.5,4,4,Floor Cleaner 1L,Cleaners,Floor Cleaner,199,96,N,1 L,Matched,27311.59,16320,0.402451487,4.400481753,4785.09,0.023529412
2025-04-01,Flipkart,North,BEC-GB-001,197,197,29353,7244.52,2135.85,7,7,Garbage Bag Medium 30s,Garbage Bags,Medium,149,70,N,30 bags,Matched,22108.48,13790,0.376257436,10.35113889,6182.63,0.035532995
2024-07-01,D2C,North,BEC-TIS-002,136,136,24480,1423.65,2054.19,18,18,Bamboo Toilet Roll 4-pack,Tissues,Toilet Roll,180,95,N,4 rolls,Matched,23056.35,12920,0.439633767,11.22405912,8082.16,0.132352941
2024-06-01,Blinkit,South,BEC-BW-001,80,80,17600,1161.32,1159.59,2,2,Compostable Cling Wrap,Bake & Wrap,Wrap,220,118,N,30 m,Matched,16438.68,9440,0.425744646,14.17628645,5839.09,0.025
2025-03-01,Swiggy Instamart,North,BEC-CLN-004,216,216,21384,5241.45,3003.76,9,9,Handwash 250ml,Cleaners,Handwash,99,44,N,250 ml,Matched,16142.55,9504,0.411245435,5.374114443,3634.79,0.041666667
2024-06-01,Amazon,West,BEC-TIS-001,565,565,53675,5119.01,6983.14,32,32,Bamboo Facial Tissue 100s,Tissues,Facial,95,42,N,100 pulls,Matched,48555.99,23730,0.511285837,6.953317562,17842.85,0.056637168
2024-09-01,Flipkart,North,BEC-CLN-004,201,201,19899,1639.99,4157.78,8,8,Handwash 250ml,Cleaners,Handwash,99,44,N,250 ml,Matched,18259.01,8844,0.51563639,4.391528652,5257.23,0.039800995
2025-02-01,D2C,North,BEC-KT-002,144,144,60480,8916.24,6401.54,24,24,Kitchen Towel 6-roll,Kitchen Towel,Towel,420,205,N,6 rolls,Matched,51563.76,29520,0.427504899,8.05489929,15642.22,0.166666667
2024-02-01,Zepto,South,BEC-GB-001,186,186,27714,7909.28,2108.31,5,5,Garbage Bag Medium 30s,Garbage Bags,Medium,149,70,N,30 bags,Matched,19804.72,13020,0.34258096,9.393647044,4676.41,0.02688172
2024-04-01,Zepto,North,BEC-CLN-003,281,281,84019,6698.45,21691.57,10,10,Laundry Liquid 1L,Cleaners,Laundry,299,150,N,1 L,Matched,77320.55,42150,0.454866785,3.564543737,13478.98,0.035587189
2024-07-01,Zepto,West,BEC-CMB-001,36,36,25164,3784.94,1208.34,1,1,Home Cleaning Combo,Others,Combo,699,330,Y,4 items,Matched,21379.06,11880,0.444316074,17.69291756,8290.72,0.027777778
2024-02-01,D2C,South,BEC-CMB-001,19,19,13281,1903.68,1396.87,2,2,Home Cleaning Combo,Others,Combo,699,330,Y,4 items,Matched,11377.32,6270,0.448903608,8.144866738,3710.45,0.105263158
2024-02-01,Swiggy Instamart,South,BEC-CLN-002,206,206,38110,6813.65,7936.69,9,9,Dishwash Liquid 750ml,Cleaners,Dishwash,185,88,N,750 ml,Matched,31296.35,18128,0.420763124,3.943249642,5231.66,0.04368932
2025-03-01,D2C,West,BEC-CLN-001,427,427,84973,4843.58,21052.55,55,55,Floor Cleaner 1L,Cleaners,Floor Cleaner,199,96,N,1 L,Matched,80129.42,40992,0.488427596,3.806162199,18084.87,0.128805621
2024-03-01,Zepto,South,BEC-GB-001,131,131,19519,2140.26,2583.95,3,3,Garbage Bag Medium 30s,Garbage Bags,Medium,149,70,N,30 bags,Matched,17378.74,9170,0.472343795,6.725648716,5624.79,0.022900763
2025-04-01,Amazon,South,BEC-GB-002,306,306,54774,12372.66,3900.71,6,6,Garbage Bag Large 15s,Garbage Bags,Large,179,86,N,15 bags,Matched,42401.34,26316,0.379359237,10.87015954,12184.63,0.019607843
2025-04-01,D2C,South,BEC-GB-001,129,129,19221,2204.88,1524.83,17,17,Garbage Bag Medium 30s,Garbage Bags,Medium,149,70,N,30 bags,Matched,17016.12,9030,0.469326733,11.15935547,6461.29,0.131782946
2024-09-01,Swiggy Instamart,North,BEC-CLN-003,194,194,58006,15218.62,13489.22,7,7,Laundry Liquid 1L,Cleaners,Laundry,299,150,N,1 L,Matched,42787.38,29100,0.319892922,3.171968431,198.16,0.036082474
2024-01-01,D2C,South,BEC-GB-001,148,148,22052,1704.21,1241.07,20,20,Garbage Bag Medium 30s,Garbage Bags,Medium,149,70,N,30 bags,Matched,20347.79,10360,0.490853798,16.39536046,8746.72,0.135135135
2024-01-01,Amazon,West,BEC-CLN-004,502,502,49698,9760.48,10570.28,25,25,Handwash 250ml,Cleaners,Handwash,99,44,N,250 ml,Matched,39937.52,22088,0.446936114,3.778284019,7279.24,0.049800797
2024-08-01,D2C,West,BEC-KT-001,166,166,26560,2148.12,1727.29,16,16,Kitchen Towel 2-roll,Kitchen Towel,Towel,160,78,N,2 rolls,Matched,24411.88,12948,0.469602505,14.13305235,9736.59,0.096385542
2024-02-01,Flipkart,West,BEC-CLN-003,348,348,104052,22510.38,19852.78,11,11,Laundry Liquid 1L,Cleaners,Laundry,299,150,N,1 L,Matched,81541.62,52200,0.359836118,4.107314945,9488.84,0.031609195
2025-02-01,Swiggy Instamart,West,BEC-CLN-003,375,375,112125,11779.18,31351.32,14,14,Laundry Liquid 1L,Cleaners,Laundry,299,150,N,1 L,Matched,100345.82,56250,0.439438534,3.200688839,12744.5,0.037333333
2025-04-01,Swiggy Instamart,South,BEC-TIS-001,120,120,11400,2922.14,434.29,6,6,Bamboo Facial Tissue 100s,Tissues,Facial,95,42,N,100 pulls,Matched,8477.86,5040,0.405510353,19.52119551,3003.57,0.05
2024-02-01,Amazon,South,BEC-BW-001,148,148,32560,5785.79,2524.83,7,7,Compostable Cling Wrap,Bake & Wrap,Wrap,220,118,N,30 m,Matched,26774.21,17464,0.347730521,10.60436148,6785.38,0.047297297
2025-02-01,Amazon,South,BEC-KT-002,325,325,136500,34861.33,12536.53,6,6,Kitchen Towel 6-roll,Kitchen Towel,Towel,420,205,N,6 rolls,Matched,101638.67,66625,0.344491619,8.107400533,22477.14,0.018461538
2025-02-01,Blinkit,North,BEC-KT-001,332,332,53120,9440.36,5976.5,16,16,Kitchen Towel 2-roll,Kitchen Towel,Towel,160,78,N,2 rolls,Matched,43679.64,25896,0.407137971,7.308565214,11807.14,0.048192771
2024-08-01,Blinkit,West,BEC-GB-002,267,267,47793,4061.11,5810.51,15,15,Garbage Bag Large 15s,Garbage Bags,Large,179,86,N,15 bags,Matched,43731.89,22962,0.47493694,7.526342782,14959.38,0.056179775
2024-08-01,Swiggy Instamart,South,BEC-CMB-001,14,14,9786,990.86,681.23,0,0,Home Cleaning Combo,Others,Combo,699,330,Y,4 items,Matched,8795.14,4620,0.474709897,12.91067628,3493.91,0
2024-09-01,Blinkit,South,BEC-CLN-004,219,219,21681,1261.64,5570.73,9,9,Handwash 250ml,Cleaners,Handwash,99,44,N,250 ml,Matched,20419.36,9636,0.528094906,3.665472927,5212.63,0.04109589
2024-05-01,Amazon,West,BEC-TIS-001,437,437,41515,5627.43,4412.54,20,20,Bamboo Facial Tissue 100s,Tissues,Facial,95,42,N,100 pulls,Matched,35887.57,18354,0.488569441,8.133086612,13121.03,0.04576659
2024-06-01,Flipkart,West,BEC-TIS-001,287,287,27265,1481.19,1622.48,5,5,Bamboo Facial Tissue 100s,Tissues,Facial,95,42,N,100 pulls,Matched,25783.81,12054,0.532497331,15.89160421,12107.33,0.017421603
2024-12-01,Flipkart,West,BEC-KT-002,251,251,105420,8923.12,10174.66,12,12,Kitchen Towel 6-roll,Kitchen Towel,Towel,420,205,N,6 rolls,Matched,96496.88,51455,0.466770325,9.484039762,34867.22,0.047808765
2024-07-01,D2C,South,BEC-CMB-001,21,21,14679,493.91,1035.36,2,2,Home Cleaning Combo,Others,Combo,699,330,Y,4 items,Matched,14185.09,6930,0.511458863,13.70063553,6219.73,0.095238095
2024-10-01,D2C,North,BEC-TIS-002,153,153,27540,2011.15,2573.65,14,14,Bamboo Toilet Roll 4-pack,Tissues,Toilet Roll,180,95,N,4 rolls,Matched,25528.85,14535,0.430644154,9.919316923,8420.2,0.091503268
2025-06-01,Swiggy Instamart,North,BEC-OTH-001,68,68,10132,779.54,741.25,2,2,Bamboo Wet Wipes 72s,Others,Wipes,149,72,N,72 wipes,Matched,9352.46,4896,0.47650137,12.61714671,3715.21,0.029411765
2024-07-01,Flipkart,South,BEC-KT-001,122,122,19520,5524.08,2059.66,4,4,Kitchen Towel 2-roll,Kitchen Towel,Towel,160,78,N,2 rolls,Matched,13995.92,9516,0.320087568,6.79525747,2420.26,0.032786885
2024-05-01,Zepto,West,BEC-TIS-002,383,383,68940,12566.69,8231.84,7,7,Bamboo Toilet Roll 4-pack,Tissues,Toilet Roll,180,95,N,4 rolls,Matched,56373.31,36385,0.354570452,6.848202832,11756.47,0.018276762
2024-05-01,D2C,South,BEC-TIS-001,161,161,15295,2253.46,1655.89,22,22,Bamboo Facial Tissue 100s,Tissues,Facial,95,42,N,100 pulls,Matched,13041.54,6762,0.481502951,7.875849241,4623.65,0.136645963
2024-11-01,Swiggy Instamart,South,BEC-CLN-001,183,183,36417,8946.63,6684.34,6,6,Floor Cleaner 1L,Cleaners,Floor Cleaner,199,96,N,1 L,Matched,27470.37,17568,0.360474577,4.109660789,3218.03,0.032786885
2024-09-01,D2C,South,BEC-BW-002,39,39,6825,445.08,916.93,5,5,Parchment Paper Roll,Bake & Wrap,Bake,175,92,N,20 m,Matched,6379.92,3588,0.437610503,6.957913908,1874.99,0.128205128
2025-03-01,Amazon,West,BEC-KT-002,471,471,197820,34876.68,20088.06,15,15,Kitchen Towel 6-roll,Kitchen Towel,Towel,420,205,N,6 rolls,Matched,162943.32,96555,0.407431983,8.11145128,46300.26,0.031847134
2024-02-01,Blinkit,West,BEC-CLN-001,536,536,106664,7792.95,23534.74,18,18,Floor Cleaner 1L,Cleaners,Floor Cleaner,199,96,N,1 L,Matched,98871.05,51456,0.479564544,4.201068293,23880.31,0.03358209
2025-05-01,Amazon,North,BEC-CLN-003,420,420,125580,10801.32,28152.64,18,18,Laundry Liquid 1L,Cleaners,Laundry,299,150,N,1 L,Matched,114778.68,63000,0.451117577,4.077013026,23626.04,0.042857143
2025-05-01,Amazon,West,BEC-CLN-002,563,563,104155,25733.54,15122.34,23,23,Dishwash Liquid 750ml,Cleaners,Dishwash,185,88,N,750 ml,Matched,78421.46,49544,0.368234154,5.185801933,13755.12,0.040852575
2024-10-01,Amazon,South,BEC-BW-002,91,91,15925,3121.68,1320.74,4,4,Parchment Paper Roll,Bake & Wrap,Bake,175,92,N,20 m,Matched,12803.32,8372,0.346107103,9.694050305,3110.58,0.043956044
2025-02-01,Flipkart,West,BEC-CLN-003,314,314,93886,18495.19,18188.51,6,6,Laundry Liquid 1L,Cleaners,Laundry,299,150,N,1 L,Matched,75390.81,47100,0.375255419,4.144968994,10102.3,0.01910828
2024-08-01,D2C,North,BEC-CLN-002,179,179,33115,2860.43,8662.18,18,18,Dishwash Liquid 750ml,Cleaners,Dishwash,185,88,N,750 ml,Matched,30254.57,15752,0.479351384,3.492720077,5840.39,0.100558659
2024-09-01,Blinkit,West,BEC-CMB-001,47,47,32853,5697.96,1812.6,2,2,Home Cleaning Combo,Others,Combo,699,330,Y,4 items,Matched,27155.04,15510,0.42883531,14.98126448,9832.44,0.042553191
2024-01-01,Amazon,West,BEC-CLN-002,589,589,108965,19144.17,19056.1,23,23,Dishwash Liquid 750ml,Cleaners,Dishwash,185,88,N,750 ml,Matched,89820.83,51832,0.422940091,4.713494891,18932.73,0.039049236
2025-06-01,Zepto,South,BEC-CLN-001,221,221,43979,2860.61,13551.07,7,7,Floor Cleaner 1L,Cleaners,Floor Cleaner,199,96,N,1 L,Matched,41118.39,21216,0.48402649,3.034327917,6351.32,0.031674208
2024-12-01,D2C,West,BEC-OTH-001,103,103,15347,1293.11,1045.41,14,14,Bamboo Wet Wipes 72s,Others,Wipes,149,72,N,72 wipes,Matched,14053.89,7416,0.472316917,13.44342411,5592.48,0.13592233
2025-03-01,Amazon,West,BEC-BW-001,327,327,71940,20582.71,7493.1,12,12,Compostable Cling Wrap,Bake & Wrap,Wrap,220,118,N,30 m,Matched,51357.29,38586,0.24867531,6.853944295,5278.19,0.036697248
2025-01-01,Blinkit,South,BEC-CLN-004,312,312,30888,2532.51,5698.39,12,12,Handwash 250ml,Cleaners,Handwash,99,44,N,250 ml,Matched,28355.49,13728,0.51586095,4.976052885,8929.1,0.038461538
2024-12-01,D2C,South,BEC-OTH-001,45,45,6705,487.41,549.99,5,5,Bamboo Wet Wipes 72s,Others,Wipes,149,72,N,72 wipes,Matched,6217.59,3240,0.478897772,11.30491463,2427.6,0.111111111
2024-11-01,Amazon,North,BEC-CLN-004,519,519,51381,8126.5,11993.25,29,29,Handwash 250ml,Cleaners,Handwash,99,44,N,250 ml,Matched,43254.5,22836,0.472054931,3.606570362,8425.25,0.055876686
2025-06-01,Amazon,West,BEC-KT-002,533,533,223860,45398.12,17945.62,22,22,Kitchen Towel 6-roll,Kitchen Towel,Towel,420,205,N,6 rolls,Matched,178461.88,109265,0.387740396,9.944592608,51251.26,0.041275797
2025-01-01,Flipkart,North,BEC-CMB-001,36,36,25164,6027.98,1121.59,1,1,Home Cleaning Combo,Others,Combo,699,330,Y,4 items,Matched,19136.02,11880,0.379181251,17.06151089,6134.43,0.027777778
2024-09-01,Zepto,West,BEC-BW-001,108,108,23760,5025.42,2114.59,3,3,Compostable Cling Wrap,Bake & Wrap,Wrap,220,118,N,30 m,Matched,18734.58,12744,0.319760571,8.859674925,3875.99,0.027777778
2025-05-01,Swiggy Instamart,West,BEC-TIS-002,168,168,30240,8869.09,1165.87,8,8,Bamboo Toilet Roll 4-pack,Tissues,Toilet Roll,180,95,N,4 rolls,Matched,21370.91,15960,0.253190435,18.33043993,4245.04,0.047619048
2024-12-01,Flipkart,South,BEC-KT-002,152,152,63840,18125.52,2946.5,7,7,Kitchen Towel 6-roll,Kitchen Towel,Towel,420,205,N,6 rolls,Matched,45714.48,31160,0.318377897,15.51484134,11607.98,0.046052632
2025-05-01,Flipkart,West,BEC-KT-002,273,273,114660,7948.94,13945.92,16,16,Kitchen Towel 6-roll,Kitchen Towel,Towel,420,205,N,6 rolls,Matched,106711.06,55965,0.475546396,7.65177629,36800.14,0.058608059
2024-05-01,D2C,South,BEC-CMB-001,26,26,18174,740.56,1057.36,3,3,Home Cleaning Combo,Others,Combo,699,330,Y,4 items,Matched,17433.44,8580,0.507842399,16.48770523,7796.08,0.115384615
2024-09-01,Swiggy Instamart,West,BEC-GB-002,159,159,28461,8205.63,1784.33,7,7,Garbage Bag Large 15s,Garbage Bags,Large,179,86,N,15 bags,Matched,20255.37,13674,0.324919762,11.35180712,4797.04,0.044025157
2024-05-01,Amazon,North,BEC-BW-001,135,135,29700,3897.5,3512.3,4,4,Compostable Cling Wrap,Bake & Wrap,Wrap,220,118,N,30 m,Matched,25802.5,15930,0.382617963,7.346325769,6360.2,0.02962963
2025-02-01,Zepto,North,BEC-CLN-004,303,303,29997,8003.27,6336.32,15,15,Handwash 250ml,Cleaners,Handwash,99,44,N,250 ml,Matched,21993.73,13332,0.393827241,3.471057333,2325.41,0.04950495
2024-12-01,Swiggy Instamart,West,BEC-KT-001,160,160,25600,1714.67,3172.93,4,4,Kitchen Towel 2-roll,Kitchen Towel,Towel,160,78,N,2 rolls,Matched,23885.33,12480,0.477503556,7.527846501,8232.4,0.025
2024-05-01,Swiggy Instamart,North,BEC-GB-001,114,114,16986,1607.85,1869.11,5,5,Garbage Bag Medium 30s,Garbage Bags,Medium,149,70,N,30 bags,Matched,15378.15,7980,0.481081925,8.2275254,5529.04,0.043859649
2024-05-01,Blinkit,West,BEC-CLN-004,377,377,37323,4966.25,7869.67,18,18,Handwash 250ml,Cleaners,Handwash,99,44,N,250 ml,Matched,32356.75,16588,0.487340354,4.11157647,7899.08,0.047745358
2024-09-01,Amazon,North,BEC-GB-002,320,320,57280,6068.97,7082.08,10,10,Garbage Bag Large 15s,Garbage Bags,Large,179,86,N,15 bags,Matched,51211.03,27520,0.462615769,7.231071945,16608.95,0.03125
2025-05-01,D2C,West,BEC-CLN-001,338,338,67262,6692.39,13708.08,51,51,Floor Cleaner 1L,Cleaners,Floor Cleaner,199,96,N,1 L,Matched,60569.61,32448,0.464285803,4.418533449,14413.53,0.150887574
2024-05-01,Zepto,South,BEC-KT-001,116,116,18560,4202.93,1860.06,6,6,Kitchen Towel 2-roll,Kitchen Towel,Towel,160,78,N,2 rolls,Matched,14357.07,9048,0.369787847,7.718605851,3449.01,0.051724138
2024-08-01,Flipkart,South,BEC-TIS-001,117,117,11115,2607.24,671.43,5,5,Bamboo Facial Tissue 100s,Tissues,Facial,95,42,N,100 pulls,Matched,8507.76,4914,0.422409659,12.67110496,2922.33,0.042735043
2024-04-01,Flipkart,South,BEC-OTH-001,49,49,7301,1370.58,877.26,2,2,Bamboo Wet Wipes 72s,Others,Wipes,149,72,N,72 wipes,Matched,5930.42,3528,0.405101156,6.760162324,1525.16,0.040816327
2024-04-01,Blinkit,West,BEC-CLN-003,532,532,159068,47475.97,26067.34,16,16,Laundry Liquid 1L,Cleaners,Laundry,299,150,N,1 L,Matched,111592.03,79800,0.284895167,4.280913588,5724.69,0.030075188
2025-06-01,Blinkit,North,BEC-BW-001,126,126,27720,2673.27,2723.99,6,6,Compostable Cling Wrap,Bake & Wrap,Wrap,220,118,N,30 m,Matched,25046.73,14868,0.406389577,9.194868557,7454.74,0.047619048
2024-07-01,Zepto,West,BEC-GB-001,225,225,33525,2979.02,3032.44,8,8,Garbage Bag Medium 30s,Garbage Bags,Medium,149,70,N,30 bags,Matched,30545.98,15750,0.48438387,10.07306987,11763.54,0.035555556
2024-04-01,Blinkit,West,BEC-BW-002,128,128,22400,2155.1,3006.38,6,6,Parchment Paper Roll,Bake & Wrap,Bake,175,92,N,20 m,Matched,20244.9,11776,0.418322639,6.733979071,5462.52,0.046875
2024-09-01,Zepto,South,BEC-TIS-002,182,182,32760,2716.46,2210.02,7,7,Bamboo Toilet Roll 4-pack,Tissues,Toilet Roll,180,95,N,4 rolls,Matched,30043.54,17290,0.424501906,13.59423897,10543.52,0.038461538
2025-05-01,Flipkart,West,BEC-CMB-001,33,33,23067,4851.47,2301.2,1,1,Home Cleaning Combo,Others,Combo,699,330,Y,4 items,Matched,18215.53,10890,0.402158488,7.91566574,5024.33,0.03030303
2024-09-01,Amazon,North,BEC-CLN-002,493,493,91205,16624.68,16920.99,17,17,Dishwash Liquid 750ml,Cleaners,Dishwash,185,88,N,750 ml,Matched,74580.32,43384,0.418291581,4.407562442,14275.33,0.034482759
2024-04-01,Zepto,West,BEC-CMB-001,59,59,41241,3209.25,2942.63,1,1,Home Cleaning Combo,Others,Combo,699,330,Y,4 items,Matched,38031.75,19470,0.488059319,12.92440776,15619.12,0.016949153
2024-03-01,Zepto,South,BEC-TIS-002,261,261,46980,7477.8,2521.5,6,6,Bamboo Toilet Roll 4-pack,Tissues,Toilet Roll,180,95,N,4 rolls,Matched,39502.2,24795,0.372313441,15.6661511,12185.7,0.022988506
2024-08-01,Swiggy Instamart,North,BEC-OTH-001,40,40,5960,681.42,426.94,1,1,Bamboo Wet Wipes 72s,Others,Wipes,149,72,N,72 wipes,Matched,5278.58,2880,0.454398721,12.36375135,1971.64,0.025
2024-03-01,Zepto,West,BEC-GB-001,349,349,52001,11916.95,2126.95,16,16,Garbage Bag Medium 30s,Garbage Bags,Medium,149,70,N,30 bags,Matched,40084.05,24430,0.390530647,18.84578857,13527.1,0.045845272
2024-12-01,Zepto,West,BEC-OTH-001,136,136,20264,3537.02,1139.81,2,2,Bamboo Wet Wipes 72s,Others,Wipes,149,72,N,72 wipes,Matched,16726.98,9792,0.414598451,14.67523535,5795.17,0.014705882
2024-08-01,Flipkart,West,BEC-BW-001,67,67,14740,2931.42,1274.95,2,2,Compostable Cling Wrap,Bake & Wrap,Wrap,220,118,N,30 m,Matched,11808.58,7906,0.330486816,9.261994588,2627.63,0.029850746
2025-03-01,Blinkit,West,BEC-OTH-001,190,190,28310,2546.48,2505.33,7,7,Bamboo Wet Wipes 72s,Others,Wipes,149,72,N,72 wipes,Matched,25763.52,13680,0.469016656,10.28348361,9578.19,0.036842105
2024-09-01,Flipkart,South,BEC-TIS-002,113,113,20340,5127.1,973.3,4,4,Bamboo Toilet Roll 4-pack,Tissues,Toilet Roll,180,95,N,4 rolls,Matched,15212.9,10735,0.294348875,15.63022706,3504.6,0.03539823
2024-07-01,D2C,West,BEC-CLN-001,285,285,56715,6767.51,9984.25,37,37,Floor Cleaner 1L,Cleaners,Floor Cleaner,199,96,N,1 L,Matched,49947.49,27360,0.452224726,5.002628139,12603.24,0.129824561
2024-08-01,D2C,North,BEC-BW-002,57,57,9975,665.75,1108.29,5,5,Parchment Paper Roll,Bake & Wrap,Bake,175,92,N,20 m,Matched,9309.25,5244,0.436689314,8.399651716,2956.96,0.087719298
2025-01-01,D2C,South,BEC-CLN-003,220,220,65780,5357.38,13674.9,26,26,Laundry Liquid 1L,Cleaners,Laundry,299,150,N,1 L,Matched,60422.62,33000,0.45384692,4.418505437,13747.72,0.118181818
2024-03-01,Flipkart,West,BEC-TIS-002,221,221,39780,5083.26,4033.55,6,6,Bamboo Toilet Roll 4-pack,Tissues,Toilet Roll,180,95,N,4 rolls,Matched,34696.74,20995,0.394899924,8.602035428,9668.19,0.027149321
2024-07-01,Swiggy Instamart,North,BEC-KT-002,96,96,40320,5382.16,4264.04,3,3,Kitchen Towel 6-roll,Kitchen Towel,Towel,420,205,N,6 rolls,Matched,34937.84,19680,0.43671389,8.193600435,10993.8,0.03125
2024-10-01,Swiggy Instamart,South,BEC-OTH-001,40,40,5960,1429.92,303.92,1,1,Bamboo Wet Wipes 72s,Others,Wipes,149,72,N,72 wipes,Matched,4530.08,2880,0.364249638,14.90550145,1346.16,0.025
2024-10-01,Zepto,South,BEC-KT-002,118,118,49560,6473.79,4716.86,2,2,Kitchen Towel 6-roll,Kitchen Towel,Towel,420,205,N,6 rolls,Matched,43086.21,24190,0.438567467,9.134511094,14179.35,0.016949153
2024-05-01,D2C,North,BEC-KT-001,166,166,26560,3496.09,2283.06,21,21,Kitchen Towel 2-roll,Kitchen Towel,Towel,160,78,N,2 rolls,Matched,23063.91,12948,0.438603428,10.1021918,7832.85,0.126506024
2025-02-01,Flipkart,North,BEC-OTH-001,84,84,12516,3663.31,1142.31,2,2,Bamboo Wet Wipes 72s,Others,Wipes,149,72,N,72 wipes,Matched,8852.69,6048,0.316817826,7.749813973,1662.38,0.023809524
2024-03-01,Amazon,West,BEC-CLN-004,750,750,74250,10194.52,13192.63,43,43,Handwash 250ml,Cleaners,Handwash,99,44,N,250 ml,Matched,64055.48,33000,0.484821595,4.85539881,17862.85,0.057333333
2024-06-01,Amazon,South,BEC-KT-002,255,255,107100,9570.3,12286.48,14,14,Kitchen Towel 6-roll,Kitchen Towel,Towel,420,205,N,6 rolls,Matched,97529.7,52275,0.464009425,7.937969215,32968.22,0.054901961
2024-06-01,Amazon,North,BEC-OTH-001,121,121,18029,5099.86,714.55,6,6,Bamboo Wet Wipes 72s,Others,Wipes,149,72,N,72 wipes,Matched,12929.14,8712,0.32617328,18.09410118,3502.59,0.049586777
2024-01-01,Zepto,West,BEC-CMB-001,42,42,29358,4329.11,2392.09,2,2,Home Cleaning Combo,Others,Combo,699,330,Y,4 items,Matched,25028.89,13860,0.446239925,10.46318909,8776.8,0.047619048
2025-01-01,Zepto,North,BEC-CLN-003,255,255,76245,21857.32,16052.09,8,8,Laundry Liquid 1L,Cleaners,Laundry,299,150,N,1 L,Matched,54387.68,38250,0.296715727,3.388199294,85.59,0.031372549
2024-10-01,Blinkit,South,BEC-CLN-002,228,228,42180,10764.9,7058.34,6,6,Dishwash Liquid 750ml,Cleaners,Dishwash,185,88,N,750 ml,Matched,31415.1,20064,0.361326241,4.450777378,4292.76,0.026315789
2025-06-01,Swiggy Instamart,South,BEC-GB-001,119,119,17731,2374.74,1872.28,5,5,Garbage Bag Medium 30s,Garbage Bags,Medium,149,70,N,30 bags,Matched,15356.26,8330,0.457550211,8.201903561,5153.98,0.042016807
2025-06-01,Zepto,South,BEC-CLN-004,293,293,29007,5529.24,4414.9,8,8,Handwash 250ml,Cleaners,Handwash,99,44,N,250 ml,Matched,23477.76,12892,0.450884582,5.317846384,6170.86,0.027303754
2024-02-01,Swiggy Instamart,West,BEC-TIS-002,181,181,32580,9751.75,2879.66,5,5,Bamboo Toilet Roll 4-pack,Tissues,Toilet Roll,180,95,N,4 rolls,Matched,22828.25,17195,0.246766616,7.927411569,2753.59,0.027624309
2024-09-01,Flipkart,South,BEC-CLN-003,172,172,51428,14716.55,11854.23,7,7,Laundry Liquid 1L,Cleaners,Laundry,299,150,N,1 L,Matched,36711.45,25800,0.297221984,3.09690718,-942.78,0.040697674
2024-05-01,Flipkart,North,BEC-CLN-004,206,206,20394,2685.68,3603.81,8,8,Handwash 250ml,Cleaners,Handwash,99,44,N,250 ml,Matched,17708.32,9064,0.488150203,4.913777363,5040.51,0.038834951
2024-02-01,Amazon,West,BEC-CLN-004,640,640,63360,11298.89,13790.03,26,26,Handwash 250ml,Cleaners,Handwash,99,44,N,250 ml,Matched,52061.11,28160,0.459097203,3.7752717,10111.08,0.040625
2024-08-01,Zepto,South,BEC-GB-002,115,115,20585,5005.27,1322.93,5,5,Garbage Bag Large 15s,Garbage Bags,Large,179,86,N,15 bags,Matched,15579.73,9890,0.365200809,11.77668509,4366.8,0.043478261
2025-06-01,Blinkit,North,BEC-KT-001,275,275,44000,3073.74,5497.61,11,11,Kitchen Towel 2-roll,Kitchen Towel,Towel,160,78,N,2 rolls,Matched,40926.26,21450,0.475886631,7.4443731,13978.65,0.04
2025-04-01,Amazon,West,BEC-GB-002,424,424,75896,8372.59,7251.96,20,20,Garbage Bag Large 15s,Garbage Bags,Large,179,86,N,15 bags,Matched,67523.41,36464,0.45997988,9.311056597,23807.45,0.047169811
2025-01-01,Flipkart,North,BEC-CLN-002,214,214,39590,4991.47,10973.22,5,5,Dishwash Liquid 750ml,Cleaners,Dishwash,185,88,N,750 ml,Matched,34598.53,18832,0.455699418,3.152997024,4793.31,0.023364486
2024-07-01,Amazon,West,BEC-KT-002,324,324,136080,37768.88,13231.51,11,11,Kitchen Towel 6-roll,Kitchen Towel,Towel,420,205,N,6 rolls,Matched,98311.12,66420,0.324389754,7.43007563,18659.61,0.033950617
2024-09-01,Zepto,West,BEC-GB-001,234,234,34866,5954.27,2585.8,13,13,Garbage Bag Medium 30s,Garbage Bags,Medium,149,70,N,30 bags,Matched,28911.73,16380,0.433447947,11.1809614,9945.93,0.055555556
2025-06-01,Blinkit,West,BEC-TIS-002,412,412,74160,12860.77,4994.23,19,19,Bamboo Toilet Roll 4-pack,Tissues,Toilet Roll,180,95,N,4 rolls,Matched,61299.23,39140,0.361492795,12.27401021,17165,0.046116505
2024-11-01,Amazon,South,BEC-TIS-001,322,322,30590,8891.59,3218.58,16,16,Bamboo Facial Tissue 100s,Tissues,Facial,95,42,N,100 pulls,Matched,21698.41,13524,0.376728525,6.741609654,4955.83,0.049689441
2024-09-01,Swiggy Instamart,North,BEC-GB-002,120,120,21480,3042.48,1819.37,3,3,Garbage Bag Large 15s,Garbage Bags,Large,179,86,N,15 bags,Matched,18437.52,10320,0.440271794,10.13401342,6298.15,0.025
2024-07-01,Swiggy Instamart,North,BEC-CLN-002,166,166,30710,6944.01,4530.7,4,4,Dishwash Liquid 750ml,Cleaners,Dishwash,185,88,N,750 ml,Matched,23765.99,14608,0.385340144,5.245544839,4627.29,0.024096386
2025-04-01,Swiggy Instamart,South,BEC-BW-002,79,79,13825,2767.7,1342.06,4,4,Parchment Paper Roll,Bake & Wrap,Bake,175,92,N,20 m,Matched,11057.3,7268,0.34269668,8.239050415,2447.24,0.050632911
2024-01-01,Amazon,West,BEC-CLN-003,712,712,212888,18301.19,53295.02,25,25,Laundry Liquid 1L,Cleaners,Laundry,299,150,N,1 L,Matched,194586.81,106800,0.45114471,3.651125565,34491.79,0.03511236
2025-05-01,Zepto,West,BEC-KT-001,237,237,37920,2592.89,1798.15,8,8,Kitchen Towel 2-roll,Kitchen Towel,Towel,160,78,N,2 rolls,Matched,35327.11,18486,0.476719154,19.64636432,15042.96,0.033755274
2024-02-01,Blinkit,South,BEC-CLN-003,310,310,92690,19282.63,21476.08,11,11,Laundry Liquid 1L,Cleaners,Laundry,299,150,N,1 L,Matched,73407.37,46500,0.366548618,3.418099113,5431.29,0.035483871
2024-10-01,Amazon,West,BEC-TIS-001,441,441,41895,7464.3,3850.71,20,20,Bamboo Facial Tissue 100s,Tissues,Facial,95,42,N,100 pulls,Matched,34430.7,18522,0.462049857,8.941390029,12057.99,0.045351474
2025-01-01,Swiggy Instamart,South,BEC-TIS-001,158,158,15010,1333.24,773.08,9,9,Bamboo Facial Tissue 100s,Tissues,Facial,95,42,N,100 pulls,Matched,13676.76,6636,0.514797364,17.69126093,6267.68,0.056962025
2024-07-01,Zepto,South,BEC-CLN-002,205,205,37925,6081.67,5884.44,4,4,Dishwash Liquid 750ml,Cleaners,Dishwash,185,88,N,750 ml,Matched,31843.33,18040,0.433476336,5.411446119,7918.89,0.019512195
2024-07-01,Flipkart,West,BEC-CLN-001,242,242,48158,12088.71,8877.96,10,10,Floor Cleaner 1L,Cleaners,Floor Cleaner,199,96,N,1 L,Matched,36069.29,23232,0.355906368,4.062790326,3959.33,0.041322314
2024-12-01,Swiggy Instamart,South,BEC-CLN-002,201,201,37185,2980.67,9524.44,10,10,Dishwash Liquid 750ml,Cleaners,Dishwash,185,88,N,750 ml,Matched,34204.33,17688,0.48287249,3.591216911,6991.89,0.049751244
2025-05-01,D2C,South,BEC-OTH-001,59,59,8791,453.99,482.49,5,5,Bamboo Wet Wipes 72s,Others,Wipes,149,72,N,72 wipes,Matched,8337.01,4248,0.490464807,17.27913532,3606.52,0.084745763
2024-04-01,Flipkart,South,BEC-TIS-002,165,165,29700,5903.56,2613.6,4,4,Bamboo Toilet Roll 4-pack,Tissues,Toilet Roll,180,95,N,4 rolls,Matched,23796.44,15675,0.341288025,9.104851546,5507.84,0.024242424
2025-04-01,Blinkit,North,BEC-KT-001,257,257,41120,9711.25,2130.7,15,15,Kitchen Towel 2-roll,Kitchen Towel,Towel,160,78,N,2 rolls,Matched,31408.75,20046,0.361770207,14.74104754,9232.05,0.058365759
2024-03-01,D2C,South,BEC-BW-001,89,89,19580,2203.66,1515.84,12,12,Compostable Cling Wrap,Bake & Wrap,Wrap,220,118,N,30 m,Matched,17376.34,10502,0.395614957,11.46317553,5358.5,0.134831461
2024-09-01,Amazon,West,BEC-TIS-002,387,387,69660,20081.62,6432.95,16,16,Bamboo Toilet Roll 4-pack,Tissues,Toilet Roll,180,95,N,4 rolls,Matched,49578.38,36765,0.258446928,7.70694316,6380.43,0.041343669
2024-12-01,D2C,South,BEC-CLN-001,177,177,35223,5139.13,8746.18,18,18,Floor Cleaner 1L,Cleaners,Floor Cleaner,199,96,N,1 L,Matched,30083.87,16992,0.435179051,3.439658228,4345.69,0.101694915
2024-08-01,Zepto,North,BEC-CMB-001,28,28,19572,2667.79,2029.68,1,1,Home Cleaning Combo,Others,Combo,699,330,Y,4 items,Matched,16904.21,9240,0.453390605,8.328509913,5634.53,0.035714286
2024-05-01,Flipkart,North,BEC-GB-002,198,198,35442,6062.05,1867.85,11,11,Garbage Bag Large 15s,Garbage Bags,Large,179,86,N,15 bags,Matched,29379.95,17028,0.420421069,15.72928768,10484.1,0.055555556
2024-07-01,Zepto,North,BEC-TIS-002,205,205,36900,2211.84,2267.17,4,4,Bamboo Toilet Roll 4-pack,Tissues,Toilet Roll,180,95,N,4 rolls,Matched,34688.16,19475,0.438569241,15.30020246,12945.99,0.019512195
2024-06-01,D2C,North,BEC-CLN-001,217,217,43183,1396.92,12539.43,26,26,Floor Cleaner 1L,Cleaners,Floor Cleaner,199,96,N,1 L,Matched,41786.08,20832,0.501460774,3.332374757,8414.65,0.119815668
2024-01-01,Swiggy Instamart,South,BEC-BW-002,41,41,7175,1481.57,850.63,2,2,Parchment Paper Roll,Bake & Wrap,Bake,175,92,N,20 m,Matched,5693.43,3772,0.337481975,6.693192105,1070.8,0.048780488
2025-04-01,D2C,West,BEC-BW-002,141,141,24675,860.2,1549.33,16,16,Parchment Paper Roll,Bake & Wrap,Bake,175,92,N,20 m,Matched,23814.8,12972,0.455296706,15.37103135,9293.47,0.113475177
2025-03-01,Zepto,West,BEC-CLN-004,412,412,40788,9641.28,9184.12,16,16,Handwash 250ml,Cleaners,Handwash,99,44,N,250 ml,Matched,31146.72,18128,0.417980449,3.391366838,3834.6,0.038834951
2024-04-01,Swiggy Instamart,South,BEC-KT-002,102,102,42840,6178.39,3954.49,2,2,Kitchen Towel 6-roll,Kitchen Towel,Towel,420,205,N,6 rolls,Matched,36661.61,20910,0.429648616,9.270881959,11797.12,0.019607843
2024-10-01,Zepto,North,BEC-GB-002,145,145,25955,2745.18,1655.62,3,3,Garbage Bag Large 15s,Garbage Bags,Large,179,86,N,15 bags,Matched,23209.82,12470,0.462727415,14.01880866,9084.2,0.020689655
2024-02-01,Blinkit,North,BEC-CLN-001,365,365,72635,4889.5,16888.04,14,14,Floor Cleaner 1L,Cleaners,Floor Cleaner,199,96,N,1 L,Matched,67745.5,35040,0.482770073,4.011448339,15817.46,0.038356164
2024-01-01,Blinkit,North,BEC-KT-001,241,241,38560,4152.3,3956.65,9,9,Kitchen Towel 2-roll,Kitchen Towel,Towel,160,78,N,2 rolls,Matched,34407.7,18798,0.453668801,8.69616974,11653.05,0.037344398
2024-03-01,Swiggy Instamart,West,BEC-CMB-001,43,43,30057,3523.69,3826.15,1,1,Home Cleaning Combo,Others,Combo,699,330,Y,4 items,Matched,26533.31,14190,0.465200535,6.934728121,8517.16,0.023255814
2024-12-01,D2C,South,BEC-BW-002,80,80,14000,1967.52,625.83,13,13,Parchment Paper Roll,Bake & Wrap,Bake,175,92,N,20 m,Matched,12032.48,7360,0.388322274,19.22643529,4046.65,0.1625
2025-03-01,D2C,North,BEC-BW-002,105,105,18375,669.95,1669.38,11,11,Parchment Paper Roll,Bake & Wrap,Bake,175,92,N,20 m,Matched,17705.05,9660,0.454392956,10.60576382,6375.67,0.104761905
2024-04-01,Flipkart,West,BEC-CLN-003,412,412,123188,31180.76,24904.58,13,13,Laundry Liquid 1L,Cleaners,Laundry,299,150,N,1 L,Matched,92007.24,61800,0.328313728,3.694390349,5302.66,0.031553398
2024-11-01,D2C,South,BEC-GB-001,103,103,15347,507.02,1851.11,16,16,Garbage Bag Medium 30s,Garbage Bags,Medium,149,70,N,30 bags,Matched,14839.98,7210,0.514150289,8.01680073,5778.87,0.155339806
2025-04-01,Swiggy Instamart,West,BEC-BW-002,81,81,14175,3962.16,1446.03,2,2,Parchment Paper Roll,Bake & Wrap,Bake,175,92,N,20 m,Matched,10212.84,7452,0.27033029,7.062675048,1314.81,0.024691358
2024-03-01,Amazon,West,BEC-BW-001,304,304,66880,8342.8,8551.92,12,12,Compostable Cling Wrap,Bake & Wrap,Wrap,220,118,N,30 m,Matched,58537.2,35872,0.387193101,6.844919036,14113.28,0.039473684
2024-11-01,D2C,North,BEC-KT-001,142,142,22720,1581.62,2573.94,16,16,Kitchen Towel 2-roll,Kitchen Towel,Towel,160,78,N,2 rolls,Matched,21138.38,11076,0.47602418,8.212460275,7488.44,0.112676056
2024-07-01,Flipkart,West,BEC-OTH-001,67,67,9983,593.5,941.25,1,1,Bamboo Wet Wipes 72s,Others,Wipes,149,72,N,72 wipes,Matched,9389.5,4824,0.486234624,9.975564409,3624.25,0.014925373
2024-10-01,Zepto,South,BEC-TIS-001,147,147,13965,1775.32,1138.72,7,7,Bamboo Facial Tissue 100s,Tissues,Facial,95,42,N,100 pulls,Matched,12189.68,6174,0.493505982,10.70472109,4876.96,0.047619048
2024-08-01,Zepto,North,BEC-BW-002,68,68,11900,1250.37,749.97,1,1,Parchment Paper Roll,Bake & Wrap,Bake,175,92,N,20 m,Matched,10649.63,6256,0.412561751,14.20007467,3643.66,0.014705882
2024-06-01,Amazon,South,BEC-TIS-002,318,318,57240,3925.16,3070.06,17,17,Bamboo Toilet Roll 4-pack,Tissues,Toilet Roll,180,95,N,4 rolls,Matched,53314.84,30210,0.43336602,17.36605799,20034.78,0.053459119
2025-05-01,Swiggy Instamart,South,BEC-TIS-001,144,144,13680,3261.65,1353.02,5,5,Bamboo Facial Tissue 100s,Tissues,Facial,95,42,N,100 pulls,Matched,10418.35,6048,0.419485811,7.700070952,3017.33,0.034722222
2024-07-01,D2C,West,BEC-TIS-001,215,215,20425,2613.68,2476.55,25,25,Bamboo Facial Tissue 100s,Tissues,Facial,95,42,N,100 pulls,Matched,17811.32,9030,0.493019046,7.191988855,6304.77,0.11627907
2024-07-01,D2C,North,BEC-CMB-001,26,26,18174,2317.94,2250.23,4,4,Home Cleaning Combo,Others,Combo,699,330,Y,4 items,Matched,15856.06,8580,0.458881967,7.046417477,5025.83,0.153846154
2025-03-01,Blinkit,North,BEC-GB-002,240,240,42960,10355.13,4734.05,10,10,Garbage Bag Large 15s,Garbage Bags,Large,179,86,N,15 bags,Matched,32604.87,20640,0.366965732,6.88731002,7230.82,0.041666667
2024-11-01,Amazon,North,BEC-GB-002,338,338,60502,16651.44,2370.55,20,20,Garbage Bag Large 15s,Garbage Bags,Large,179,86,N,15 bags,Matched,43850.56,29068,0.337112228,18.49805319,12412.01,0.059171598
2025-04-01,Swiggy Instamart,South,BEC-OTH-001,57,57,8493,2280.02,848.82,3,3,Bamboo Wet Wipes 72s,Others,Wipes,149,72,N,72 wipes,Matched,6212.98,4104,0.339447415,7.319549492,1260.16,0.052631579
2025-06-01,Blinkit,South,BEC-GB-001,175,175,26075,1591.65,1917.34,4,4,Garbage Bag Medium 30s,Garbage Bags,Medium,149,70,N,30 bags,Matched,24483.35,12250,0.499659973,12.76943578,10316.01,0.022857143
2024-01-01,D2C,South,BEC-CMB-001,26,26,18174,1218.16,2017.86,4,4,Home Cleaning Combo,Others,Combo,699,330,Y,4 items,Matched,16955.84,8580,0.493979655,8.402882261,6357.98,0.153846154
2024-02-01,Amazon,West,BEC-BW-001,260,260,57200,9494.34,3522.43,9,9,Compostable Cling Wrap,Bake & Wrap,Wrap,220,118,N,30 m,Matched,47705.66,30680,0.356889728,13.54339476,13503.23,0.034615385
2024-06-01,Swiggy Instamart,North,BEC-GB-001,129,129,19221,1566.9,2182.85,7,7,Garbage Bag Medium 30s,Garbage Bags,Medium,149,70,N,30 bags,Matched,17654.1,9030,0.488504087,8.087637721,6441.25,0.054263566
2024-10-01,Flipkart,South,BEC-BW-002,59,59,10325,2751.12,715.74,2,2,Parchment Paper Roll,Bake & Wrap,Bake,175,92,N,20 m,Matched,7573.88,5428,0.28332638,10.58188728,1430.14,0.033898305
2024-01-01,Blinkit,North,BEC-GB-002,233,233,41707,12019.34,1878.06,12,12,Garbage Bag Large 15s,Garbage Bags,Large,179,86,N,15 bags,Matched,29687.66,20038,0.325039427,15.80762063,7771.6,0.051502146
2024-10-01,Flipkart,North,BEC-CLN-001,160,160,31840,6606.6,6839.08,6,6,Floor Cleaner 1L,Cleaners,Floor Cleaner,199,96,N,1 L,Matched,25233.4,15360,0.391282982,3.689589828,3034.32,0.0375
2024-03-01,D2C,North,BEC-CLN-001,254,254,50546,1581.37,13677.45,23,23,Floor Cleaner 1L,Cleaners,Floor Cleaner,199,96,N,1 L,Matched,48964.63,24384,0.502007878,3.579953135,10903.18,0.090551181
2024-10-01,Swiggy Instamart,West,BEC-CLN-001,149,149,29651,5884.17,7004.37,6,6,Floor Cleaner 1L,Cleaners,Floor Cleaner,199,96,N,1 L,Matched,23766.83,14304,0.398152804,3.393143138,2458.46,0.040268456
2024-03-01,D2C,North,BEC-GB-002,187,187,33473,3559.9,4259.47,28,28,Garbage Bag Large 15s,Garbage Bags,Large,179,86,N,15 bags,Matched,29913.1,16082,0.462376016,7.02272818,9571.63,0.14973262
2024-05-01,Flipkart,West,BEC-BW-001,101,101,22220,1144.85,1891.71,4,4,Compostable Cling Wrap,Bake & Wrap,Wrap,220,118,N,30 m,Matched,21075.15,11918,0.434499873,11.14079325,7265.44,0.03960396
2024-07-01,Amazon,South,BEC-GB-002,272,272,48688,10675.11,5550.14,16,16,Garbage Bag Large 15s,Garbage Bags,Large,179,86,N,15 bags,Matched,38012.89,23392,0.384629793,6.848996602,9070.75,0.058823529
2025-03-01,Swiggy Instamart,North,BEC-TIS-001,242,242,22990,4139.14,2038.15,14,14,Bamboo Facial Tissue 100s,Tissues,Facial,95,42,N,100 pulls,Matched,18850.86,10164,0.460820355,9.249005225,6648.71,0.05785124
2024-03-01,Swiggy Instamart,West,BEC-TIS-002,173,173,31140,7813.3,3372.06,8,8,Bamboo Toilet Roll 4-pack,Tissues,Toilet Roll,180,95,N,4 rolls,Matched,23326.7,16435,0.295442562,6.917640849,3519.64,0.046242775
2024-06-01,Amazon,West,BEC-GB-001,369,369,54981,7862.74,4772.62,11,11,Garbage Bag Medium 30s,Garbage Bags,Medium,149,70,N,30 bags,Matched,47118.26,25830,0.451804884,9.872619232,16515.64,0.029810298
2024-10-01,Flipkart,West,BEC-CLN-001,235,235,46765,10542.39,6955.54,8,8,Floor Cleaner 1L,Cleaners,Floor Cleaner,199,96,N,1 L,Matched,36222.61,22560,0.377184582,5.207735129,6707.07,0.034042553
2024-12-01,Swiggy Instamart,West,BEC-OTH-001,62,62,9238,774.77,896.49,2,2,Bamboo Wet Wipes 72s,Others,Wipes,149,72,N,72 wipes,Matched,8463.23,4464,0.472541807,9.440406474,3102.74,0.032258065
2024-06-01,Amazon,West,BEC-KT-001,303,303,48480,9500.28,3329,13,13,Kitchen Towel 2-roll,Kitchen Towel,Towel,160,78,N,2 rolls,Matched,38979.72,23634,0.393684716,11.70913788,12016.72,0.04290429
2024-02-01,D2C,North,BEC-CLN-001,239,239,47561,5171.61,13947.76,27,27,Floor Cleaner 1L,Cleaners,Floor Cleaner,199,96,N,1 L,Matched,42389.39,22944,0.45873248,3.039153957,5497.63,0.112970711
2025-01-01,Swiggy Instamart,North,BEC-KT-002,139,139,58380,14702.61,6472.72,4,4,Kitchen Towel 6-roll,Kitchen Towel,Towel,420,205,N,6 rolls,Matched,43677.39,28495,0.347602959,6.747918958,8709.67,0.028776978
2025-06-01,Blinkit,North,BEC-CLN-003,436,436,130364,23560.15,35434.78,18,18,Laundry Liquid 1L,Cleaners,Laundry,299,150,N,1 L,Matched,106803.85,65400,0.387662523,3.014096602,5969.07,0.041284404
2024-01-01,D2C,West,BEC-CLN-003,269,269,80431,11910.41,19024.19,24,24,Laundry Liquid 1L,Cleaners,Laundry,299,150,N,1 L,Matched,68520.59,40350,0.411125911,3.601761231,9146.4,0.089219331
2025-02-01,Swiggy Instamart,South,BEC-BW-002,87,87,15225,2124.02,1719.29,2,2,Parchment Paper Roll,Bake & Wrap,Bake,175,92,N,20 m,Matched,13100.98,8004,0.389053338,7.6199943,3377.69,0.022988506
2025-06-01,Blinkit,South,BEC-BW-002,106,106,18550,1332.24,2559.25,3,3,Parchment Paper Roll,Bake & Wrap,Bake,175,92,N,20 m,Matched,17217.76,9752,0.433608088,6.727658494,4906.51,0.028301887
2025-04-01,Amazon,South,BEC-OTH-001,150,150,22350,6046.59,891.26,4,4,Bamboo Wet Wipes 72s,Others,Wipes,149,72,N,72 wipes,Matched,16303.41,10800,0.337561897,18.2925409,4612.15,0.026666667
2024-01-01,Swiggy Instamart,West,BEC-CLN-001,249,249,49551,2556.61,8658.37,14,14,Floor Cleaner 1L,Cleaners,Floor Cleaner,199,96,N,1 L,Matched,46994.39,23904,0.491343541,5.427625523,14432.02,0.0562249
2024-08-01,Amazon,South,BEC-GB-001,218,218,32482,4477.79,2207.27,8,8,Garbage Bag Medium 30s,Garbage Bags,Medium,149,70,N,30 bags,Matched,28004.21,15260,0.455081932,12.68726073,10536.94,0.036697248
2024-02-01,Amazon,South,BEC-CLN-003,490,490,146510,11507.19,45439.18,10,10,Laundry Liquid 1L,Cleaners,Laundry,299,150,N,1 L,Matched,135002.81,73500,0.455566888,2.971066159,16063.63,0.020408163
2024-01-01,Zepto,South,BEC-BW-002,92,92,16100,3300.29,918.57,3,3,Parchment Paper Roll,Bake & Wrap,Bake,175,92,N,20 m,Matched,12799.71,8464,0.338735018,13.93438715,3417.14,0.032608696
2024-11-01,Blinkit,North,BEC-CLN-001,322,322,64078,14582.39,11777.87,11,11,Floor Cleaner 1L,Cleaners,Floor Cleaner,199,96,N,1 L,Matched,49495.61,30912,0.375459763,4.202424547,6805.74,0.034161491
2024-02-01,Swiggy Instamart,North,BEC-TIS-002,185,185,33300,4248.66,3244.44,6,6,Bamboo Toilet Roll 4-pack,Tissues,Toilet Roll,180,95,N,4 rolls,Matched,29051.34,17575,0.395036511,8.954192403,8231.9,0.032432432
2024-05-01,Blinkit,South,BEC-CLN-001,305,305,60695,12988.72,13081.32,12,12,Floor Cleaner 1L,Cleaners,Floor Cleaner,199,96,N,1 L,Matched,47706.28,29280,0.386244327,3.646901077,5344.96,0.039344262
2025-02-01,Blinkit,West,BEC-OTH-001,186,186,27714,5107.71,2501.94,6,6,Bamboo Wet Wipes 72s,Others,Wipes,149,72,N,72 wipes,Matched,22606.29,13392,0.407598505,9.035504449,6712.35,0.032258065
2024-11-01,Blinkit,West,BEC-KT-002,252,252,105840,13135.94,11916.02,6,6,Kitchen Towel 6-roll,Kitchen Towel,Towel,420,205,N,6 rolls,Matched,92704.06,51660,0.442742853,7.779783854,29128.04,0.023809524
2024-11-01,Flipkart,North,BEC-CLN-002,175,175,32375,4348.99,8990.93,8,8,Dishwash Liquid 750ml,Cleaners,Dishwash,185,88,N,750 ml,Matched,28026.01,15400,0.450510437,3.117142498,3635.08,0.045714286
2025-06-01,D2C,North,BEC-TIS-002,235,235,42300,5750.75,3881.07,21,21,Bamboo Toilet Roll 4-pack,Tissues,Toilet Roll,180,95,N,4 rolls,Matched,36549.25,22325,0.389180353,9.417312751,10343.18,0.089361702
2025-04-01,Amazon,North,BEC-CLN-004,504,504,49896,7089.8,10094.07,16,16,Handwash 250ml,Cleaners,Handwash,99,44,N,250 ml,Matched,42806.2,22176,0.481944204,4.240727477,10536.13,0.031746032
2024-08-01,Amazon,North,BEC-KT-001,204,204,32640,8092.16,3346.54,6,6,Kitchen Towel 2-roll,Kitchen Towel,Towel,160,78,N,2 rolls,Matched,24547.84,15912,0.351796329,7.335289583,5289.3,0.029411765
2024-10-01,Amazon,West,BEC-GB-001,274,274,40826,9518.73,1721.24,10,10,Garbage Bag Medium 30s,Garbage Bags,Medium,149,70,N,30 bags,Matched,31307.27,19180,0.387362744,18.18878832,10406.03,0.03649635
2025-02-01,Swiggy Instamart,West,BEC-CLN-001,305,305,60695,13173.06,14998.56,9,9,Floor Cleaner 1L,Cleaners,Floor Cleaner,199,96,N,1 L,Matched,47521.94,29280,0.383863538,3.168433503,3243.38,0.029508197
2024-06-01,Swiggy Instamart,South,BEC-KT-002,74,74,31080,8126.56,1845.76,1,1,Kitchen Towel 6-roll,Kitchen Towel,Towel,420,205,N,6 rolls,Matched,22953.44,15170,0.339096885,12.4357663,5937.68,0.013513514
2024-08-01,Amazon,South,BEC-BW-002,108,108,18900,4108.81,793.22,6,6,Parchment Paper Roll,Bake & Wrap,Bake,175,92,N,20 m,Matched,14791.19,9936,0.328248775,18.647021,4061.97,0.055555556
2024-01-01,Blinkit,South,BEC-KT-001,143,143,22880,4066.71,1297.83,4,4,Kitchen Towel 2-roll,Kitchen Towel,Towel,160,78,N,2 rolls,Matched,18813.29,11154,0.407121242,14.49595864,6361.46,0.027972028
2024-07-01,Blinkit,West,BEC-CLN-001,334,334,66466,15085.07,10752.14,9,9,Floor Cleaner 1L,Cleaners,Floor Cleaner,199,96,N,1 L,Matched,51380.93,32064,0.375955243,4.778670107,8564.79,0.026946108
2024-04-01,Blinkit,North,BEC-CLN-001,349,349,69451,11626.98,13301.87,7,7,Floor Cleaner 1L,Cleaners,Floor Cleaner,199,96,N,1 L,Matched,57824.02,33504,0.420586808,4.347059474,11018.15,0.020057307
2024-11-01,Swiggy Instamart,West,BEC-CLN-004,286,286,28314,3525.25,5729.67,15,15,Handwash 250ml,Cleaners,Handwash,99,44,N,250 ml,Matched,24788.75,12584,0.492350361,4.326383544,6475.08,0.052447552
2024-09-01,Flipkart,West,BEC-CLN-003,255,255,76245,20308.63,10577.63,6,6,Laundry Liquid 1L,Cleaners,Laundry,299,150,N,1 L,Matched,55936.37,38250,0.316187304,5.288176085,7108.74,0.023529412
2024-05-01,Zepto,South,BEC-CLN-099,21,21,14679,3804.09,796.11,0,0,,,,,,,,Unmatched - Review,10874.91,,,13.66005954,,0
2025-05-01,Blinkit,North,BEC-BW-001,161,161,35420,8031.98,3353.69,7,7,Compostable Cling Wrap,Bake & Wrap,Wrap,220,118,N,30 m,Matched,27388.02,18998,0.306339049,8.166532983,5036.33,0.043478261
2025-04-01,D2C,West,BEC-CLN-004,440,440,43560,6285.57,8544.65,67,67,Handwash 250ml,Cleaners,Handwash,99,44,N,250 ml,Matched,37274.43,19360,0.480609093,4.36231209,9369.78,0.152272727
2025-03-01,D2C,South,BEC-TIS-002,213,213,38340,2615.79,2170.76,30,30,Bamboo Toilet Roll 4-pack,Tissues,Toilet Roll,180,95,N,4 rolls,Matched,35724.21,20235,0.433577398,16.45700584,13318.45,0.14084507
2025-03-01,Zepto,South,BEC-CLN-001,299,299,59501,6438.21,17879.08,9,9,Floor Cleaner 1L,Cleaners,Floor Cleaner,199,96,N,1 L,Matched,53062.79,28704,0.45905596,2.967870271,6479.71,0.030100334
2024-11-01,Flipkart,West,BEC-GB-001,234,234,34866,4631.21,3184.72,6,6,Garbage Bag Medium 30s,Garbage Bags,Medium,149,70,N,30 bags,Matched,30234.79,16380,0.458239994,9.493704313,10670.07,0.025641026
2024-04-01,Swiggy Instamart,South,BEC-OTH-001,38,38,5662,1193.75,532.29,0,0,Bamboo Wet Wipes 72s,Others,Wipes,149,72,N,72 wipes,Matched,4468.25,2736,0.38767974,8.394390276,1199.96,0
2025-03-01,Swiggy Instamart,South,BEC-CLN-002,171,171,31635,5185.83,8207.62,7,7,Dishwash Liquid 750ml,Cleaners,Dishwash,185,88,N,750 ml,Matched,26449.17,15048,0.431059651,3.222513957,3193.55,0.040935673
2025-06-01,Swiggy Instamart,South,BEC-CMB-001,21,21,14679,3243.98,765.86,0,0,Home Cleaning Combo,Others,Combo,699,330,Y,4 items,Matched,11435.02,6930,0.393966954,14.93095344,3739.16,0
2025-04-01,Blinkit,South,BEC-GB-002,181,181,32399,1799.5,3429.73,5,5,Garbage Bag Large 15s,Garbage Bags,Large,179,86,N,15 bags,Matched,30599.5,15566,0.491298877,8.921839328,11603.77,0.027624309
2024-09-01,Zepto,North,BEC-CLN-003,288,288,86112,8945.47,25314.36,8,8,Laundry Liquid 1L,Cleaners,Laundry,299,150,N,1 L,Matched,77166.53,43200,0.440171795,3.048330276,8652.17,0.027777778
2025-01-01,Amazon,South,BEC-BW-001,173,173,38060,9458.81,2210.52,4,4,Compostable Cling Wrap,Bake & Wrap,Wrap,220,118,N,30 m,Matched,28601.19,20414,0.286253474,12.93867054,5976.67,0.023121387
2025-06-01,Flipkart,South,BEC-TIS-002,156,156,28080,7127.69,3126.5,5,5,Bamboo Toilet Roll 4-pack,Tissues,Toilet Roll,180,95,N,4 rolls,Matched,20952.31,14820,0.292679423,6.701522469,3005.81,0.032051282
2024-06-01,D2C,North,BEC-CLN-004,204,204,20196,1647.81,5553.54,32,32,Handwash 250ml,Cleaners,Handwash,99,44,N,250 ml,Matched,18548.19,8976,0.516071379,3.339885911,4018.65,0.156862745
2024-05-01,Flipkart,West,BEC-OTH-001,106,106,15794,4391.12,1305.01,4,4,Bamboo Wet Wipes 72s,Others,Wipes,149,72,N,72 wipes,Matched,11402.88,7632,0.330695403,8.737772124,2465.87,0.037735849
2024-08-01,Zepto,North,BEC-OTH-001,70,70,10430,2491.49,897.39,1,1,Bamboo Wet Wipes 72s,Others,Wipes,149,72,N,72 wipes,Matched,7938.51,5040,0.365120155,8.846220707,2001.12,0.014285714
2025-06-01,Flipkart,North,BEC-GB-001,154,154,22946,3053.78,1270.76,3,3,Garbage Bag Medium 30s,Garbage Bags,Medium,149,70,N,30 bags,Matched,19892.22,10780,0.458079591,15.65379773,7841.46,0.019480519
2024-05-01,D2C,West,BEC-BW-002,136,136,23800,905.87,3253.46,19,19,Parchment Paper Roll,Bake & Wrap,Bake,175,92,N,20 m,Matched,22894.13,12512,0.453484365,7.036856147,7128.67,0.139705882
2025-06-01,Swiggy Instamart,North,BEC-BW-001,59,59,12980,3046.43,1081.53,3,3,Compostable Cling Wrap,Bake & Wrap,Wrap,220,118,N,30 m,Matched,9933.57,6962,0.299144215,9.184738287,1890.04,0.050847458
2024-01-01,Zepto,North,BEC-CLN-001,373,373,74227,6006.97,22804.82,10,10,Floor Cleaner 1L,Cleaners,Floor Cleaner,199,96,N,1 L,Matched,68220.03,35808,0.475110169,2.991474171,9607.21,0.026809651
2024-02-01,Zepto,North,BEC-TIS-001,247,247,23465,3435.61,1110.99,13,13,Bamboo Facial Tissue 100s,Tissues,Facial,95,42,N,100 pulls,Matched,20029.39,10374,0.482061111,18.0284161,8544.4,0.052631579
2025-06-01,Flipkart,North,BEC-CMB-001,23,23,16077,4374.77,1178.52,0,0,Home Cleaning Combo,Others,Combo,699,330,Y,4 items,Matched,11702.23,7590,0.351405672,9.92959814,2933.71,0
2024-12-01,Flipkart,South,BEC-CLN-001,241,241,47959,5653.37,13799.28,12,12,Floor Cleaner 1L,Cleaners,Floor Cleaner,199,96,N,1 L,Matched,42305.63,23136,0.453122433,3.065785316,5370.35,0.049792531
2025-04-01,Blinkit,South,BEC-OTH-001,130,130,19370,4361.3,838.25,5,5,Bamboo Wet Wipes 72s,Others,Wipes,149,72,N,72 wipes,Matched,15008.7,9360,0.37636171,17.90480167,4810.45,0.038461538
2024-01-01,D2C,South,BEC-TIS-001,123,123,11685,1662.59,857.38,17,17,Bamboo Facial Tissue 100s,Tissues,Facial,95,42,N,100 pulls,Matched,10022.41,5166,0.484555112,11.68957755,3999.03,0.138211382
2025-01-01,Amazon,North,BEC-TIS-001,339,339,32205,4020.93,3169.91,6,6,Bamboo Facial Tissue 100s,Tissues,Facial,95,42,N,100 pulls,Matched,28184.07,14238,0.494821011,8.891126246,10776.16,0.017699115
2025-02-01,Blinkit,South,BEC-CLN-001,264,264,52536,13079.75,8153,5,5,Floor Cleaner 1L,Cleaners,Floor Cleaner,199,96,N,1 L,Matched,39456.25,25344,0.357668304,4.839476266,5959.25,0.018939394
2024-12-01,Flipkart,West,BEC-KT-001,174,174,27840,7328.84,2065.2,8,8,Kitchen Towel 2-roll,Kitchen Towel,Towel,160,78,N,2 rolls,Matched,20511.16,13572,0.338311436,9.931803215,4873.96,0.045977011
2025-03-01,Blinkit,North,BEC-CLN-003,465,465,139035,16221.89,36337.52,19,19,Laundry Liquid 1L,Cleaners,Laundry,299,150,N,1 L,Matched,122813.11,69750,0.43206389,3.379787889,16725.59,0.040860215
2024-10-01,Amazon,South,BEC-BW-001,95,95,20900,5987.8,0,4,4,Compostable Cling Wrap,Bake & Wrap,Wrap,220,118,N,30 m,Matched,14912.2,11210,0.24826652,,3702.2,0.042105263
2024-12-01,D2C,South,BEC-CLN-004,144,144,14256,1415.93,2320.77,18,18,Handwash 250ml,Cleaners,Handwash,99,44,N,250 ml,Matched,12840.07,6336,0.506544746,5.532676655,4183.3,0.125
2024-06-01,Blinkit,North,BEC-TIS-001,236,236,22420,1569.49,2057.34,9,9,Bamboo Facial Tissue 100s,Tissues,Facial,95,42,N,100 pulls,Matched,20850.51,9912,0.524615945,10.13469334,8881.17,0.038135593
2024-02-01,Flipkart,South,BEC-CLN-001,139,139,27661,4673.07,6548.29,7,7,Floor Cleaner 1L,Cleaners,Floor Cleaner,199,96,N,1 L,Matched,22987.93,13344,0.419521462,3.510524122,3095.64,0.050359712
2024-10-01,Blinkit,North,BEC-KT-002,189,189,79380,8395.64,5429.19,4,4,Kitchen Towel 6-roll,Kitchen Towel,Towel,420,205,N,6 rolls,Matched,70984.36,38745,0.45417554,13.0745765,26810.17,0.021164021
2024-04-01,Swiggy Instamart,West,BEC-GB-001,223,223,33227,5565.42,1745.36,7,7,Garbage Bag Medium 30s,Garbage Bags,Medium,149,70,N,30 bags,Matched,27661.58,15610,0.435679379,15.84863868,10306.22,0.031390135
2024-02-01,Swiggy Instamart,North,BEC-CLN-002,217,217,40145,3431.27,7944.85,5,5,Dishwash Liquid 750ml,Cleaners,Dishwash,185,88,N,750 ml,Matched,36713.73,19096,0.479867614,4.62107277,9672.88,0.023041475
2025-03-01,D2C,South,BEC-CLN-002,202,202,37370,4235.94,9935.87,33,33,Dishwash Liquid 750ml,Cleaners,Dishwash,185,88,N,750 ml,Matched,33134.06,17776,0.463512772,3.334792021,5422.19,0.163366337
2024-05-01,Amazon,West,BEC-CLN-003,488,488,145912,32127.16,29478.46,26,26,Laundry Liquid 1L,Cleaners,Laundry,299,150,N,1 L,Matched,113784.84,73200,0.356680556,3.859931625,11106.38,0.053278689
2024-05-01,Zepto,South,BEC-CLN-001,308,308,61292,10064.91,14569.59,6,6,Floor Cleaner 1L,Cleaners,Floor Cleaner,199,96,N,1 L,Matched,51227.09,29568,0.422805395,3.516028248,7089.5,0.019480519
2025-05-01,D2C,West,BEC-TIS-001,286,286,27170,3184.59,2520.13,43,43,Bamboo Facial Tissue 100s,Tissues,Facial,95,42,N,100 pulls,Matched,23985.41,12012,0.499195553,9.517528858,9453.28,0.15034965
2025-02-01,Zepto,South,BEC-KT-002,204,204,85680,19791.35,3830.31,10,10,Kitchen Towel 6-roll,Kitchen Towel,Towel,420,205,N,6 rolls,Matched,65888.65,41820,0.365292808,17.20191055,20238.34,0.049019608
2024-03-01,Zepto,West,BEC-BW-002,200,200,35000,7489.07,2677.68,8,8,Parchment Paper Roll,Bake & Wrap,Bake,175,92,N,20 m,Matched,27510.93,18400,0.331174918,10.27416644,6433.25,0.04
2024-02-01,Flipkart,West,BEC-TIS-002,234,234,42120,7218.86,4854.64,6,6,Bamboo Toilet Roll 4-pack,Tissues,Toilet Roll,180,95,N,4 rolls,Matched,34901.14,22230,0.363058055,7.189233393,7816.5,0.025641026
2025-04-01,D2C,South,BEC-BW-002,66,66,11550,1472.44,1395.44,9,9,Parchment Paper Roll,Bake & Wrap,Bake,175,92,N,20 m,Matched,10077.56,6072,0.397473198,7.22177951,2610.12,0.136363636
2025-01-01,Swiggy Instamart,West,BEC-BW-002,80,80,14000,3942.11,1462.33,2,2,Parchment Paper Roll,Bake & Wrap,Bake,175,92,N,20 m,Matched,10057.89,7360,0.268236181,6.877989236,1235.56,0.025
2025-04-01,Zepto,North,BEC-KT-001,273,273,43680,2936.03,3919.75,14,14,Kitchen Towel 2-roll,Kitchen Towel,Towel,160,78,N,2 rolls,Matched,40743.97,21294,0.477370516,10.39453281,15530.22,0.051282051
2024-06-01,D2C,West,BEC-TIS-002,154,154,27720,3079.55,2702.49,21,21,Bamboo Toilet Roll 4-pack,Tissues,Toilet Roll,180,95,N,4 rolls,Matched,24640.45,14630,0.406260843,9.117684062,7307.96,0.136363636
2025-05-01,D2C,West,BEC-CLN-004,337,337,33363,2791.41,5569.43,32,32,Handwash 250ml,Cleaners,Handwash,99,44,N,250 ml,Matched,30571.59,14828,0.514974524,5.489177528,10174.16,0.09495549
2024-12-01,Zepto,West,BEC-CLN-004,508,508,50292,12085.52,11529.5,17,17,Handwash 250ml,Cleaners,Handwash,99,44,N,250 ml,Matched,38206.48,22352,0.414968351,3.313801986,4324.98,0.033464567
2025-04-01,D2C,South,BEC-TIS-001,168,168,15960,1301.28,1503.73,26,26,Bamboo Facial Tissue 100s,Tissues,Facial,95,42,N,100 pulls,Matched,14658.72,7056,0.518648286,9.748239378,6098.99,0.154761905
2024-04-01,Zepto,West,BEC-CLN-001,365,365,72635,13456.79,12739.68,12,12,Floor Cleaner 1L,Cleaners,Floor Cleaner,199,96,N,1 L,Matched,59178.21,35040,0.407890168,4.645188105,11398.53,0.032876712
2025-03-01,Amazon,North,BEC-BW-001,220,220,48400,8534.56,5073.3,5,5,Compostable Cling Wrap,Bake & Wrap,Wrap,220,118,N,30 m,Matched,39865.44,25960,0.348809395,7.857891313,8832.14,0.022727273
2024-12-01,Blinkit,North,BEC-KT-001,189,189,30240,4164,3856.18,6,6,Kitchen Towel 2-roll,Kitchen Towel,Towel,160,78,N,2 rolls,Matched,26076,14742,0.434652554,6.762132473,7477.82,0.031746032
2024-02-01,Flipkart,West,BEC-CLN-001,379,379,75421,6635.69,22426.18,9,9,Floor Cleaner 1L,Cleaners,Floor Cleaner,199,96,N,1 L,Matched,68785.31,36384,0.471049851,3.067187992,9975.13,0.023746702
2024-12-01,Amazon,West,BEC-BW-001,291,291,64020,3657.42,4776.69,14,14,Compostable Cling Wrap,Bake & Wrap,Wrap,220,118,N,30 m,Matched,60362.58,34338,0.431137635,12.63690547,21247.89,0.048109966
2025-03-01,Zepto,North,BEC-KT-001,183,183,29280,3500.46,3345.87,10,10,Kitchen Towel 2-roll,Kitchen Towel,Towel,160,78,N,2 rolls,Matched,25779.54,14274,0.446305093,7.704883932,8159.67,0.054644809
2024-05-01,Swiggy Instamart,North,BEC-GB-002,154,154,27566,5994.03,2896.95,5,5,Garbage Bag Large 15s,Garbage Bags,Large,179,86,N,15 bags,Matched,21571.97,13244,0.386055145,7.446441948,5431.02,0.032467532
2024-04-01,Blinkit,North,BEC-CLN-004,463,463,45837,8745.92,7263.39,18,18,Handwash 250ml,Cleaners,Handwash,99,44,N,250 ml,Matched,37091.08,20372,0.450757433,5.10657971,9455.69,0.03887689
2025-05-01,Flipkart,North,BEC-CLN-004,253,253,25047,4219.05,4115.11,10,10,Handwash 250ml,Cleaners,Handwash,99,44,N,250 ml,Matched,20827.95,11132,0.465525892,5.061334934,5580.84,0.039525692
2024-09-01,Blinkit,South,BEC-OTH-001,89,89,13261,3259.32,928.59,3,3,Bamboo Wet Wipes 72s,Others,Wipes,149,72,N,72 wipes,Matched,10001.68,6408,0.359307636,10.77082458,2665.09,0.033707865
2025-06-01,Swiggy Instamart,West,BEC-TIS-002,231,231,41580,9903.92,3016.87,13,13,Bamboo Toilet Roll 4-pack,Tissues,Toilet Roll,180,95,N,4 rolls,Matched,31676.08,21945,0.307205942,10.4996503,6714.21,0.056277056
2025-01-01,Blinkit,South,BEC-KT-002,169,169,70980,5044.99,6657.33,3,3,Kitchen Towel 6-roll,Kitchen Towel,Towel,420,205,N,6 rolls,Matched,65935.01,34645,0.474558357,9.904122223,24632.68,0.017751479
2024-10-01,Flipkart,West,BEC-CLN-002,302,302,55870,5697.35,13378.82,15,15,Dishwash Liquid 750ml,Cleaners,Dishwash,185,88,N,750 ml,Matched,50172.65,26576,0.470309023,3.750155096,10217.83,0.049668874
2024-07-01,Swiggy Instamart,North,BEC-GB-001,116,116,17284,4071.19,1313.36,5,5,Garbage Bag Medium 30s,Garbage Bags,Medium,149,70,N,30 bags,Matched,13212.81,8120,0.385444883,10.06031096,3779.45,0.043103448
2024-03-01,Flipkart,West,BEC-KT-002,210,210,88200,11165.73,9819.01,6,6,Kitchen Towel 6-roll,Kitchen Towel,Towel,420,205,N,6 rolls,Matched,77034.27,43050,0.441157812,7.84542128,24165.26,0.028571429
2025-02-01,Zepto,South,BEC-KT-001,222,222,35520,3486.64,3742.08,12,12,Kitchen Towel 2-roll,Kitchen Towel,Towel,160,78,N,2 rolls,Matched,32033.36,17316,0.459438535,8.560308705,10975.28,0.054054054
2024-04-01,D2C,South,BEC-GB-002,121,121,21659,2453.36,1784.81,11,11,Garbage Bag Large 15s,Garbage Bags,Large,179,86,N,15 bags,Matched,19205.64,10406,0.458179993,10.76060757,7014.83,0.090909091
2024-03-01,Zepto,South,BEC-CLN-004,255,255,25245,6820.09,5102.65,6,6,Handwash 250ml,Cleaners,Handwash,99,44,N,250 ml,Matched,18424.91,11220,0.391041802,3.610851224,2102.26,0.023529412
2025-03-01,Amazon,West,BEC-OTH-001,169,169,25181,5341.07,2223.01,4,4,Bamboo Wet Wipes 72s,Others,Wipes,149,72,N,72 wipes,Matched,19839.93,12168,0.386691384,8.924804657,5448.92,0.023668639
2024-02-01,Blinkit,West,BEC-GB-002,243,243,43497,2342.76,2179.25,6,6,Garbage Bag Large 15s,Garbage Bags,Large,179,86,N,15 bags,Matched,41154.24,20898,0.492202991,18.88458873,18076.99,0.024691358
2025-02-01,Flipkart,North,BEC-KT-002,201,201,84420,17731,5549.68,9,9,Kitchen Towel 6-roll,Kitchen Towel,Towel,420,205,N,6 rolls,Matched,66689,41205,0.382131986,12.01672889,19934.32,0.044776119
2024-02-01,Flipkart,North,BEC-CMB-001,39,39,27261,1744.82,2842.42,1,1,Home Cleaning Combo,Others,Combo,699,330,Y,4 items,Matched,25516.18,12870,0.495614155,8.976921074,9803.76,0.025641026
2025-05-01,Zepto,South,BEC-CLN-004,361,361,35739,3496.8,9345.75,15,15,Handwash 250ml,Cleaners,Handwash,99,44,N,250 ml,Matched,32242.2,15884,0.507353717,3.449931787,7012.45,0.041551247
2024-05-01,Flipkart,North,BEC-GB-001,165,165,24585,1246.67,1711.35,9,9,Garbage Bag Medium 30s,Garbage Bags,Medium,149,70,N,30 bags,Matched,23338.33,11550,0.505105978,13.63737985,10076.98,0.054545455
2024-10-01,Amazon,North,BEC-OTH-001,89,89,13261,3900.18,1027.64,4,4,Bamboo Wet Wipes 72s,Others,Wipes,149,72,N,72 wipes,Matched,9360.82,6408,0.315444587,9.109045969,1925.18,0.04494382
2024-01-01,Zepto,South,BEC-GB-001,208,208,30992,2342.47,2792.65,10,10,Garbage Bag Medium 30s,Garbage Bags,Medium,149,70,N,30 bags,Matched,28649.53,14560,0.49178922,10.25890462,11296.88,0.048076923
2024-01-01,Amazon,North,BEC-GB-002,247,247,44213,3554.97,3830.47,5,5,Garbage Bag Large 15s,Garbage Bags,Large,179,86,N,15 bags,Matched,40658.03,21242,0.47754478,10.61437108,15585.56,0.020242915
2025-02-01,Flipkart,South,BEC-CMB-001,29,29,20271,5411.73,878.39,1,1,Home Cleaning Combo,Others,Combo,699,330,Y,4 items,Matched,14859.27,9570,0.355957594,16.91648357,4410.88,0.034482759
2025-03-01,D2C,South,BEC-CLN-003,149,149,44551,5149.03,10929.91,17,17,Laundry Liquid 1L,Cleaners,Laundry,299,150,N,1 L,Matched,39401.97,22350,0.432769478,3.60496747,6122.06,0.11409396
2024-06-01,Blinkit,South,BEC-KT-002,163,163,68460,12658.82,5368.19,5,5,Kitchen Towel 6-roll,Kitchen Towel,Towel,420,205,N,6 rolls,Matched,55801.18,33415,0.401177538,10.39478483,17017.99,0.030674847
2024-01-01,Flipkart,South,BEC-OTH-001,72,72,10728,2491.86,917.51,3,3,Bamboo Wet Wipes 72s,Others,Wipes,149,72,N,72 wipes,Matched,8236.14,5184,0.370578936,8.976621508,2134.63,0.041666667
2024-06-01,Flipkart,North,BEC-GB-001,118,118,17582,3677.03,1526.8,5,5,Garbage Bag Medium 30s,Garbage Bags,Medium,149,70,N,30 bags,Matched,13904.97,8260,0.405967794,9.107263558,4118.17,0.042372881
2024-09-01,Amazon,West,BEC-CLN-004,391,391,38709,4312.65,6481.17,17,17,Handwash 250ml,Cleaners,Handwash,99,44,N,250 ml,Matched,34396.35,17204,0.499830651,5.307120474,10711.18,0.043478261
2024-08-01,Amazon,West,BEC-CLN-001,569,569,113231,17810.51,22876.76,28,28,Floor Cleaner 1L,Cleaners,Floor Cleaner,199,96,N,1 L,Matched,95420.49,54624,0.427544336,4.17106662,17919.73,0.049209139
2024-10-01,D2C,North,BEC-BW-002,75,75,13125,474.03,1447.01,8,8,Parchment Paper Roll,Bake & Wrap,Bake,175,92,N,20 m,Matched,12650.97,6900,0.454587277,8.742835226,4303.96,0.106666667
2025-02-01,D2C,South,BEC-TIS-002,125,125,22500,3142.13,0,20,20,Bamboo Toilet Roll 4-pack,Tissues,Toilet Roll,180,95,N,4 rolls,Matched,19357.87,11875,0.386554409,,7482.87,0.16
2024-01-01,Zepto,South,BEC-CMB-001,27,27,18873,2697.94,1813.25,0,0,Home Cleaning Combo,Others,Combo,699,330,Y,4 items,Matched,16175.06,8910,0.449151966,8.920479801,5451.81,0
2024-10-01,D2C,South,BEC-TIS-002,99,99,17820,2516.21,843.11,14,14,Bamboo Toilet Roll 4-pack,Tissues,Toilet Roll,180,95,N,4 rolls,Matched,15303.79,9405,0.38544635,18.1515935,5055.68,0.141414141
2025-01-01,Flipkart,South,BEC-OTH-001,63,63,9387,2569.92,653.82,1,1,Bamboo Wet Wipes 72s,Others,Wipes,149,72,N,72 wipes,Matched,6817.08,4536,0.334612473,10.42653941,1627.26,0.015873016
2024-03-01,Zepto,South,BEC-KT-001,192,192,30720,9010,1272.3,9,9,Kitchen Towel 2-roll,Kitchen Towel,Towel,160,78,N,2 rolls,Matched,21710,14976,0.310179641,17.06358563,5461.7,0.046875
2024-02-01,Flipkart,North,BEC-TIS-002,188,188,33840,8226.06,3661.46,8,8,Bamboo Toilet Roll 4-pack,Tissues,Toilet Roll,180,95,N,4 rolls,Matched,25613.94,17860,0.302723439,6.995553686,4092.48,0.042553191
2024-03-01,Flipkart,South,BEC-TIS-001,212,212,20140,1995.39,2297.45,6,6,Bamboo Facial Tissue 100s,Tissues,Facial,95,42,N,100 pulls,Matched,18144.61,8904,0.509275757,7.897717034,6943.16,0.028301887
2025-06-01,D2C,West,BEC-TIS-002,188,188,33840,3207.7,3782.06,24,24,Bamboo Toilet Roll 4-pack,Tissues,Toilet Roll,180,95,N,4 rolls,Matched,30632.3,17860,0.416955305,8.099369127,8990.24,0.127659574
2025-04-01,D2C,West,BEC-TIS-001,310,310,29450,2802.09,3109.23,33,33,Bamboo Facial Tissue 100s,Tissues,Facial,95,42,N,100 pulls,Matched,26647.91,13020,0.511406335,8.570581784,10518.68,0.106451613
2024-03-01,Amazon,South,BEC-GB-001,292,292,43508,2632.92,3091.08,16,16,Garbage Bag Medium 30s,Garbage Bags,Medium,149,70,N,30 bags,Matched,40875.08,20440,0.499939817,13.2235594,17344,0.054794521
2024-06-01,D2C,South,BEC-CLN-004,193,193,19107,977.43,4219.04,19,19,Handwash 250ml,Cleaners,Handwash,99,44,N,250 ml,Matched,18129.57,8492,0.531593965,4.297084171,5418.53,0.098445596
2024-07-01,Flipkart,West,BEC-TIS-001,202,202,19190,5289.53,1201.76,9,9,Bamboo Facial Tissue 100s,Tissues,Facial,95,42,N,100 pulls,Matched,13900.47,8484,0.389660925,11.56676042,4214.71,0.044554455
2025-06-01,D2C,South,BEC-OTH-001,49,49,7301,931.27,617.85,5,5,Bamboo Wet Wipes 72s,Others,Wipes,149,72,N,72 wipes,Matched,6369.73,3528,0.44613037,10.30950878,2223.88,0.102040816
2025-05-01,Swiggy Instamart,South,BEC-CLN-004,173,173,17127,2310.24,4495.52,3,3,Handwash 250ml,Cleaners,Handwash,99,44,N,250 ml,Matched,14816.76,7612,0.486257454,3.295894579,2709.24,0.01734104
2024-11-01,D2C,West,BEC-BW-001,69,69,15180,499.15,1943.85,6,6,Compostable Cling Wrap,Bake & Wrap,Wrap,220,118,N,30 m,Matched,14680.85,8142,0.44539996,7.552460324,4595,0.086956522
2024-05-01,Blinkit,North,BEC-GB-002,253,253,45287,11867.29,4588.14,9,9,Garbage Bag Large 15s,Garbage Bags,Large,179,86,N,15 bags,Matched,33419.71,21758,0.348947073,7.28393423,7073.57,0.035573123
2025-04-01,D2C,North,BEC-TIS-002,151,151,27180,744.24,3633,19,19,Bamboo Toilet Roll 4-pack,Tissues,Toilet Roll,180,95,N,4 rolls,Matched,26435.76,14345,0.457363813,7.276564822,8457.76,0.125827815
2024-03-01,D2C,South,BEC-CLN-004,177,177,17523,2155.34,4285.39,21,21,Handwash 250ml,Cleaners,Handwash,99,44,N,250 ml,Matched,15367.66,7788,0.493221479,3.586058678,3294.27,0.118644068
2024-01-01,D2C,West,BEC-BW-002,111,111,19425,1273.37,1903.49,11,11,Parchment Paper Roll,Bake & Wrap,Bake,175,92,N,20 m,Matched,18151.63,10212,0.437405897,9.535973396,6036.14,0.099099099
2024-10-01,Flipkart,West,BEC-KT-002,139,139,58380,8035.38,6577.61,5,5,Kitchen Towel 6-roll,Kitchen Towel,Towel,420,205,N,6 rolls,Matched,50344.62,28495,0.434001091,7.653938133,15272.01,0.035971223
2025-04-01,Swiggy Instamart,South,BEC-CLN-001,137,137,27263,4921.19,6627.34,6,6,Floor Cleaner 1L,Cleaners,Floor Cleaner,199,96,N,1 L,Matched,22341.81,13152,0.411327909,3.371157961,2562.47,0.04379562
2024-08-01,Flipkart,South,BEC-BW-001,62,62,13640,994.84,1372.5,2,2,Compostable Cling Wrap,Bake & Wrap,Wrap,220,118,N,30 m,Matched,12645.16,7316,0.421438716,9.21323133,3956.66,0.032258065
2024-04-01,Amazon,North,BEC-KT-001,301,301,48160,6645.96,4943.08,10,10,Kitchen Towel 2-roll,Kitchen Towel,Towel,160,78,N,2 rolls,Matched,41514.04,23478,0.434456391,8.398415563,13092.96,0.033222591
2025-06-01,D2C,South,BEC-CLN-001,145,145,28855,3796.48,5971.32,17,17,Floor Cleaner 1L,Cleaners,Floor Cleaner,199,96,N,1 L,Matched,25058.52,13920,0.444500314,4.19647917,5167.2,0.117241379
2024-10-01,Flipkart,South,BEC-GB-001,90,90,13410,2033.09,1590.07,4,4,Garbage Bag Medium 30s,Garbage Bags,Medium,149,70,N,30 bags,Matched,11376.91,6300,0.446246828,7.154974309,3486.84,0.044444444
2024-10-01,Blinkit,North,BEC-BW-002,84,84,14700,1935.08,1218.58,2,2,Parchment Paper Roll,Bake & Wrap,Bake,175,92,N,20 m,Matched,12764.92,7728,0.3945908,10.47524167,3818.34,0.023809524
2024-07-01,Flipkart,South,BEC-GB-001,84,84,12516,750.77,975.5,2,2,Garbage Bag Medium 30s,Garbage Bags,Medium,149,70,N,30 bags,Matched,11765.23,5880,0.500222265,12.06071758,4909.73,0.023809524
2024-11-01,Zepto,North,BEC-CLN-002,339,339,62715,5041.86,13698.79,13,13,Dishwash Liquid 750ml,Cleaners,Dishwash,185,88,N,750 ml,Matched,57673.14,29832,0.482740146,4.210090088,14142.35,0.038348083
2024-07-01,Swiggy Instamart,West,BEC-TIS-001,199,199,18905,4873.23,1293.53,7,7,Bamboo Facial Tissue 100s,Tissues,Facial,95,42,N,100 pulls,Matched,14031.77,8358,0.404351696,10.84765719,4380.24,0.035175879
2025-04-01,Zepto,West,BEC-CLN-001,565,565,112435,8790.37,31460.09,15,15,Floor Cleaner 1L,Cleaners,Floor Cleaner,199,96,N,1 L,Matched,103644.63,54240,0.476673321,3.294479768,17944.54,0.026548673
2024-10-01,Blinkit,South,BEC-CLN-003,201,201,60099,10998.68,15068.58,9,9,Laundry Liquid 1L,Cleaners,Laundry,299,150,N,1 L,Matched,49100.32,30150,0.385951049,3.258457001,3881.74,0.044776119
2025-01-01,Amazon,West,BEC-BW-001,290,290,63800,12037.1,6142.16,15,15,Compostable Cling Wrap,Bake & Wrap,Wrap,220,118,N,30 m,Matched,51762.9,34220,0.338908755,8.427475025,11400.74,0.051724138
2025-01-01,Flipkart,West,BEC-TIS-002,261,261,46980,3934.2,3382.53,14,14,Bamboo Toilet Roll 4-pack,Tissues,Toilet Roll,180,95,N,4 rolls,Matched,43045.8,24795,0.423985615,12.72591817,14868.27,0.053639847
2024-12-01,D2C,North,BEC-CLN-001,249,249,49551,2165.31,16096.47,25,25,Floor Cleaner 1L,Cleaners,Floor Cleaner,199,96,N,1 L,Matched,47385.69,23904,0.495543908,2.943856013,7385.22,0.100401606
2025-06-01,Blinkit,South,BEC-CLN-002,257,257,47545,6988.45,10915.09,6,6,Dishwash Liquid 750ml,Cleaners,Dishwash,185,88,N,750 ml,Matched,40556.55,22616,0.442358879,3.715640457,7025.46,0.023346304
2024-05-01,Flipkart,North,BEC-CLN-003,287,287,85813,14667.08,22077.15,13,13,Laundry Liquid 1L,Cleaners,Laundry,299,150,N,1 L,Matched,71145.92,43050,0.394905569,3.222604367,6018.77,0.045296167
2025-03-01,Amazon,South,BEC-CLN-003,445,445,133055,18742.99,36201.72,26,26,Laundry Liquid 1L,Cleaners,Laundry,299,150,N,1 L,Matched,114312.01,66750,0.416071855,3.1576403,11360.29,0.058426966
2024-08-01,Zepto,North,BEC-KT-002,124,124,52080,2880.83,3133.5,6,6,Kitchen Towel 6-roll,Kitchen Towel,Towel,420,205,N,6 rolls,Matched,49199.17,25420,0.483324617,15.7010276,20645.67,0.048387097
2024-04-01,Zepto,South,BEC-BW-002,117,117,20475,2270.54,1979.27,4,4,Parchment Paper Roll,Bake & Wrap,Bake,175,92,N,20 m,Matched,18204.46,10764,0.408716326,9.197562738,5461.19,0.034188034
2024-08-01,Amazon,North,BEC-CLN-001,480,480,95520,11028.59,16691.58,25,25,Floor Cleaner 1L,Cleaners,Floor Cleaner,199,96,N,1 L,Matched,84491.41,46080,0.454619115,5.061918045,21719.83,0.052083333
2024-06-01,Swiggy Instamart,North,BEC-CLN-004,214,214,21186,3941,5307.17,7,7,Handwash 250ml,Cleaners,Handwash,99,44,N,250 ml,Matched,17245,9416,0.453986663,3.249377729,2521.83,0.03271028
2025-04-01,D2C,West,BEC-OTH-001,107,107,15943,619.57,1709.8,16,16,Bamboo Wet Wipes 72s,Others,Wipes,149,72,N,72 wipes,Matched,15323.43,7704,0.4972405,8.962118376,5909.63,0.14953271
2024-01-01,Flipkart,West,BEC-TIS-002,310,310,55800,9236.53,3094.3,17,17,Bamboo Toilet Roll 4-pack,Tissues,Toilet Roll,180,95,N,4 rolls,Matched,46563.47,29450,0.367529954,15.04814336,14019.17,0.05483871
2024-01-01,Flipkart,North,BEC-KT-001,145,145,23200,2832.34,2547.01,3,3,Kitchen Towel 2-roll,Kitchen Towel,Towel,160,78,N,2 rolls,Matched,20367.66,11310,0.444707934,7.996694163,6510.65,0.020689655
2024-07-01,Zepto,South,BEC-GB-001,121,121,18029,4653.28,1571.99,3,3,Garbage Bag Medium 30s,Garbage Bags,Medium,149,70,N,30 bags,Matched,13375.72,8470,0.36676306,8.508781862,3333.73,0.024793388
2024-01-01,Swiggy Instamart,South,BEC-TIS-002,140,140,25200,2656.32,1783.14,6,6,Bamboo Toilet Roll 4-pack,Tissues,Toilet Roll,180,95,N,4 rolls,Matched,22543.68,13300,0.410034209,12.6426865,7460.54,0.042857143
2025-04-01,D2C,North,BEC-KT-002,128,128,53760,6478.07,2502.61,19,19,Kitchen Towel 6-roll,Kitchen Towel,Towel,420,205,N,6 rolls,Matched,47281.93,26240,0.445031114,18.89304766,18539.32,0.1484375
2024-09-01,Amazon,West,BEC-TIS-001,383,383,36385,9526.32,2853.01,19,19,Bamboo Facial Tissue 100s,Tissues,Facial,95,42,N,100 pulls,Matched,26858.68,16086,0.40108747,9.414155576,7919.67,0.049608355
2024-10-01,Zepto,North,BEC-CLN-002,251,251,46435,11651.92,6311.61,10,10,Dishwash Liquid 750ml,Cleaners,Dishwash,185,88,N,750 ml,Matched,34783.08,22088,0.364978605,5.510967883,6383.47,0.039840637
2024-07-01,Blinkit,North,BEC-CLN-003,281,281,84019,22441.63,17782.33,14,14,Laundry Liquid 1L,Cleaners,Laundry,299,150,N,1 L,Matched,61577.37,42150,0.315495287,3.462840359,1645.04,0.049822064
2024-06-01,Blinkit,North,BEC-GB-002,166,166,29714,5800.9,1719.49,7,7,Garbage Bag Large 15s,Garbage Bags,Large,179,86,N,15 bags,Matched,23913.1,14276,0.403005047,13.90708873,7917.61,0.042168675
2024-04-01,Zepto,West,BEC-CLN-002,433,433,80105,9491.74,21313.53,19,19,Dishwash Liquid 750ml,Cleaners,Dishwash,185,88,N,750 ml,Matched,70613.26,38104,0.460384636,3.313072025,11195.73,0.043879908
2025-05-01,Swiggy Instamart,North,BEC-CLN-002,217,217,40145,2658.7,9275.74,5,5,Dishwash Liquid 750ml,Cleaners,Dishwash,185,88,N,750 ml,Matched,37486.3,19096,0.490587228,4.041327161,9114.56,0.023041475
2025-03-01,Amazon,North,BEC-CLN-001,523,523,104077,28811.56,16939.91,25,25,Floor Cleaner 1L,Cleaners,Floor Cleaner,199,96,N,1 L,Matched,75265.44,50208,0.332920926,4.443083818,8117.53,0.047801147
2024-08-01,Flipkart,West,BEC-OTH-001,92,92,13708,2089.47,1441.94,2,2,Bamboo Wet Wipes 72s,Others,Wipes,149,72,N,72 wipes,Matched,11618.53,6624,0.429876241,8.057568276,3552.59,0.02173913
2024-09-01,Swiggy Instamart,North,BEC-TIS-002,94,94,16920,4091.18,1352.36,5,5,Bamboo Toilet Roll 4-pack,Tissues,Toilet Roll,180,95,N,4 rolls,Matched,12828.82,8930,0.303911038,9.486246266,2546.46,0.053191489
2024-04-01,Blinkit,North,BEC-CLN-003,283,283,84617,10963.33,0,16,16,Laundry Liquid 1L,Cleaners,Laundry,299,150,N,1 L,Matched,73653.67,42450,0.423653974,,31203.67,0.056537102
2025-03-01,D2C,South,BEC-CLN-001,213,213,42387,5745.03,12267.77,31,31,Floor Cleaner 1L,Cleaners,Floor Cleaner,199,96,N,1 L,Matched,36641.97,20448,0.441951402,2.986848466,3926.2,0.145539906
2024-01-01,Flipkart,West,BEC-GB-001,246,246,36654,10133.05,3405.39,6,6,Garbage Bag Medium 30s,Garbage Bags,Medium,149,70,N,30 bags,Matched,26520.95,17220,0.350701992,7.787933247,5895.56,0.024390244
2025-02-01,Amazon,West,BEC-CLN-002,627,627,115995,10567.4,22733.46,31,31,Dishwash Liquid 750ml,Cleaners,Dishwash,185,88,N,750 ml,Matched,105427.6,55176,0.476645584,4.637551873,27518.14,0.049441786
2024-02-01,D2C,South,BEC-GB-002,100,100,17900,474.67,2220.03,14,14,Garbage Bag Large 15s,Garbage Bags,Large,179,86,N,15 bags,Matched,17425.33,8600,0.506465588,7.849141678,6605.3,0.14
2025-02-01,Amazon,North,BEC-CLN-003,574,574,171626,25137.04,42666.66,12,12,Laundry Liquid 1L,Cleaners,Laundry,299,150,N,1 L,Matched,146488.96,86100,0.412242397,3.433335536,17722.3,0.020905923
2024-12-01,Zepto,West,BEC-KT-002,259,259,108780,8397.25,5078.95,11,11,Kitchen Towel 6-roll,Kitchen Towel,Towel,420,205,N,6 rolls,Matched,100382.75,53095,0.471074462,19.76446903,42208.8,0.042471042
2025-05-01,D2C,North,BEC-TIS-002,246,246,44280,2332.04,5425.04,33,33,Bamboo Toilet Roll 4-pack,Tissues,Toilet Roll,180,95,N,4 rolls,Matched,41947.96,23370,0.442881132,7.732285845,13152.92,0.134146341
2024-02-01,Blinkit,North,BEC-TIS-002,213,213,38340,5398.8,2967.04,11,11,Bamboo Toilet Roll 4-pack,Tissues,Toilet Roll,180,95,N,4 rolls,Matched,32941.2,20235,0.385723653,11.10237813,9739.16,0.051643192
2025-04-01,Zepto,North,BEC-GB-002,243,243,43497,4966.38,2767.67,11,11,Garbage Bag Large 15s,Garbage Bags,Large,179,86,N,15 bags,Matched,38530.62,20898,0.457626168,13.92168141,14864.95,0.04526749
2025-02-01,D2C,North,BEC-OTH-001,70,70,10430,983.85,1174.07,9,9,Bamboo Wet Wipes 72s,Others,Wipes,149,72,N,72 wipes,Matched,9446.15,5040,0.466449294,8.045644638,3232.08,0.128571429
2024-10-01,Amazon,North,BEC-GB-002,190,190,34010,3618.53,3739.67,10,10,Garbage Bag Large 15s,Garbage Bags,Large,179,86,N,15 bags,Matched,30391.47,16340,0.462349139,8.126778566,10311.8,0.052631579
2024-01-01,Flipkart,South,BEC-CLN-004,131,131,12969,3432.04,2507.46,6,6,Handwash 250ml,Cleaners,Handwash,99,44,N,250 ml,Matched,9536.96,5764,0.395614535,3.803434551,1265.5,0.045801527
2024-10-01,Blinkit,West,BEC-TIS-001,366,366,34770,9770.52,1288.44,16,16,Bamboo Facial Tissue 100s,Tissues,Facial,95,42,N,100 pulls,Matched,24999.48,15372,0.38510721,19.40290584,8339.04,0.043715847
2024-12-01,Swiggy Instamart,South,BEC-GB-001,131,131,19519,4387.14,1652.28,3,3,Garbage Bag Medium 30s,Garbage Bags,Medium,149,70,N,30 bags,Matched,15131.86,9170,0.393993865,9.158169318,4309.58,0.022900763
2024-10-01,Swiggy Instamart,North,BEC-OTH-001,65,65,9685,2498.9,1017.22,2,2,Bamboo Wet Wipes 72s,Others,Wipes,149,72,N,72 wipes,Matched,7186.1,4680,0.348742712,7.064450168,1488.88,0.030769231
2024-06-01,Zepto,West,BEC-CMB-001,41,41,28659,7984.4,2409.18,1,1,Home Cleaning Combo,Others,Combo,699,330,Y,4 items,Matched,20674.6,13530,0.345573796,8.581592077,4735.42,0.024390244
2025-03-01,Blinkit,South,BEC-CLN-002,301,301,55685,11065.35,8536.03,11,11,Dishwash Liquid 750ml,Cleaners,Dishwash,185,88,N,750 ml,Matched,44619.65,26488,0.406360202,5.227213353,9595.62,0.03654485
2025-03-01,Blinkit,North,BEC-CMB-001,43,43,30057,3724.46,2000.57,1,1,Home Cleaning Combo,Others,Combo,699,330,Y,4 items,Matched,26332.54,14190,0.461123006,13.16251868,10141.97,0.023255814
2025-05-01,D2C,North,BEC-CMB-001,27,27,18873,1153.17,2487.15,3,3,Home Cleaning Combo,Others,Combo,699,330,Y,4 items,Matched,17719.83,8910,0.497173506,7.124552198,6322.68,0.111111111
2025-05-01,D2C,South,BEC-CLN-003,164,164,49036,2104.47,15542.3,18,18,Laundry Liquid 1L,Cleaners,Laundry,299,150,N,1 L,Matched,46931.53,24600,0.475832132,3.019600059,6789.23,0.109756098
2024-03-01,Flipkart,South,BEC-CLN-001,230,230,45770,13584.63,5892.84,5,5,Floor Cleaner 1L,Cleaners,Floor Cleaner,199,96,N,1 L,Matched,32185.37,22080,0.31397402,5.461775646,4212.53,0.02173913
2024-08-01,Zepto,South,BEC-CLN-004,185,185,18315,4314.77,4465.56,11,11,Handwash 250ml,Cleaners,Handwash,99,44,N,250 ml,Matched,14000.23,8140,0.41858098,3.135156621,1394.67,0.059459459
2024-07-01,Zepto,West,BEC-BW-002,114,114,19950,4433.95,1352.58,3,3,Parchment Paper Roll,Bake & Wrap,Bake,175,92,N,20 m,Matched,15516.05,10488,0.324054769,11.47144716,3675.47,0.026315789
2025-04-01,Flipkart,West,BEC-CMB-001,42,42,29358,5158.67,2938.83,1,1,Home Cleaning Combo,Others,Combo,699,330,Y,4 items,Matched,24199.33,13860,0.42725687,8.234341558,7400.5,0.023809524
2024-10-01,Amazon,South,BEC-CLN-004,363,363,35937,3904.6,7536.42,13,13,Handwash 250ml,Cleaners,Handwash,99,44,N,250 ml,Matched,32032.4,15972,0.501379853,4.250346982,8523.98,0.035812672
2025-04-01,Amazon,West,BEC-TIS-002,667,667,120060,11031.16,15825.1,24,24,Bamboo Toilet Roll 4-pack,Tissues,Toilet Roll,180,95,N,4 rolls,Matched,109028.84,63365,0.418823497,6.8896146,29838.74,0.035982009
2025-04-01,Amazon,West,BEC-OTH-001,213,213,31737,4798.37,2956.13,6,6,Bamboo Wet Wipes 72s,Others,Wipes,149,72,N,72 wipes,Matched,26938.63,15336,0.430706016,9.112802888,8646.5,0.028169014
2024-10-01,Amazon,North,BEC-CLN-004,441,441,43659,4276.83,8126.8,14,14,Handwash 250ml,Cleaners,Handwash,99,44,N,250 ml,Matched,39382.17,19404,0.50728972,4.845962741,11851.37,0.031746032
2025-02-01,D2C,West,BEC-KT-002,249,249,104580,6892.57,9995.73,40,40,Kitchen Towel 6-roll,Kitchen Towel,Towel,420,205,N,6 rolls,Matched,97687.43,51045,0.477466036,9.772916035,36646.7,0.16064257
2024-04-01,D2C,West,BEC-KT-002,235,235,98700,9158.91,5763.59,33,33,Kitchen Towel 6-roll,Kitchen Towel,Towel,420,205,N,6 rolls,Matched,89541.09,48175,0.461978852,15.53564532,35602.5,0.140425532
2025-01-01,Zepto,North,BEC-CMB-001,48,48,33552,9153.41,3351.48,1,1,Home Cleaning Combo,Others,Combo,699,330,Y,4 items,Matched,24398.59,15840,0.350782156,7.27994498,5207.11,0.020833333
2024-12-01,Blinkit,West,BEC-TIS-001,400,400,38000,5811.02,3178.99,11,11,Bamboo Facial Tissue 100s,Tissues,Facial,95,42,N,100 pulls,Matched,32188.98,16800,0.478082251,10.12553673,12209.99,0.0275
2025-02-01,Amazon,West,BEC-GB-001,427,427,63623,12775.28,6721.04,11,11,Garbage Bag Medium 30s,Garbage Bags,Medium,149,70,N,30 bags,Matched,50847.72,29890,0.412166367,7.565454156,14236.68,0.025761124
2024-06-01,Zepto,West,BEC-GB-002,249,249,44571,4958.55,3212.07,10,10,Garbage Bag Large 15s,Garbage Bags,Large,179,86,N,15 bags,Matched,39612.45,21414,0.459412382,12.33237445,14986.38,0.040160643
2024-01-01,D2C,North,BEC-CLN-003,154,154,46046,1277.69,9533.56,22,22,Laundry Liquid 1L,Cleaners,Laundry,299,150,N,1 L,Matched,44768.31,23100,0.484010006,4.695864923,12134.75,0.142857143
2024-12-01,Flipkart,North,BEC-BW-002,107,107,18725,1791.92,1639.13,4,4,Parchment Paper Roll,Bake & Wrap,Bake,175,92,N,20 m,Matched,16933.08,9844,0.41865272,10.330529,5449.95,0.037383178
2024-10-01,Blinkit,West,BEC-CMB-001,59,59,41241,10890.52,4227.4,3,3,Home Cleaning Combo,Others,Combo,699,330,Y,4 items,Matched,30350.48,19470,0.358494495,7.179467285,6653.08,0.050847458
2025-05-01,D2C,West,BEC-CLN-002,393,393,72705,4834.34,16837.46,41,41,Dishwash Liquid 750ml,Cleaners,Dishwash,185,88,N,750 ml,Matched,67870.66,34584,0.490442556,4.030932219,16449.2,0.1043257
2025-04-01,Amazon,North,BEC-KT-002,449,449,188580,56181.75,7976.84,20,20,Kitchen Towel 6-roll,Kitchen Towel,Towel,420,205,N,6 rolls,Matched,132398.25,92045,0.304786884,16.59783197,32376.41,0.04454343
2024-10-01,Zepto,North,BEC-BW-002,78,78,13650,1779.77,886.23,2,2,Parchment Paper Roll,Bake & Wrap,Bake,175,92,N,20 m,Matched,11870.23,7176,0.39546243,13.39407377,3808,0.025641026
2024-09-01,Flipkart,North,BEC-BW-001,51,51,11220,2228.29,461.39,2,2,Compostable Cling Wrap,Bake & Wrap,Wrap,220,118,N,30 m,Matched,8991.71,6018,0.330716849,19.48830707,2512.32,0.039215686
2025-02-01,Blinkit,West,BEC-CLN-002,568,568,105080,20788.22,26947.91,15,15,Dishwash Liquid 750ml,Cleaners,Dishwash,185,88,N,750 ml,Matched,84291.78,49984,0.407012167,3.127952409,7359.87,0.026408451
2025-04-01,Zepto,North,BEC-TIS-002,270,270,48600,6628.17,4286.27,6,6,Bamboo Toilet Roll 4-pack,Tissues,Toilet Roll,180,95,N,4 rolls,Matched,41971.83,25650,0.388875825,9.792157284,12035.56,0.022222222
2024-01-01,Blinkit,North,BEC-KT-002,260,260,109200,13303.81,5243.1,11,11,Kitchen Towel 6-roll,Kitchen Towel,Towel,420,205,N,6 rolls,Matched,95896.19,53300,0.44419064,18.28997921,37353.09,0.042307692
2024-04-01,Blinkit,South,BEC-TIS-002,307,307,55260,3972.52,4002.94,17,17,Bamboo Toilet Roll 4-pack,Tissues,Toilet Roll,180,95,N,4 rolls,Matched,51287.48,29165,0.431342698,12.81245285,18119.54,0.055374593
2024-05-01,Blinkit,North,BEC-TIS-002,306,306,55080,13846.52,3970.3,9,9,Bamboo Toilet Roll 4-pack,Tissues,Toilet Roll,180,95,N,4 rolls,Matched,41233.48,29070,0.294990382,10.38548221,8193.18,0.029411765
2025-04-01,Zepto,South,BEC-CLN-001,285,285,56715,14652.32,8896.27,9,9,Floor Cleaner 1L,Cleaners,Floor Cleaner,199,96,N,1 L,Matched,42062.68,27360,0.349542159,4.728125383,5806.41,0.031578947
2024-10-01,Zepto,West,BEC-CLN-004,249,249,24651,6580.02,5215.82,5,5,Handwash 250ml,Cleaners,Handwash,99,44,N,250 ml,Matched,18070.98,10956,0.393724081,3.464647936,1899.16,0.020080321
2024-01-01,Swiggy Instamart,South,BEC-CLN-004,157,157,15543,3115.91,3266,6,6,Handwash 250ml,Cleaners,Handwash,99,44,N,250 ml,Matched,12427.09,6908,0.444117649,3.804987753,2253.09,0.038216561
2025-03-01,Amazon,North,BEC-CLN-003,462,462,138138,15348.38,27077.89,17,17,Laundry Liquid 1L,Cleaners,Laundry,299,150,N,1 L,Matched,122789.62,69300,0.435620047,4.534681986,26411.73,0.036796537
2024-11-01,Zepto,North,BEC-KT-002,195,195,81900,22556.34,4264.48,7,7,Kitchen Towel 6-roll,Kitchen Towel,Towel,420,205,N,6 rolls,Matched,59343.66,39975,0.326381285,13.91580216,15104.18,0.035897436
2025-02-01,D2C,West,BEC-BW-002,134,134,23450,842.34,2998.06,19,19,Parchment Paper Roll,Bake & Wrap,Bake,175,92,N,20 m,Matched,22607.66,12328,0.454698098,7.540763027,7281.6,0.141791045
2024-04-01,Flipkart,North,BEC-CLN-002,296,296,54760,15208.47,9902.7,14,14,Dishwash Liquid 750ml,Cleaners,Dishwash,185,88,N,750 ml,Matched,39551.53,26048,0.341416122,3.994014764,3600.83,0.047297297
2024-04-01,Swiggy Instamart,South,BEC-TIS-002,106,106,19080,5335.45,1335.74,4,4,Bamboo Toilet Roll 4-pack,Tissues,Toilet Roll,180,95,N,4 rolls,Matched,13744.55,10070,0.267345966,10.28983934,2338.81,0.037735849
2024-09-01,D2C,North,BEC-TIS-002,135,135,24300,1676.41,1552.45,16,16,Bamboo Toilet Roll 4-pack,Tissues,Toilet Roll,180,95,N,4 rolls,Matched,22623.59,12825,0.433113843,14.57283004,8246.14,0.118518519
2024-10-01,Swiggy Instamart,South,BEC-TIS-002,112,112,20160,2976.27,956.5,2,2,Bamboo Toilet Roll 4-pack,Tissues,Toilet Roll,180,95,N,4 rolls,Matched,17183.73,10640,0.380809638,17.96521694,5587.23,0.017857143
2024-05-01,Blinkit,West,BEC-OTH-001,182,182,27118,1975.7,1531.37,5,5,Bamboo Wet Wipes 72s,Others,Wipes,149,72,N,72 wipes,Matched,25142.3,13104,0.478806633,16.41817458,10506.93,0.027472527
2024-10-01,Swiggy Instamart,North,BEC-TIS-002,112,112,20160,3067.35,1892.35,4,4,Bamboo Toilet Roll 4-pack,Tissues,Toilet Roll,180,95,N,4 rolls,Matched,17092.65,10640,0.377510216,9.032499273,4560.3,0.035714286
2024-01-01,Amazon,South,BEC-GB-002,272,272,48688,8898.78,2808.61,10,10,Garbage Bag Large 15s,Garbage Bags,Large,179,86,N,15 bags,Matched,39789.22,23392,0.412102072,14.16687258,13588.61,0.036764706
2025-05-01,Amazon,South,BEC-OTH-001,129,129,19221,3784.67,1179.2,6,6,Bamboo Wet Wipes 72s,Others,Wipes,149,72,N,72 wipes,Matched,15436.33,9288,0.398302576,13.09051052,4969.13,0.046511628
2024-08-01,Swiggy Instamart,North,BEC-CLN-004,195,195,19305,3524.2,4847.11,5,5,Handwash 250ml,Cleaners,Handwash,99,44,N,250 ml,Matched,15780.8,8580,0.456301328,3.255713198,2353.69,0.025641026
2024-01-01,Swiggy Instamart,North,BEC-TIS-002,107,107,19260,5711.25,1307.82,4,4,Bamboo Toilet Roll 4-pack,Tissues,Toilet Roll,180,95,N,4 rolls,Matched,13548.75,10165,0.249746287,10.35979722,2075.93,0.037383178
2025-02-01,Amazon,South,BEC-CLN-002,478,478,88430,15852.61,17621.27,19,19,Dishwash Liquid 750ml,Cleaners,Dishwash,185,88,N,750 ml,Matched,72577.39,42064,0.420425562,4.118737753,12892.12,0.039748954
2025-01-01,D2C,North,BEC-CMB-001,28,28,19572,2902.8,1018.83,3,3,Home Cleaning Combo,Others,Combo,699,330,Y,4 items,Matched,16669.2,9240,0.445684256,16.36112011,6410.37,0.107142857
2025-03-01,D2C,North,BEC-TIS-001,205,205,19475,1162.87,2157.05,28,28,Bamboo Facial Tissue 100s,Tissues,Facial,95,42,N,100 pulls,Matched,18312.13,8610,0.529819852,8.489432327,7545.08,0.136585366
2025-03-01,Blinkit,South,BEC-GB-002,270,270,48330,12982.28,4873.57,13,13,Garbage Bag Large 15s,Garbage Bags,Large,179,86,N,15 bags,Matched,35347.72,23220,0.343097659,7.252941889,7254.15,0.048148148
2024-09-01,Swiggy Instamart,West,BEC-CLN-003,200,200,59800,13629.38,11814.38,8,8,Laundry Liquid 1L,Cleaners,Laundry,299,150,N,1 L,Matched,46170.62,30000,0.350236146,3.908001943,4356.24,0.04
2024-06-01,Blinkit,North,BEC-CLN-003,326,326,97474,14347.86,26043.52,9,9,Laundry Liquid 1L,Cleaners,Laundry,299,150,N,1 L,Matched,83126.14,48900,0.411737391,3.191816621,8182.62,0.027607362
2024-03-01,Amazon,West,BEC-TIS-001,643,643,61085,4169.86,4765.48,15,15,Bamboo Facial Tissue 100s,Tissues,Facial,95,42,N,100 pulls,Matched,56915.14,27006,0.52550411,11.94321244,25143.66,0.023328149
2025-05-01,Amazon,West,BEC-GB-001,508,508,75692,15299.91,6039.54,22,22,Garbage Bag Medium 30s,Garbage Bags,Medium,149,70,N,30 bags,Matched,60392.09,35560,0.411181166,9.999451945,18792.55,0.043307087
2025-04-01,Swiggy Instamart,West,BEC-TIS-001,278,278,26410,6291.6,2388.97,9,9,Bamboo Facial Tissue 100s,Tissues,Facial,95,42,N,100 pulls,Matched,20118.4,11676,0.419635756,8.421369879,6053.43,0.032374101
2024-11-01,Blinkit,West,BEC-GB-001,304,304,45296,11860.68,4997.74,8,8,Garbage Bag Medium 30s,Garbage Bags,Medium,149,70,N,30 bags,Matched,33435.32,21280,0.363547291,6.69008792,7157.58,0.026315789
2024-09-01,Swiggy Instamart,West,BEC-TIS-001,182,182,17290,1863.8,1858.83,9,9,Bamboo Facial Tissue 100s,Tissues,Facial,95,42,N,100 pulls,Matched,15426.2,7644,0.504479392,8.298876175,5923.37,0.049450549
2024-10-01,D2C,North,BEC-OTH-001,49,49,7301,644.94,675.55,5,5,Bamboo Wet Wipes 72s,Others,Wipes,149,72,N,72 wipes,Matched,6656.06,3528,0.469956701,9.852801421,2452.51,0.102040816
2024-09-01,Flipkart,West,BEC-BW-001,117,117,25740,3894.43,1665.14,5,5,Compostable Cling Wrap,Bake & Wrap,Wrap,220,118,N,30 m,Matched,21845.57,13806,0.368018321,13.11935933,6374.43,0.042735043
2024-10-01,Amazon,South,BEC-TIS-001,251,251,23845,5820.95,1339.54,8,8,Bamboo Facial Tissue 100s,Tissues,Facial,95,42,N,100 pulls,Matched,18024.05,10542,0.415114805,13.4554026,6142.51,0.03187251
2024-12-01,Amazon,South,BEC-CMB-001,37,37,25863,7246.28,2480.35,2,2,Home Cleaning Combo,Others,Combo,699,330,Y,4 items,Matched,18616.72,12210,0.344137958,7.505682666,3926.37,0.054054054
2024-08-01,Flipkart,South,BEC-KT-002,94,94,39480,4165.93,5130.29,2,2,Kitchen Towel 6-roll,Kitchen Towel,Towel,420,205,N,6 rolls,Matched,35314.07,19270,0.454325146,6.883445185,10913.78,0.021276596
2024-04-01,Swiggy Instamart,South,BEC-CLN-004,132,132,13068,3583.47,2189.42,6,6,Handwash 250ml,Cleaners,Handwash,99,44,N,250 ml,Matched,9484.53,5808,0.38763439,4.3319829,1487.11,0.045454545
2024-07-01,Zepto,West,BEC-CLN-001,380,380,75620,18170.23,10964.07,10,10,Floor Cleaner 1L,Cleaners,Floor Cleaner,199,96,N,1 L,Matched,57449.77,36480,0.365010513,5.239821526,10005.7,0.026315789
2024-05-01,Flipkart,West,BEC-CLN-003,307,307,91793,24458.05,22792.22,12,12,Laundry Liquid 1L,Cleaners,Laundry,299,150,N,1 L,Matched,67334.95,46050,0.316105529,2.954295369,-1507.27,0.039087948
2025-02-01,D2C,North,BEC-KT-001,172,172,27520,1978.66,2340.13,21,21,Kitchen Towel 2-roll,Kitchen Towel,Towel,160,78,N,2 rolls,Matched,25541.34,13416,0.474733902,10.9144962,9785.21,0.122093023
2024-09-01,Amazon,South,BEC-CLN-002,335,335,61975,18112.24,10143.46,9,9,Dishwash Liquid 750ml,Cleaners,Dishwash,185,88,N,750 ml,Matched,43862.76,29480,0.32790367,4.324240447,4239.3,0.026865672
2024-04-01,Amazon,South,BEC-TIS-002,412,412,74160,5369.03,9803.38,15,15,Bamboo Toilet Roll 4-pack,Tissues,Toilet Roll,180,95,N,4 rolls,Matched,68790.97,39140,0.431029974,7.017066563,19847.59,0.036407767
2024-05-01,D2C,North,BEC-KT-002,144,144,60480,5772.99,2803.91,17,17,Kitchen Towel 6-roll,Kitchen Towel,Towel,420,205,N,6 rolls,Matched,54707.01,29520,0.46039822,19.51097218,22383.1,0.118055556
2025-03-01,Zepto,South,BEC-TIS-002,261,261,46980,7664.67,5820.12,15,15,Bamboo Toilet Roll 4-pack,Tissues,Toilet Roll,180,95,N,4 rolls,Matched,39315.33,24795,0.369329979,6.75507206,8700.21,0.057471264
2025-03-01,Amazon,South,BEC-CLN-002,577,577,106745,30502.07,22626.25,21,21,Dishwash Liquid 750ml,Cleaners,Dishwash,185,88,N,750 ml,Matched,76242.93,50776,0.334023496,3.36966709,2840.68,0.036395147
2024-05-01,Blinkit,North,BEC-CLN-004,434,434,42966,9289.41,9203.27,10,10,Handwash 250ml,Cleaners,Handwash,99,44,N,250 ml,Matched,33676.59,19096,0.432959216,3.659198307,5377.32,0.023041475
2025-04-01,Zepto,West,BEC-CMB-001,46,46,32154,3624.28,2559.38,1,1,Home Cleaning Combo,Others,Combo,699,330,Y,4 items,Matched,28529.72,15180,0.467923274,11.14712157,10790.34,0.02173913
2025-02-01,Amazon,North,BEC-GB-001,298,298,44402,3864.34,3109.17,12,12,Garbage Bag Medium 30s,Garbage Bags,Medium,149,70,N,30 bags,Matched,40537.66,20860,0.48541677,13.03809698,16568.49,0.040268456
2025-03-01,Flipkart,South,BEC-KT-002,104,104,43680,11408.68,4735.57,2,2,Kitchen Towel 6-roll,Kitchen Towel,Towel,420,205,N,6 rolls,Matched,32271.32,21320,0.339351474,6.814664338,6215.75,0.019230769
2024-03-01,Amazon,South,BEC-KT-002,299,299,125580,24977.73,9671.87,6,6,Kitchen Towel 6-roll,Kitchen Towel,Towel,420,205,N,6 rolls,Matched,100602.27,61295,0.390719514,10.40153249,29635.4,0.02006689
2024-07-01,Swiggy Instamart,South,BEC-BW-001,59,59,12980,3118.99,923.91,2,2,Compostable Cling Wrap,Bake & Wrap,Wrap,220,118,N,30 m,Matched,9861.01,6962,0.293987127,10.67312834,1975.1,0.033898305
2024-10-01,Zepto,North,BEC-BW-001,107,107,23540,4588.88,1917.25,6,6,Compostable Cling Wrap,Bake & Wrap,Wrap,220,118,N,30 m,Matched,18951.12,12626,0.333759693,9.884532534,4407.87,0.056074766
2024-11-01,Amazon,West,BEC-CLN-004,502,502,49698,8867.91,10424.51,16,16,Handwash 250ml,Cleaners,Handwash,99,44,N,250 ml,Matched,40830.09,22088,0.459026419,3.916739492,8317.58,0.03187251
2024-06-01,Flipkart,North,BEC-TIS-002,209,209,37620,5768.69,2674.38,4,4,Bamboo Toilet Roll 4-pack,Tissues,Toilet Roll,180,95,N,4 rolls,Matched,31851.31,19855,0.376634744,11.90979218,9321.93,0.019138756
2025-02-01,D2C,West,BEC-OTH-001,95,95,14155,1041.82,663.69,10,10,Bamboo Wet Wipes 72s,Others,Wipes,149,72,N,72 wipes,Matched,13113.18,6840,0.478387393,19.75798942,5609.49,0.105263158
2024-06-01,Zepto,North,BEC-KT-001,206,206,32960,5835.15,2863.88,7,7,Kitchen Towel 2-roll,Kitchen Towel,Towel,160,78,N,2 rolls,Matched,27124.85,16068,0.407628061,9.471364024,8192.97,0.033980583
2025-01-01,Zepto,West,BEC-KT-001,266,266,42560,3808.75,4186.38,12,12,Kitchen Towel 2-roll,Kitchen Towel,Towel,160,78,N,2 rolls,Matched,38751.25,20748,0.464585013,9.256505621,13816.87,0.045112782
2024-07-01,D2C,North,BEC-KT-001,122,122,19520,1336.13,2632.36,20,20,Kitchen Towel 2-roll,Kitchen Towel,Towel,160,78,N,2 rolls,Matched,18183.87,9516,0.476679057,6.907820359,6035.51,0.163934426
2025-01-01,D2C,North,BEC-GB-002,140,140,25060,2144.42,2355.72,16,16,Garbage Bag Large 15s,Garbage Bags,Large,179,86,N,15 bags,Matched,22915.58,12040,0.474593268,9.727633165,8519.86,0.114285714
2024-08-01,Amazon,West,BEC-GB-001,418,418,62282,14285.89,3569.67,15,15,Garbage Bag Medium 30s,Garbage Bags,Medium,149,70,N,30 bags,Matched,47996.11,29260,0.390367261,13.44553138,15166.44,0.035885167
2024-05-01,Blinkit,North,BEC-KT-001,225,225,36000,2026.95,3360.82,5,5,Kitchen Towel 2-roll,Kitchen Towel,Towel,160,78,N,2 rolls,Matched,33973.05,17550,0.483414059,10.10855982,13062.23,0.022222222
2024-09-01,Swiggy Instamart,North,BEC-TIS-002,94,94,16920,4091.18,1352.36,5,5,Bamboo Toilet Roll 4-pack,Tissues,Toilet Roll,180,95,N,4 rolls,Matched,12828.82,8930,0.303911038,9.486246266,2546.46,0.053191489
2024-05-01,D2C,North,BEC-TIS-002,231,231,41580,1926.56,3313.66,21,21,Bamboo Toilet Roll 4-pack,Tissues,Toilet Roll,180,95,N,4 rolls,Matched,39653.44,21945,0.446580171,11.96665922,14394.78,0.090909091
2024-01-01,Flipkart,South,BEC-GB-001,113,113,16837,886.6,2124.39,6,6,Garbage Bag Medium 30s,Garbage Bags,Medium,149,70,N,30 bags,Matched,15950.4,7910,0.504087672,7.508225891,5916.01,0.053097345
2024-05-01,Amazon,North,BEC-BW-002,175,175,30625,3314.63,1873.3,4,4,Parchment Paper Roll,Bake & Wrap,Bake,175,92,N,20 m,Matched,27310.37,16100,0.410480341,14.57874873,9337.07,0.022857143
2024-02-01,Swiggy Instamart,South,BEC-CLN-004,117,117,11583,700.01,3181.2,6,6,Handwash 250ml,Cleaners,Handwash,99,44,N,250 ml,Matched,10882.99,5148,0.526968232,3.421032944,2553.79,0.051282051
2025-06-01,Zepto,North,BEC-KT-002,172,172,72240,6623.94,6675.91,7,7,Kitchen Towel 6-roll,Kitchen Towel,Towel,420,205,N,6 rolls,Matched,65616.06,35260,0.462631557,9.828781395,23680.15,0.040697674
2025-04-01,Amazon,West,BEC-TIS-001,724,724,68780,6732.23,3557.01,41,41,Bamboo Facial Tissue 100s,Tissues,Facial,95,42,N,100 pulls,Matched,62047.77,30408,0.509925981,17.44379971,28082.76,0.056629834
2024-09-01,Amazon,North,BEC-GB-001,224,224,33376,7928.01,2452.81,11,11,Garbage Bag Medium 30s,Garbage Bags,Medium,149,70,N,30 bags,Matched,25447.99,15680,0.383841317,10.37503516,7315.18,0.049107143
2024-04-01,D2C,North,BEC-TIS-001,171,171,16245,2206.8,1344.97,22,22,Bamboo Facial Tissue 100s,Tissues,Facial,95,42,N,100 pulls,Matched,14038.2,7182,0.488395948,10.43755623,5511.23,0.128654971
2025-05-01,Amazon,South,BEC-CLN-003,501,501,149799,13562.21,25274.64,27,27,Laundry Liquid 1L,Cleaners,Laundry,299,150,N,1 L,Matched,136236.79,75150,0.448386886,5.390256399,35812.15,0.053892216
2025-06-01,D2C,West,BEC-BW-001,87,87,19140,2484.19,1471.14,8,8,Compostable Cling Wrap,Bake & Wrap,Wrap,220,118,N,30 m,Matched,16655.81,10266,0.383638502,11.3217029,4918.67,0.091954023
2024-02-01,Blinkit,South,BEC-BW-002,95,95,16625,1433.87,1633.7,4,4,Parchment Paper Roll,Bake & Wrap,Bake,175,92,N,20 m,Matched,15191.13,8740,0.424664261,9.298604395,4817.43,0.042105263
2024-11-01,Amazon,North,BEC-CLN-002,428,428,79180,13230.78,12064.59,23,23,Dishwash Liquid 750ml,Cleaners,Dishwash,185,88,N,750 ml,Matched,65949.22,37664,0.428893928,5.466345727,16220.63,0.053738318
2024-03-01,Zepto,North,BEC-OTH-001,126,126,18774,4668.86,1377,6,6,Bamboo Wet Wipes 72s,Others,Wipes,149,72,N,72 wipes,Matched,14105.14,9072,0.356830205,10.24338417,3656.14,0.047619048
2025-03-01,Amazon,North,BEC-TIS-002,355,355,63900,9870.33,7090.51,11,11,Bamboo Toilet Roll 4-pack,Tissues,Toilet Roll,180,95,N,4 rolls,Matched,54029.67,33725,0.375805923,7.619997715,13214.16,0.030985915
2024-11-01,Zepto,North,BEC-OTH-001,92,92,13708,2369.82,1260.56,3,3,Bamboo Wet Wipes 72s,Others,Wipes,149,72,N,72 wipes,Matched,11338.18,6624,0.415779252,8.994557974,3453.62,0.032608696
2024-05-01,Blinkit,North,BEC-GB-001,298,298,44402,7045.99,4472.98,11,11,Garbage Bag Medium 30s,Garbage Bags,Medium,149,70,N,30 bags,Matched,37356.01,20860,0.441589185,8.351481563,12023.03,0.036912752
2024-01-01,D2C,West,BEC-BW-001,107,107,23540,1894.88,2501.87,14,14,Compostable Cling Wrap,Bake & Wrap,Wrap,220,118,N,30 m,Matched,21645.12,12626,0.416681451,8.651576621,6517.25,0.130841121
2024-04-01,Swiggy Instamart,West,BEC-CLN-002,273,273,50505,12091.08,8601.7,14,14,Dishwash Liquid 750ml,Cleaners,Dishwash,185,88,N,750 ml,Matched,38413.92,24024,0.374601707,4.465852099,5788.22,0.051282051
2025-02-01,Amazon,West,BEC-TIS-001,610,610,57950,6199.27,7687.82,27,27,Bamboo Facial Tissue 100s,Tissues,Facial,95,42,N,100 pulls,Matched,51750.73,25620,0.50493452,6.73152207,18442.91,0.044262295
2025-03-01,D2C,West,BEC-TIS-001,254,254,24130,2548.63,2371.12,26,26,Bamboo Facial Tissue 100s,Tissues,Facial,95,42,N,100 pulls,Matched,21581.37,10668,0.505684764,9.101762037,8542.25,0.102362205
2024-03-01,Amazon,West,BEC-CLN-002,779,779,144115,24489.72,31051.44,39,39,Dishwash Liquid 750ml,Cleaners,Dishwash,185,88,N,750 ml,Matched,119625.28,68552,0.42694387,3.852487356,20021.84,0.050064185
2024-08-01,Swiggy Instamart,South,BEC-CLN-003,92,92,27508,1523.88,8514.91,3,3,Laundry Liquid 1L,Cleaners,Laundry,299,150,N,1 L,Matched,25984.12,13800,0.468906394,3.051602424,3669.21,0.032608696
2024-09-01,Blinkit,North,BEC-BW-002,86,86,15050,2537.05,1002.91,3,3,Parchment Paper Roll,Bake & Wrap,Bake,175,92,N,20 m,Matched,12512.95,7912,0.367695068,12.47664297,3598.04,0.034883721
2024-03-01,Zepto,South,BEC-TIS-001,172,172,16340,1953.9,1891.73,7,7,Bamboo Facial Tissue 100s,Tissues,Facial,95,42,N,100 pulls,Matched,14386.1,7224,0.497848618,7.604732176,5270.37,0.040697674
2024-03-01,Amazon,West,BEC-CLN-003,717,717,214383,21386.79,54043.74,38,38,Laundry Liquid 1L,Cleaners,Laundry,299,150,N,1 L,Matched,192996.21,107550,0.442735171,3.571111289,31402.47,0.052998605
2024-04-01,Zepto,South,BEC-BW-001,91,91,20020,2818.87,2412.12,2,2,Compostable Cling Wrap,Bake & Wrap,Wrap,220,118,N,30 m,Matched,17201.13,10738,0.375738687,7.131125317,4051.01,0.021978022
2024-09-01,Blinkit,West,BEC-TIS-002,333,333,59940,4455.17,7042.98,16,16,Bamboo Toilet Roll 4-pack,Tissues,Toilet Roll,180,95,N,4 rolls,Matched,55484.83,31635,0.429844157,7.878033162,16806.85,0.048048048
2024-08-01,D2C,South,BEC-BW-001,58,58,12760,1024.68,1279.77,7,7,Compostable Cling Wrap,Bake & Wrap,Wrap,220,118,N,30 m,Matched,11735.32,6844,0.416803291,9.16986646,3611.55,0.120689655
2025-03-01,Zepto,North,BEC-GB-001,251,251,37399,4335.72,4928.09,5,5,Garbage Bag Medium 30s,Garbage Bags,Medium,149,70,N,30 bags,Matched,33063.28,17570,0.468594767,6.709146951,10565.19,0.019920319
2025-02-01,D2C,West,BEC-CLN-003,289,289,86411,4833.86,25337,36,36,Laundry Liquid 1L,Cleaners,Laundry,299,150,N,1 L,Matched,81577.14,43350,0.46860113,3.219684256,12890.14,0.124567474
2024-05-01,D2C,South,BEC-GB-001,139,139,20711,2495.88,2065.11,21,21,Garbage Bag Medium 30s,Garbage Bags,Medium,149,70,N,30 bags,Matched,18215.12,9730,0.465828389,8.820411504,6420.01,0.151079137
2024-03-01,D2C,West,BEC-GB-002,226,226,40454,4542.32,2302.96,37,37,Garbage Bag Large 15s,Garbage Bags,Large,179,86,N,15 bags,Matched,35911.68,19436,0.458783326,15.59370549,14172.72,0.163716814
2025-01-01,Amazon,West,BEC-GB-001,438,438,65262,17482.91,4490.09,26,26,Garbage Bag Medium 30s,Garbage Bags,Medium,149,70,N,30 bags,Matched,47779.09,30660,0.358296694,10.64100942,12629,0.059360731
2025-03-01,Amazon,West,BEC-CLN-001,690,690,137310,18317.26,34463.99,29,29,Floor Cleaner 1L,Cleaners,Floor Cleaner,199,96,N,1 L,Matched,118992.74,66240,0.443327383,3.452668713,18288.75,0.042028986
2025-06-01,Flipkart,North,BEC-TIS-001,168,168,15960,3542.99,1031.64,3,3,Bamboo Facial Tissue 100s,Tissues,Facial,95,42,N,100 pulls,Matched,12417.01,7056,0.431747256,12.0361851,4329.37,0.017857143
2024-05-01,Swiggy Instamart,North,BEC-CLN-003,222,222,66378,14146.84,10196.01,12,12,Laundry Liquid 1L,Cleaners,Laundry,299,150,N,1 L,Matched,52231.16,33300,0.362449542,5.122705843,8735.15,0.054054054
2024-10-01,Flipkart,South,BEC-GB-002,88,88,15752,3438.63,0,2,2,Garbage Bag Large 15s,Garbage Bags,Large,179,86,N,15 bags,Matched,12313.37,7568,0.38538353,,4745.37,0.022727273
2025-01-01,Flipkart,South,BEC-BW-002,65,65,11375,1445.38,807.42,2,2,Parchment Paper Roll,Bake & Wrap,Bake,175,92,N,20 m,Matched,9929.62,5980,0.397761445,12.29796141,3142.2,0.030769231
2024-05-01,Swiggy Instamart,South,BEC-GB-001,108,108,16092,2972.54,1689.77,2,2,Garbage Bag Medium 30s,Garbage Bags,Medium,149,70,N,30 bags,Matched,13119.46,7560,0.42375677,7.764050729,3869.69,0.018518519
2025-03-01,Zepto,West,BEC-TIS-001,454,454,43130,6793.41,2881.96,14,14,Bamboo Facial Tissue 100s,Tissues,Facial,95,42,N,100 pulls,Matched,36336.59,19068,0.475239696,12.60829089,14386.63,0.030837004
2024-09-01,Flipkart,West,BEC-OTH-001,87,87,12963,826.98,904.3,4,4,Bamboo Wet Wipes 72s,Others,Wipes,149,72,N,72 wipes,Matched,12136.02,6264,0.483850554,13.42034723,4967.72,0.045977011
2024-08-01,Blinkit,South,BEC-BW-001,70,70,15400,4578.02,1470.69,2,2,Compostable Cling Wrap,Bake & Wrap,Wrap,220,118,N,30 m,Matched,10821.98,8260,0.236738564,7.358437196,1091.29,0.028571429
2024-03-01,Zepto,West,BEC-CLN-003,314,314,93886,7362.29,25160.58,13,13,Laundry Liquid 1L,Cleaners,Laundry,299,150,N,1 L,Matched,86523.71,47100,0.455640541,3.438859915,14263.13,0.041401274
2024-09-01,Flipkart,North,BEC-TIS-001,117,117,11115,1069.22,1081.23,5,5,Bamboo Facial Tissue 100s,Tissues,Facial,95,42,N,100 pulls,Matched,10045.78,4914,0.510839377,9.291066656,4050.55,0.042735043
2024-02-01,Amazon,North,BEC-BW-002,130,130,22750,2269.04,2556.48,5,5,Parchment Paper Roll,Bake & Wrap,Bake,175,92,N,20 m,Matched,20480.96,11960,0.416042998,8.011390662,5964.48,0.038461538
2025-02-01,D2C,North,BEC-CLN-003,284,284,84916,6539.16,15851.41,27,27,Laundry Liquid 1L,Cleaners,Laundry,299,150,N,1 L,Matched,78376.84,42600,0.45647209,4.944471186,19925.43,0.095070423
2024-06-01,Blinkit,West,BEC-CLN-002,487,487,90095,4662.89,17071.76,16,16,Dishwash Liquid 750ml,Cleaners,Dishwash,185,88,N,750 ml,Matched,85432.11,42856,0.498361916,5.004294226,25504.35,0.032854209
2024-12-01,Blinkit,North,BEC-KT-002,278,278,116760,17847.84,8512.97,12,12,Kitchen Towel 6-roll,Kitchen Towel,Towel,420,205,N,6 rolls,Matched,98912.16,56990,0.423832216,11.61899549,33409.19,0.043165468
2024-12-01,Zepto,South,BEC-BW-002,86,86,15050,4090.16,1197.09,4,4,Parchment Paper Roll,Bake & Wrap,Bake,175,92,N,20 m,Matched,10959.84,7912,0.278091651,9.155401849,1850.75,0.046511628
2024-04-01,Blinkit,West,BEC-OTH-001,133,133,19817,1257.18,2010.03,6,6,Bamboo Wet Wipes 72s,Others,Wipes,149,72,N,72 wipes,Matched,18559.82,9576,0.48404672,9.233603479,6973.79,0.045112782
2025-04-01,Blinkit,South,BEC-CMB-001,52,52,36348,9463.39,3433.67,2,2,Home Cleaning Combo,Others,Combo,699,330,Y,4 items,Matched,26884.61,17160,0.36171661,7.829701165,6290.94,0.038461538
2024-07-01,Blinkit,West,BEC-CLN-003,484,484,144716,10672.73,36008.78,20,20,Laundry Liquid 1L,Cleaners,Laundry,299,150,N,1 L,Matched,134043.27,72600,0.458383849,3.722516286,25434.49,0.041322314
2024-02-01,Zepto,North,BEC-TIS-002,273,273,49140,5520.01,2372.83,15,15,Bamboo Toilet Roll 4-pack,Tissues,Toilet Roll,180,95,N,4 rolls,Matched,43619.99,25935,0.405433151,18.38310793,15312.16,0.054945055
2024-06-01,Flipkart,North,BEC-CLN-004,223,223,22077,5759.82,3244.07,6,6,Handwash 250ml,Cleaners,Handwash,99,44,N,250 ml,Matched,16317.18,9812,0.398670604,5.029848308,3261.11,0.02690583
2025-01-01,Amazon,North,BEC-CLN-004,614,614,60786,9173.82,14054.44,27,27,Handwash 250ml,Cleaners,Handwash,99,44,N,250 ml,Matched,51612.18,27016,0.476557665,3.672304268,10541.74,0.043973941
2024-06-01,Swiggy Instamart,South,BEC-CLN-003,182,182,54418,3935.37,15346.27,3,3,Laundry Liquid 1L,Cleaners,Laundry,299,150,N,1 L,Matched,50482.63,27300,0.459219934,3.289570039,7836.36,0.016483516
2024-06-01,Swiggy Instamart,South,BEC-BW-002,40,40,7000,552.44,924.13,1,1,Parchment Paper Roll,Bake & Wrap,Bake,175,92,N,20 m,Matched,6447.56,3680,0.429241449,6.97689719,1843.43,0.025
2024-02-01,D2C,West,BEC-KT-002,207,207,86940,1913.99,5536.22,32,32,Kitchen Towel 6-roll,Kitchen Towel,Towel,420,205,N,6 rolls,Matched,85026.01,42435,0.500917425,15.35813425,37054.79,0.154589372
2025-06-01,Blinkit,North,BEC-KT-002,279,279,117180,22890.28,5214.53,5,5,Kitchen Towel 6-roll,Kitchen Towel,Towel,420,205,N,6 rolls,Matched,94289.72,57195,0.393412134,18.08211287,31880.19,0.017921147
2024-03-01,Blinkit,West,BEC-GB-001,286,286,42614,2847.81,4387.61,15,15,Garbage Bag Medium 30s,Garbage Bags,Medium,149,70,N,30 bags,Matched,39766.19,20020,0.496557251,9.06329186,15358.58,0.052447552
2024-10-01,Flipkart,North,BEC-KT-001,140,140,22400,5738.3,1818.39,7,7,Kitchen Towel 2-roll,Kitchen Towel,Towel,160,78,N,2 rolls,Matched,16661.7,10920,0.344604692,9.16288585,3923.31,0.05
2025-03-01,D2C,North,BEC-OTH-001,100,100,14900,1907.31,1265.85,12,12,Bamboo Wet Wipes 72s,Others,Wipes,149,72,N,72 wipes,Matched,12992.69,7200,0.445842239,10.26400442,4526.84,0.12
2025-05-01,Blinkit,North,BEC-GB-001,201,201,29949,2220.35,2031.84,5,5,Garbage Bag Medium 30s,Garbage Bags,Medium,149,70,N,30 bags,Matched,27728.65,14070,0.492582582,13.64706375,11626.81,0.024875622
2025-04-01,Zepto,West,BEC-TIS-002,299,299,53820,14564.54,3952.9,7,7,Bamboo Toilet Roll 4-pack,Tissues,Toilet Roll,180,95,N,4 rolls,Matched,39255.46,28405,0.27640639,9.930800172,6897.56,0.023411371
2024-06-01,Flipkart,South,BEC-BW-002,87,87,15225,3498.12,962.79,4,4,Parchment Paper Roll,Bake & Wrap,Bake,175,92,N,20 m,Matched,11726.88,8004,0.317465515,12.18010158,2760.09,0.045977011
2024-03-01,Blinkit,West,BEC-CLN-002,454,454,83990,16246.24,15161.73,24,24,Dishwash Liquid 750ml,Cleaners,Dishwash,185,88,N,750 ml,Matched,67743.76,39952,0.410248265,4.468075873,12630.03,0.052863436
2025-03-01,Swiggy Instamart,South,BEC-BW-001,59,59,12980,3228.71,1132.68,2,2,Compostable Cling Wrap,Bake & Wrap,Wrap,220,118,N,30 m,Matched,9751.29,6962,0.28604318,8.609042271,1656.61,0.033898305
2025-03-01,D2C,North,BEC-CLN-004,326,326,32274,2814.32,5882.67,49,49,Handwash 250ml,Cleaners,Handwash,99,44,N,250 ml,Matched,29459.68,14344,0.513097223,5.007875676,9233.01,0.150306748
2025-03-01,Zepto,West,BEC-BW-002,209,209,36575,9518.66,3264.41,11,11,Parchment Paper Roll,Bake & Wrap,Bake,175,92,N,20 m,Matched,27056.34,19228,0.289334773,8.288278739,4563.93,0.052631579
2024-03-01,Zepto,North,BEC-CLN-002,264,264,48840,7361.13,9341.58,7,7,Dishwash Liquid 750ml,Cleaners,Dishwash,185,88,N,750 ml,Matched,41478.87,23232,0.439907596,4.440241372,8905.29,0.026515152
2025-03-01,Flipkart,North,BEC-BW-002,134,134,23450,5614.51,2447.35,3,3,Parchment Paper Roll,Bake & Wrap,Bake,175,92,N,20 m,Matched,17835.49,12328,0.308793871,7.287674423,3060.14,0.02238806
2024-05-01,Flipkart,South,BEC-CLN-001,145,145,28855,5525.53,6443.36,3,3,Floor Cleaner 1L,Cleaners,Floor Cleaner,199,96,N,1 L,Matched,23329.47,13920,0.40332978,3.620699449,2966.11,0.020689655
2025-06-01,Blinkit,North,BEC-GB-002,188,188,33652,2666.4,1963.71,7,7,Garbage Bag Large 15s,Garbage Bags,Large,179,86,N,15 bags,Matched,30985.6,16168,0.478209233,15.77911199,12853.89,0.037234043
2024-09-01,Blinkit,North,UNKNOWN,205,205,86100,10082.21,7315.95,4,4,,,,,,,,Unmatched - Review,76017.79,,,10.39069294,,0.019512195
2025-05-01,Blinkit,South,BEC-CLN-002,235,235,43475,7123.24,9201.57,8,8,Dishwash Liquid 750ml,Cleaners,Dishwash,185,88,N,750 ml,Matched,36351.76,20680,0.431114202,3.950604082,6470.19,0.034042553
2024-01-01,Flipkart,South,BEC-CLN-002,199,199,36815,6018.36,7085.76,8,8,Dishwash Liquid 750ml,Cleaners,Dishwash,185,88,N,750 ml,Matched,30796.64,17512,0.431366539,4.34627196,6198.88,0.040201005
2025-01-01,D2C,South,BEC-OTH-001,67,67,9983,1306.21,735.08,10,10,Bamboo Wet Wipes 72s,Others,Wipes,149,72,N,72 wipes,Matched,8676.79,4824,0.444034026,11.80387169,3117.71,0.149253731
2024-10-01,Flipkart,West,BEC-TIS-001,262,262,24890,2576.32,2203.51,12,12,Bamboo Facial Tissue 100s,Tissues,Facial,95,42,N,100 pulls,Matched,22313.68,11004,0.50684961,10.12642557,9106.17,0.045801527
2024-07-01,Amazon,North,BEC-BW-001,172,172,37840,6851.47,3344.27,4,4,Compostable Cling Wrap,Bake & Wrap,Wrap,220,118,N,30 m,Matched,30988.53,20296,0.34504799,9.26615674,7348.26,0.023255814
2025-06-01,Amazon,South,BEC-CLN-003,310,310,92690,15144.85,20565.76,12,12,Laundry Liquid 1L,Cleaners,Laundry,299,150,N,1 L,Matched,77545.15,46500,0.400349345,3.770594911,10479.39,0.038709677
2024-03-01,Flipkart,North,BEC-TIS-002,197,197,35460,6465.98,3910.76,10,10,Bamboo Toilet Roll 4-pack,Tissues,Toilet Roll,180,95,N,4 rolls,Matched,28994.02,18715,0.35452207,7.413909317,6368.26,0.050761421
2025-02-01,Zepto,West,BEC-KT-001,296,296,47360,4282.68,3801.19,7,7,Kitchen Towel 2-roll,Kitchen Towel,Towel,160,78,N,2 rolls,Matched,43077.32,23088,0.46403351,11.33258795,16188.13,0.023648649
2024-04-01,Flipkart,North,BEC-KT-002,136,136,57120,5035.8,5308.68,5,5,Kitchen Towel 6-roll,Kitchen Towel,Towel,420,205,N,6 rolls,Matched,52084.2,27880,0.464712907,9.811139492,18895.52,0.036764706
2025-04-01,Zepto,North,BEC-CLN-001,379,379,75421,9838.56,15393.98,17,17,Floor Cleaner 1L,Cleaners,Floor Cleaner,199,96,N,1 L,Matched,65582.44,36384,0.445217348,4.260265376,13804.46,0.044854881
2024-02-01,Swiggy Instamart,South,BEC-GB-002,139,139,24881,6660.48,1217.14,6,6,Garbage Bag Large 15s,Garbage Bags,Large,179,86,N,15 bags,Matched,18220.52,11954,0.343926518,14.96994594,5049.38,0.043165468
2025-04-01,D2C,South,BEC-KT-001,100,100,16000,1315.91,1420.32,13,13,Kitchen Towel 2-roll,Kitchen Towel,Towel,160,78,N,2 rolls,Matched,14684.09,7800,0.468812844,10.33857863,5463.77,0.13
2025-02-01,Swiggy Instamart,South,BEC-CLN-003,187,187,55913,15274.89,10349.82,6,6,Laundry Liquid 1L,Cleaners,Laundry,299,150,N,1 L,Matched,40638.11,28050,0.309761207,3.926455726,2238.29,0.032085561
2025-05-01,Blinkit,South,BEC-KT-001,213,213,34080,9988.14,1963.54,11,11,Kitchen Towel 2-roll,Kitchen Towel,Towel,160,78,N,2 rolls,Matched,24091.86,16614,0.310389484,12.2696049,5514.32,0.051643192
2024-01-01,Flipkart,South,BEC-CLN-003,155,155,46345,6953.28,11582.02,4,4,Laundry Liquid 1L,Cleaners,Laundry,299,150,N,1 L,Matched,39391.72,23250,0.40977444,3.401109651,4559.7,0.025806452
2025-03-01,Zepto,West,BEC-CLN-002,358,358,66230,3542.13,14659.85,10,10,Dishwash Liquid 750ml,Cleaners,Dishwash,185,88,N,750 ml,Matched,62687.87,31504,0.497446635,4.276160397,16524.02,0.027932961
2024-01-01,Swiggy Instamart,North,BEC-CLN-003,242,242,72358,12515.58,19931.25,13,13,Laundry Liquid 1L,Cleaners,Laundry,299,150,N,1 L,Matched,59842.42,36300,0.393406884,3.002441894,3611.17,0.053719008
2024-01-01,Flipkart,West,BEC-CLN-004,323,323,31977,6869.17,5975.39,18,18,Handwash 250ml,Cleaners,Handwash,99,44,N,250 ml,Matched,25107.83,14212,0.433961438,4.201873016,4920.44,0.055727554
2025-01-01,D2C,North,BEC-CLN-004,256,256,25344,950.86,7214.41,28,28,Handwash 250ml,Cleaners,Handwash,99,44,N,250 ml,Matched,24393.14,11264,0.53823083,3.381169077,5914.73,0.109375
2024-01-01,Flipkart,South,BEC-KT-002,90,90,37800,7595.05,2732.68,4,4,Kitchen Towel 6-roll,Kitchen Towel,Towel,420,205,N,6 rolls,Matched,30204.95,18450,0.389172967,11.05323346,9022.27,0.044444444
2024-03-01,Blinkit,South,BEC-KT-001,156,156,24960,6070.75,993.2,6,6,Kitchen Towel 2-roll,Kitchen Towel,Towel,160,78,N,2 rolls,Matched,18889.25,12168,0.35582408,19.01857632,5728.05,0.038461538
2024-07-01,Flipkart,West,BEC-CLN-003,191,191,57109,11234.55,10771.2,9,9,Laundry Liquid 1L,Cleaners,Laundry,299,150,N,1 L,Matched,45874.45,28650,0.375469352,4.25899157,6453.25,0.047120419
2024-02-01,Zepto,West,BEC-TIS-002,270,270,48600,14000.43,4585.05,11,11,Bamboo Toilet Roll 4-pack,Tissues,Toilet Roll,180,95,N,4 rolls,Matched,34599.57,25650,0.258661307,7.546170707,4364.52,0.040740741
2024-03-01,Blinkit,West,BEC-BW-001,202,202,44440,3023.92,5543.94,6,6,Compostable Cling Wrap,Bake & Wrap,Wrap,220,118,N,30 m,Matched,41416.08,23836,0.424474745,7.47051375,12036.14,0.02970297
2024-03-01,Amazon,South,BEC-BW-002,170,170,29750,3192.64,3319.78,4,4,Parchment Paper Roll,Bake & Wrap,Bake,175,92,N,20 m,Matched,26557.36,15640,0.411086042,7.999734922,7597.58,0.023529412
2025-02-01,Amazon,West,BEC-TIS-002,448,448,80640,6837.62,7840.3,13,13,Bamboo Toilet Roll 4-pack,Tissues,Toilet Roll,180,95,N,4 rolls,Matched,73802.38,42560,0.42332483,9.413208678,23402.08,0.029017857
2025-06-01,Amazon,West,BEC-OTH-001,263,263,39187,7421.27,2666.73,9,9,Bamboo Wet Wipes 72s,Others,Wipes,149,72,N,72 wipes,Matched,31765.73,18936,0.403885886,11.91186584,10163,0.034220532
2024-02-01,Amazon,North,BEC-TIS-001,521,521,49495,7103.03,2569.45,23,23,Bamboo Facial Tissue 100s,Tissues,Facial,95,42,N,100 pulls,Matched,42391.97,21882,0.483817336,16.49846076,17940.52,0.044145873
2024-02-01,Blinkit,West,BEC-CLN-003,473,473,141427,35928.21,22497.31,26,26,Laundry Liquid 1L,Cleaners,Laundry,299,150,N,1 L,Matched,105498.79,70950,0.327480438,4.689395754,12051.48,0.054968288
2024-10-01,Blinkit,West,BEC-CLN-003,347,347,103753,22892.11,25055.38,9,9,Laundry Liquid 1L,Cleaners,Laundry,299,150,N,1 L,Matched,80860.89,52050,0.356301916,3.227286515,3755.51,0.025936599
2025-06-01,Swiggy Instamart,West,BEC-OTH-001,106,106,15794,3327.02,1487.82,4,4,Bamboo Wet Wipes 72s,Others,Wipes,149,72,N,72 wipes,Matched,12466.98,7632,0.387822873,8.379360407,3347.16,0.037735849
2024-05-01,Zepto,West,BEC-OTH-001,148,148,22052,3794.92,1233.7,4,4,Bamboo Wet Wipes 72s,Others,Wipes,149,72,N,72 wipes,Matched,18257.08,10656,0.416336019,14.79863824,6367.38,0.027027027
2024-08-01,Flipkart,West,BEC-CLN-001,193,193,38407,11520.41,5268.59,8,8,Floor Cleaner 1L,Cleaners,Floor Cleaner,199,96,N,1 L,Matched,26886.59,18528,0.310883232,5.103185103,3090,0.041450777
2024-02-01,Blinkit,North,BEC-GB-001,250,250,37250,5901.25,4548.28,7,7,Garbage Bag Medium 30s,Garbage Bags,Medium,149,70,N,30 bags,Matched,31348.75,17500,0.441764026,6.892440659,9300.47,0.028
2025-02-01,Swiggy Instamart,North,BEC-KT-001,130,130,20800,3618.31,1972.29,4,4,Kitchen Towel 2-roll,Kitchen Towel,Towel,160,78,N,2 rolls,Matched,17181.69,10140,0.409836867,8.711543434,5069.4,0.030769231
2024-09-01,Amazon,South,BEC-CLN-001,282,282,56118,13113.65,7968.76,16,16,Floor Cleaner 1L,Cleaners,Floor Cleaner,199,96,N,1 L,Matched,43004.35,27072,0.370482288,5.396617541,7963.59,0.056737589
2024-04-01,D2C,West,BEC-TIS-001,225,225,21375,2738.51,2609.15,23,23,Bamboo Facial Tissue 100s,Tissues,Facial,95,42,N,100 pulls,Matched,18636.49,9450,0.492930267,7.142743805,6577.34,0.102222222
2024-05-01,D2C,West,BEC-GB-001,250,250,37250,2405.78,3976.8,33,33,Garbage Bag Medium 30s,Garbage Bags,Medium,149,70,N,30 bags,Matched,34844.22,17500,0.497764622,8.761873868,13367.42,0.132
2024-11-01,Zepto,North,BEC-KT-001,181,181,28960,5829.36,2468.49,8,8,Kitchen Towel 2-roll,Kitchen Towel,Towel,160,78,N,2 rolls,Matched,23130.64,14118,0.389640754,9.370360018,6544.15,0.044198895
2024-03-01,Amazon,West,BEC-KT-002,351,351,147420,34413.53,13321.27,9,9,Kitchen Towel 6-roll,Kitchen Towel,Towel,420,205,N,6 rolls,Matched,113006.47,71955,0.363266546,8.483160389,27730.2,0.025641026
2024-01-01,Flipkart,South,BEC-KT-001,139,139,22240,3539.1,1351.05,8,8,Kitchen Towel 2-roll,Kitchen Towel,Towel,160,78,N,2 rolls,Matched,18700.9,10842,0.420241807,13.84175271,6507.85,0.057553957
2025-01-01,Blinkit,West,BEC-BW-002,160,160,28000,2663.68,2051.66,4,4,Parchment Paper Roll,Bake & Wrap,Bake,175,92,N,20 m,Matched,25336.32,14720,0.419015863,12.34918066,8564.66,0.025
2025-01-01,Flipkart,South,BEC-CLN-003,211,211,63089,11649.24,10916.25,4,4,Laundry Liquid 1L,Cleaners,Laundry,299,150,N,1 L,Matched,51439.76,31650,0.384717192,4.71221894,8873.51,0.018957346
2024-11-01,Amazon,West,BEC-CLN-001,560,560,111440,31116.38,15501.93,12,12,Floor Cleaner 1L,Cleaners,Floor Cleaner,199,96,N,1 L,Matched,80323.62,53760,0.330707456,5.181523849,11061.69,0.021428571
2024-05-01,Swiggy Instamart,South,BEC-BW-002,48,48,8400,2486.86,851.24,1,1,Parchment Paper Roll,Bake & Wrap,Bake,175,92,N,20 m,Matched,5913.14,4416,0.253188661,6.946501574,645.9,0.020833333
2024-03-01,Amazon,North,BEC-CLN-004,602,602,59598,17582.87,10194.56,12,12,Handwash 250ml,Cleaners,Handwash,99,44,N,250 ml,Matched,42015.13,26488,0.369560442,4.121328434,5332.57,0.019933555
2025-01-01,Zepto,West,BEC-CLN-004,546,546,54054,13840.45,11431.42,14,14,Handwash 250ml,Cleaners,Handwash,99,44,N,250 ml,Matched,40213.55,24024,0.402589426,3.517808811,4758.13,0.025641026
2025-03-01,Zepto,North,BEC-CLN-002,322,322,59570,7128.53,13866.42,17,17,Dishwash Liquid 750ml,Cleaners,Dishwash,185,88,N,750 ml,Matched,52441.47,28336,0.45966427,3.781904053,10239.05,0.052795031
2025-03-01,D2C,West,BEC-TIS-002,260,260,46800,4660.76,5198.92,38,38,Bamboo Toilet Roll 4-pack,Tissues,Toilet Roll,180,95,N,4 rolls,Matched,42139.24,24700,0.413847995,8.105383426,12240.32,0.146153846
2025-02-01,D2C,North,BEC-GB-001,220,220,32780,699.02,3968.49,24,24,Garbage Bag Medium 30s,Garbage Bags,Medium,149,70,N,30 bags,Matched,32080.98,15400,0.519964789,8.083926128,12712.49,0.109090909
2024-06-01,D2C,South,BEC-KT-002,74,74,31080,3362.3,2670.92,8,8,Kitchen Towel 6-roll,Kitchen Towel,Towel,420,205,N,6 rolls,Matched,27717.7,15170,0.452696292,10.37758525,9876.78,0.108108108
2024-10-01,Blinkit,West,BEC-KT-001,198,198,31680,3604.08,2593.28,9,9,Kitchen Towel 2-roll,Kitchen Towel,Towel,160,78,N,2 rolls,Matched,28075.92,15444,0.449920074,10.82641288,10038.64,0.045454545
2024-10-01,Zepto,West,BEC-GB-001,176,176,26224,7113.71,2455.96,4,4,Garbage Bag Medium 30s,Garbage Bags,Medium,149,70,N,30 bags,Matched,19110.29,12320,0.355321139,7.781189433,4334.33,0.022727273
2024-11-01,D2C,South,BEC-GB-002,102,102,18258,638.15,2054.38,11,11,Garbage Bag Large 15s,Garbage Bags,Large,179,86,N,15 bags,Matched,17619.85,8772,0.502152402,8.576723878,6793.47,0.107843137
2024-12-01,D2C,North,BEC-GB-001,145,145,21605,1069.6,2250.26,15,15,Garbage Bag Medium 30s,Garbage Bags,Medium,149,70,N,30 bags,Matched,20535.4,10150,0.505731566,9.125789909,8135.14,0.103448276
2024-04-01,Flipkart,North,BEC-BW-001,103,103,22660,2862.6,1105.49,2,2,Compostable Cling Wrap,Bake & Wrap,Wrap,220,118,N,30 m,Matched,19797.4,12154,0.386081001,17.90825788,6537.91,0.019417476
2024-03-01,D2C,North,BEC-TIS-001,205,205,19475,1766.69,1857.27,29,29,Bamboo Facial Tissue 100s,Tissues,Facial,95,42,N,100 pulls,Matched,17708.31,8610,0.513787595,9.534591093,7241.04,0.141463415
2024-08-01,Amazon,North,BEC-GB-001,229,229,34121,3317.37,4231.88,8,8,Garbage Bag Medium 30s,Garbage Bags,Medium,149,70,N,30 bags,Matched,30803.63,16030,0.479606787,7.278946946,10541.75,0.034934498
2024-01-01,Zepto,West,BEC-CLN-001,267,267,53133,14633.23,9540.27,14,14,Floor Cleaner 1L,Cleaners,Floor Cleaner,199,96,N,1 L,Matched,38499.77,25632,0.334229789,4.035501092,3327.5,0.052434457
2024-07-01,Flipkart,West,BEC-KT-001,187,187,29920,3362.69,2611.18,9,9,Kitchen Towel 2-roll,Kitchen Towel,Towel,160,78,N,2 rolls,Matched,26557.31,14586,0.450772687,10.17061635,9360.13,0.048128342
2024-03-01,Zepto,South,BEC-BW-002,124,124,21700,5291.21,893.01,5,5,Parchment Paper Roll,Bake & Wrap,Bake,175,92,N,20 m,Matched,16408.79,11408,0.304762874,18.37469905,4107.78,0.040322581
2024-06-01,Zepto,North,BEC-CLN-002,361,361,66785,18658.63,16069.1,11,11,Dishwash Liquid 750ml,Cleaners,Dishwash,185,88,N,750 ml,Matched,48126.37,31768,0.339904506,2.994963626,289.27,0.030470914
2024-06-01,Flipkart,North,BEC-TIS-001,185,185,17575,1521.77,2150.32,6,6,Bamboo Facial Tissue 100s,Tissues,Facial,95,42,N,100 pulls,Matched,16053.23,7770,0.515985257,7.465507459,6132.91,0.032432432
2025-02-01,D2C,South,BEC-CMB-001,22,22,15378,2071.3,1909,3,3,Home Cleaning Combo,Others,Combo,699,330,Y,4 items,Matched,13306.7,7260,0.454410184,6.970508119,4137.7,0.136363636
2025-06-01,D2C,North,BEC-BW-002,97,97,16975,522.46,1666.02,9,9,Parchment Paper Roll,Bake & Wrap,Bake,175,92,N,20 m,Matched,16452.54,8924,0.457591351,9.875355638,5862.52,0.092783505
2024-05-01,Zepto,South,BEC-GB-002,172,172,30788,2565.66,2114.38,8,8,Garbage Bag Large 15s,Garbage Bags,Large,179,86,N,15 bags,Matched,28222.34,14792,0.475876203,13.34780881,11315.96,0.046511628
2025-06-01,D2C,North,BEC-CLN-004,232,232,22968,3421.27,4221.87,26,26,Handwash 250ml,Cleaners,Handwash,99,44,N,250 ml,Matched,19546.73,10208,0.477764311,4.629874913,5116.86,0.112068966
2024-02-01,Amazon,West,BEC-TIS-001,586,586,55670,14078.72,4504.06,16,16,Bamboo Facial Tissue 100s,Tissues,Facial,95,42,N,100 pulls,Matched,41591.28,24612,0.408241343,9.234175388,12475.22,0.027303754
2024-08-01,Zepto,West,BEC-GB-001,270,270,40230,2034.92,4319.89,15,15,Garbage Bag Medium 30s,Garbage Bags,Medium,149,70,N,30 bags,Matched,38195.08,18900,0.50517187,8.841678839,14975.19,0.055555556
2025-04-01,Flipkart,South,BEC-CLN-001,255,255,50745,11561.69,7985.62,5,5,Floor Cleaner 1L,Cleaners,Floor Cleaner,199,96,N,1 L,Matched,39183.31,24480,0.375244205,4.906733604,6717.69,0.019607843
2025-05-01,Blinkit,West,BEC-CLN-003,418,418,124982,33261.76,29009.51,23,23,Laundry Liquid 1L,Cleaners,Laundry,299,150,N,1 L,Matched,91720.24,62700,0.316399521,3.161730067,10.73,0.055023923
2024-03-01,Swiggy Instamart,South,BEC-KT-002,83,83,34860,8373.35,3793.56,1,1,Kitchen Towel 6-roll,Kitchen Towel,Towel,420,205,N,6 rolls,Matched,26486.65,17015,0.357600905,6.982003712,5678.09,0.012048193
2024-04-01,D2C,South,BEC-CLN-002,228,228,42180,4866.97,8576.17,36,36,Dishwash Liquid 750ml,Cleaners,Dishwash,185,88,N,750 ml,Matched,37313.03,20064,0.462278995,4.350780127,8672.86,0.157894737
2024-10-01,D2C,South,BEC-KT-002,78,78,32760,4479.7,3724.74,9,9,Kitchen Towel 6-roll,Kitchen Towel,Towel,420,205,N,6 rolls,Matched,28280.3,15990,0.434588742,7.592556796,8565.56,0.115384615
2024-04-01,Blinkit,North,BEC-BW-002,173,173,30275,3010.77,3975.49,8,8,Parchment Paper Roll,Bake & Wrap,Bake,175,92,N,20 m,Matched,27264.23,15916,0.416231451,6.858080388,7372.74,0.046242775
2025-06-01,Blinkit,South,BEC-CLN-001,220,220,43780,12220.66,9044.72,10,10,Floor Cleaner 1L,Cleaners,Floor Cleaner,199,96,N,1 L,Matched,31559.34,21120,0.330784484,3.48925561,1394.62,0.045454545
2024-01-01,D2C,North,BEC-CMB-001,28,28,19572,2918.23,2201.5,3,3,Home Cleaning Combo,Others,Combo,699,330,Y,4 items,Matched,16653.77,9240,0.445170673,7.564737679,5212.27,0.107142857
2024-11-01,Amazon,North,BEC-CLN-001,438,438,87162,5545.82,19974.78,12,12,Floor Cleaner 1L,Cleaners,Floor Cleaner,199,96,N,1 L,Matched,81616.18,42048,0.484808037,4.085961397,19593.4,0.02739726
2024-09-01,Flipkart,North,BEC-GB-001,107,107,15943,4653.31,1463.29,3,3,Garbage Bag Medium 30s,Garbage Bags,Medium,149,70,N,30 bags,Matched,11289.69,7490,0.336562829,7.715278585,2336.4,0.028037383
2024-09-01,Flipkart,West,BEC-CLN-004,183,183,18117,4918.64,2526.99,10,10,Handwash 250ml,Cleaners,Handwash,99,44,N,250 ml,Matched,13198.36,8052,0.389924203,5.222956957,2619.37,0.054644809
2024-12-01,D2C,North,BEC-KT-002,135,135,56700,7952.83,6724.04,13,13,Kitchen Towel 6-roll,Kitchen Towel,Towel,420,205,N,6 rolls,Matched,48747.17,27675,0.432274735,7.249684713,14348.13,0.096296296
2025-05-01,Zepto,South,BEC-TIS-002,241,241,43380,11034.17,3852.74,14,14,Bamboo Toilet Roll 4-pack,Tissues,Toilet Roll,180,95,N,4 rolls,Matched,32345.83,22895,0.292180785,8.395539279,5598.09,0.058091286
2024-05-01,Zepto,South,BEC-OTH-001,78,78,11622,3198.24,1050.83,2,2,Bamboo Wet Wipes 72s,Others,Wipes,149,72,N,72 wipes,Matched,8423.76,5616,0.333314339,8.016291884,1756.93,0.025641026
2024-11-01,D2C,South,BEC-TIS-001,118,118,11210,855.94,1164,15,15,Bamboo Facial Tissue 100s,Tissues,Facial,95,42,N,100 pulls,Matched,10354.06,4956,0.521347182,8.89524055,4234.06,0.127118644
2024-11-01,Zepto,West,BEC-CLN-001,250,250,49750,8256.55,13410.4,6,6,Floor Cleaner 1L,Cleaners,Floor Cleaner,199,96,N,1 L,Matched,41493.45,24000,0.421595457,3.094124709,4083.05,0.024
2024-03-01,Amazon,South,BEC-GB-002,230,230,41170,3366.81,2797,12,12,Garbage Bag Large 15s,Garbage Bags,Large,179,86,N,15 bags,Matched,37803.19,19780,0.476763733,13.51562031,15226.19,0.052173913
2024-10-01,D2C,South,BEC-OTH-001,55,55,8195,361.4,662.98,5,5,Bamboo Wet Wipes 72s,Others,Wipes,149,72,N,72 wipes,Matched,7833.6,3960,0.494485294,11.81574105,3210.62,0.090909091
2024-10-01,Zepto,North,BEC-TIS-002,179,179,32220,1644.15,1708.18,9,9,Bamboo Toilet Roll 4-pack,Tissues,Toilet Roll,180,95,N,4 rolls,Matched,30575.85,17005,0.443842117,17.89966514,11862.67,0.05027933
2024-02-01,D2C,West,BEC-TIS-002,276,276,49680,3917.68,3532.76,41,41,Bamboo Toilet Roll 4-pack,Tissues,Toilet Roll,180,95,N,4 rolls,Matched,45762.32,26220,0.427039538,12.95370192,16009.56,0.148550725
2024-06-01,Flipkart,North,BEC-BW-002,105,105,18375,1005.37,1281.76,3,3,Parchment Paper Roll,Bake & Wrap,Bake,175,92,N,20 m,Matched,17369.63,9660,0.443856893,13.55139028,6427.87,0.028571429
2024-12-01,Amazon,South,BEC-BW-002,157,157,27475,3759.83,2089.35,3,3,Parchment Paper Roll,Bake & Wrap,Bake,175,92,N,20 m,Matched,23715.17,14444,0.390938374,11.35050135,7181.82,0.01910828
2025-04-01,Amazon,West,BEC-KT-002,482,482,202440,15389.98,22206.46,9,9,Kitchen Towel 6-roll,Kitchen Towel,Towel,420,205,N,6 rolls,Matched,187050.02,98810,0.471745579,8.423225494,66033.56,0.018672199
2024-04-01,Blinkit,North,BEC-TIS-002,359,359,64620,7435.77,3798.43,20,20,Bamboo Toilet Roll 4-pack,Tissues,Toilet Roll,180,95,N,4 rolls,Matched,57184.23,34105,0.403594313,15.05470155,19280.8,0.055710306
2024-08-01,Zepto,North,BEC-BW-001,79,79,17380,4755.1,1684.17,2,2,Compostable Cling Wrap,Bake & Wrap,Wrap,220,118,N,30 m,Matched,12624.9,9322,0.261617914,7.496214753,1618.73,0.025316456
2024-09-01,Flipkart,West,BEC-CLN-001,259,259,51541,12523.71,8455.95,5,5,Floor Cleaner 1L,Cleaners,Floor Cleaner,199,96,N,1 L,Matched,39017.29,24864,0.362744055,4.61418173,5697.34,0.019305019
2025-03-01,Amazon,South,BEC-OTH-001,113,113,16837,3372.03,1670.91,3,3,Bamboo Wet Wipes 72s,Others,Wipes,149,72,N,72 wipes,Matched,13464.97,8136,0.395765457,8.058465148,3658.06,0.026548673
2024-08-01,Zepto,North,BEC-CLN-001,192,192,38208,3563.9,7411.24,9,9,Floor Cleaner 1L,Cleaners,Floor Cleaner,199,96,N,1 L,Matched,34644.1,18432,0.467961356,4.674534896,8800.86,0.046875
2024-10-01,Blinkit,North,BEC-CLN-004,298,298,29502,8340.78,6860.85,9,9,Handwash 250ml,Cleaners,Handwash,99,44,N,250 ml,Matched,21161.22,13112,0.38037599,3.084343777,1188.37,0.030201342
2024-10-01,Blinkit,North,BEC-BW-001,122,122,26840,1965.64,3088.62,6,6,Compostable Cling Wrap,Bake & Wrap,Wrap,220,118,N,30 m,Matched,24874.36,14396,0.421251441,8.053551424,7389.74,0.049180328
2025-01-01,Swiggy Instamart,South,BEC-CLN-002,220,220,40700,10437.74,8295.92,12,12,Dishwash Liquid 750ml,Cleaners,Dishwash,185,88,N,750 ml,Matched,30262.26,19360,0.36025928,3.647848581,2606.34,0.054545455
2024-05-01,Zepto,North,BEC-OTH-001,74,74,11026,1005.32,904.36,1,1,Bamboo Wet Wipes 72s,Others,Wipes,149,72,N,72 wipes,Matched,10020.68,5328,0.468299557,11.08041046,3788.32,0.013513514
2024-11-01,Flipkart,West,BEC-TIS-002,259,259,46620,9791.89,3269.83,15,15,Bamboo Toilet Roll 4-pack,Tissues,Toilet Roll,180,95,N,4 rolls,Matched,36828.11,24605,0.331896206,11.2630045,8953.28,0.057915058
2025-05-01,Flipkart,South,BEC-GB-001,127,127,18923,1587.66,1626.01,3,3,Garbage Bag Medium 30s,Garbage Bags,Medium,149,70,N,30 bags,Matched,17335.34,8890,0.487174754,10.66127515,6819.33,0.023622047
2025-02-01,Flipkart,North,BEC-CLN-002,270,270,49950,12665.57,6942.73,13,13,Dishwash Liquid 750ml,Cleaners,Dishwash,185,88,N,750 ml,Matched,37284.43,23760,0.362736671,5.370283736,6581.7,0.048148148
2024-06-01,Amazon,South,BEC-CMB-001,34,34,23766,4447.61,1644.6,1,1,Home Cleaning Combo,Others,Combo,699,330,Y,4 items,Matched,19318.39,11220,0.419206259,11.74655843,6453.79,0.029411765
2024-10-01,Zepto,South,BEC-GB-002,112,112,20048,4642.06,1098.89,3,3,Garbage Bag Large 15s,Garbage Bags,Large,179,86,N,15 bags,Matched,15405.94,9632,0.374786608,14.019547,4675.05,0.026785714
2025-01-01,Zepto,West,BEC-CLN-002,439,439,81215,11767.6,15264.81,13,13,Dishwash Liquid 750ml,Cleaners,Dishwash,185,88,N,750 ml,Matched,69447.4,38632,0.443722875,4.549509624,15550.59,0.029612756
2024-07-01,Zepto,North,BEC-BW-002,122,122,21350,3023.51,2662.45,5,5,Parchment Paper Roll,Bake & Wrap,Bake,175,92,N,20 m,Matched,18326.49,11224,0.387553208,6.883317997,4440.04,0.040983607
2025-02-01,D2C,North,BEC-TIS-001,261,261,24795,2982.76,1181.62,33,33,Bamboo Facial Tissue 100s,Tissues,Facial,95,42,N,100 pulls,Matched,21812.24,10962,0.497438136,18.4596063,9668.62,0.126436782
2024-11-01,D2C,North,BEC-CLN-002,199,199,36815,1254.38,7769.16,32,32,Dishwash Liquid 750ml,Cleaners,Dishwash,185,88,N,750 ml,Matched,35560.62,17512,0.507545144,4.577151198,10279.46,0.16080402
2025-05-01,Amazon,North,BEC-GB-002,422,422,75538,16140.41,3710.38,8,8,Garbage Bag Large 15s,Garbage Bags,Large,179,86,N,15 bags,Matched,59397.59,36292,0.388998779,16.00849239,19395.21,0.018957346
2024-03-01,Amazon,North,BEC-BW-002,220,220,38500,6704.3,4546.24,5,5,Parchment Paper Roll,Bake & Wrap,Bake,175,92,N,20 m,Matched,31795.7,20240,0.363435936,6.993845464,7009.46,0.022727273
2024-01-01,Flipkart,South,BEC-CLN-001,193,193,38407,8134.61,9546.67,9,9,Floor Cleaner 1L,Cleaners,Floor Cleaner,199,96,N,1 L,Matched,30272.39,18528,0.387957145,3.170989465,2197.72,0.046632124
2024-05-01,Swiggy Instamart,West,BEC-GB-001,225,225,33525,6436.26,1802.36,9,9,Garbage Bag Medium 30s,Garbage Bags,Medium,149,70,N,30 bags,Matched,27088.74,15750,0.418577608,15.02959453,9536.38,0.04
2024-11-01,Amazon,North,BEC-KT-001,300,300,48000,6462.14,3220.07,9,9,Kitchen Towel 2-roll,Kitchen Towel,Towel,160,78,N,2 rolls,Matched,41537.86,23400,0.436658509,12.89967609,14917.79,0.03
2024-05-01,Swiggy Instamart,South,BEC-CLN-002,174,174,32190,4927.12,9167.57,6,6,Dishwash Liquid 750ml,Cleaners,Dishwash,185,88,N,750 ml,Matched,27262.88,15312,0.43835721,2.973839305,2783.31,0.034482759
2025-05-01,Swiggy Instamart,North,BEC-KT-002,126,126,52920,2965.34,5370.54,5,5,Kitchen Towel 6-roll,Kitchen Towel,Towel,420,205,N,6 rolls,Matched,49954.66,25830,0.482931122,9.301608404,18754.12,0.03968254
2024-08-01,Amazon,South,BEC-BW-001,102,102,22440,3635.14,948.96,2,2,Compostable Cling Wrap,Bake & Wrap,Wrap,220,118,N,30 m,Matched,18804.86,12036,0.359952693,19.81628309,5819.9,0.019607843
2024-03-01,Flipkart,North,BEC-KT-002,168,168,70560,7997.06,5518.01,9,9,Kitchen Towel 6-roll,Kitchen Towel,Towel,420,205,N,6 rolls,Matched,62562.94,34440,0.449514361,11.33795336,22604.93,0.053571429
2025-01-01,Zepto,West,BEC-GB-001,314,314,46786,12587.14,2842.74,18,18,Garbage Bag Medium 30s,Garbage Bags,Medium,149,70,N,30 bags,Matched,34198.86,21980,0.357288518,12.03024547,9376.12,0.057324841
2024-12-01,Zepto,West,BEC-CLN-003,374,374,111826,6878.68,29438.52,7,7,Laundry Liquid 1L,Cleaners,Laundry,299,150,N,1 L,Matched,104947.32,56100,0.465446092,3.564965902,19408.8,0.018716578
2024-03-01,Amazon,North,BEC-KT-002,241,241,101220,24906.51,11072.1,8,8,Kitchen Towel 6-roll,Kitchen Towel,Towel,420,205,N,6 rolls,Matched,76313.49,49405,0.352604631,6.892413363,15836.39,0.033195021
2024-10-01,Swiggy Instamart,South,BEC-CLN-002,104,104,19240,3243.99,3592.09,2,2,Dishwash Liquid 750ml,Cleaners,Dishwash,185,88,N,750 ml,Matched,15996.01,9152,0.427857322,4.453120607,3251.92,0.019230769
2024-12-01,Flipkart,South,BEC-CLN-003,212,212,63388,0,10405.86,5,5,Laundry Liquid 1L,Cleaners,Laundry,299,150,N,1 L,Matched,63388,31800,0.498327759,6.091567636,21182.14,0.023584906
2025-02-01,Swiggy Instamart,South,BEC-BW-001,64,64,14080,718.28,1667.69,2,2,Compostable Cling Wrap,Bake & Wrap,Wrap,220,118,N,30 m,Matched,13361.72,7552,0.434803304,8.012112563,4142.03,0.03125
2024-02-01,Amazon,North,BEC-CLN-001,446,446,88754,26506.7,14971.24,9,9,Floor Cleaner 1L,Cleaners,Floor Cleaner,199,96,N,1 L,Matched,62247.3,42816,0.312162937,4.157791873,4460.06,0.020179372
2024-03-01,D2C,West,BEC-BW-001,141,141,31020,2863.04,1551.9,16,16,Compostable Cling Wrap,Bake & Wrap,Wrap,220,118,N,30 m,Matched,28156.96,16638,0.409098141,18.14354018,9967.06,0.113475177
2024-03-01,Zepto,South,BEC-CLN-003,270,270,80730,18551.5,19764.8,7,7,Laundry Liquid 1L,Cleaners,Laundry,299,150,N,1 L,Matched,62178.5,40500,0.348649453,3.145921031,1913.7,0.025925926
2025-01-01,Swiggy Instamart,South,BEC-KT-002,110,110,46200,0,5282.48,6,6,Kitchen Towel 6-roll,Kitchen Towel,Towel,420,205,N,6 rolls,Matched,46200,22550,0.511904762,8.745892081,18367.52,0.054545455
2025-04-01,Amazon,West,BEC-CLN-001,683,683,135917,9594.21,28834.23,26,26,Floor Cleaner 1L,Cleaners,Floor Cleaner,199,96,N,1 L,Matched,126322.79,65568,0.480948766,4.381000984,31920.56,0.03806735
2024-07-01,Flipkart,North,BEC-BW-002,67,67,11725,3331.94,789.19,2,2,Parchment Paper Roll,Bake & Wrap,Bake,175,92,N,20 m,Matched,8393.06,6164,0.265583708,10.63503085,1439.87,0.029850746
2024-05-01,Swiggy Instamart,West,BEC-CLN-004,213,213,21087,4672.23,4550.48,10,10,Handwash 250ml,Cleaners,Handwash,99,44,N,250 ml,Matched,16414.77,9372,0.429050788,3.607261212,2492.29,0.046948357
2025-01-01,Swiggy Instamart,West,BEC-KT-001,204,204,32640,1830.2,3079.72,11,11,Kitchen Towel 2-roll,Kitchen Towel,Towel,160,78,N,2 rolls,Matched,30809.8,15912,0.483540951,10.00409128,11818.08,0.053921569
2024-04-01,Flipkart,West,BEC-CLN-004,237,237,23463,2664.19,6218.51,13,13,Handwash 250ml,Cleaners,Handwash,99,44,N,250 ml,Matched,20798.81,10428,0.498625162,3.344661342,4152.3,0.054852321
2024-05-01,Blinkit,South,BEC-CMB-001,34,34,23766,6485.61,2475.62,1,1,Home Cleaning Combo,Others,Combo,699,330,Y,4 items,Matched,17280.39,11220,0.350709099,6.980227175,3584.77,0.029411765
2024-11-01,Flipkart,South,BEC-KT-002,101,101,42420,11389.7,1918.76,3,3,Kitchen Towel 6-roll,Kitchen Towel,Towel,420,205,N,6 rolls,Matched,31030.3,20705,0.332748958,16.17205904,8406.54,0.02970297
2025-06-01,Amazon,West,BEC-CLN-002,848,848,156880,18633.96,41429.19,35,35,Dishwash Liquid 750ml,Cleaners,Dishwash,185,88,N,750 ml,Matched,138246.04,74624,0.46020877,3.336923556,22192.85,0.041273585
2024-08-01,Flipkart,West,BEC-GB-002,150,150,26850,4518.52,2803.32,5,5,Garbage Bag Large 15s,Garbage Bags,Large,179,86,N,15 bags,Matched,22331.48,12900,0.422340123,7.966083073,6628.16,0.033333333
2025-04-01,Swiggy Instamart,West,BEC-KT-002,216,216,90720,12636.3,8273.38,12,12,Kitchen Towel 6-roll,Kitchen Towel,Towel,420,205,N,6 rolls,Matched,78083.7,44280,0.432916217,9.437944347,25530.32,0.055555556
2024-11-01,Blinkit,South,BEC-GB-001,221,221,32929,2616.73,2385.71,6,6,Garbage Bag Medium 30s,Garbage Bags,Medium,149,70,N,30 bags,Matched,30312.27,15470,0.489645612,12.70576474,12456.56,0.027149321
2024-04-01,Flipkart,South,BEC-CLN-001,254,254,50546,7571.83,8931.72,11,11,Floor Cleaner 1L,Cleaners,Floor Cleaner,199,96,N,1 L,Matched,42974.17,24384,0.43258939,4.811410344,9658.45,0.043307087
2024-08-01,Blinkit,South,BEC-GB-002,146,146,26134,5173.53,2213.85,3,3,Garbage Bag Large 15s,Garbage Bags,Large,179,86,N,15 bags,Matched,20960.47,12556,0.400967631,9.467881744,6190.62,0.020547945
2024-12-01,D2C,West,BEC-KT-002,162,162,68040,6062.15,7612.63,14,14,Kitchen Towel 6-roll,Kitchen Towel,Towel,420,205,N,6 rolls,Matched,61977.85,33210,0.464163407,8.141450458,21155.22,0.086419753
2024-04-01,D2C,West,BEC-BW-001,88,88,19360,1544.85,2028.63,14,14,Compostable Cling Wrap,Bake & Wrap,Wrap,220,118,N,30 m,Matched,17815.15,10384,0.417125312,8.781862636,5402.52,0.159090909
2024-02-01,Amazon,West,BEC-KT-002,441,441,185220,20760.38,17484.16,26,26,Kitchen Towel 6-roll,Kitchen Towel,Towel,420,205,N,6 rolls,Matched,164459.62,90405,0.450290594,9.406206532,56570.46,0.058956916
2025-01-01,D2C,West,BEC-TIS-002,284,284,51120,1797.8,2791.27,27,27,Bamboo Toilet Roll 4-pack,Tissues,Toilet Roll,180,95,N,4 rolls,Matched,49322.2,26980,0.45298466,17.67016448,19550.93,0.095070423
2025-06-01,Zepto,West,BEC-GB-001,237,237,35313,7544.55,3141.17,8,8,Garbage Bag Medium 30s,Garbage Bags,Medium,149,70,N,30 bags,Matched,27768.45,16590,0.402559379,8.840161468,8037.28,0.033755274
2025-04-01,Swiggy Instamart,South,BEC-CMB-001,21,21,14679,1377.08,1128.47,0,0,Home Cleaning Combo,Others,Combo,699,330,Y,4 items,Matched,13301.92,6930,0.479022577,11.78757078,5243.45,0
2024-05-01,Amazon,South,BEC-CLN-004,424,424,41976,10118.07,8978.56,15,15,Handwash 250ml,Cleaners,Handwash,99,44,N,250 ml,Matched,31857.93,18656,0.41440012,3.548222655,4223.37,0.035377358
2024-07-01,Blinkit,South,BEC-KT-001,187,187,29920,8859.62,2890.42,6,6,Kitchen Towel 2-roll,Kitchen Towel,Towel,160,78,N,2 rolls,Matched,21060.38,14586,0.307419904,7.286269815,3583.96,0.032085561
2024-10-01,D2C,North,BEC-CLN-001,176,176,35024,4377.26,8801.07,20,20,Floor Cleaner 1L,Cleaners,Floor Cleaner,199,96,N,1 L,Matched,30646.74,16896,0.448685244,3.482160692,4949.67,0.113636364
2025-01-01,Amazon,West,BEC-CLN-004,538,538,53262,11810.76,14063.57,23,23,Handwash 250ml,Cleaners,Handwash,99,44,N,250 ml,Matched,41451.24,23672,0.428919376,2.947419467,3715.67,0.042750929
2024-08-01,Zepto,North,BEC-GB-001,197,197,29353,7617.91,2380.84,8,8,Garbage Bag Medium 30s,Garbage Bags,Medium,149,70,N,30 bags,Matched,21735.09,13790,0.36554208,9.129168697,5564.25,0.040609137
2025-02-01,Zepto,North,BEC-CMB-001,43,43,30057,6368.66,2714.88,1,1,Home Cleaning Combo,Others,Combo,699,330,Y,4 items,Matched,23688.34,14190,0.400971111,8.72537276,6783.46,0.023255814
2024-01-01,Swiggy Instamart,West,BEC-GB-001,124,124,18476,3651.19,1279.98,6,6,Garbage Bag Medium 30s,Garbage Bags,Medium,149,70,N,30 bags,Matched,14824.81,8680,0.414495026,11.58206378,4864.83,0.048387097
2024-12-01,Blinkit,West,BEC-GB-001,301,301,44849,12215.63,2889.96,13,13,Garbage Bag Medium 30s,Garbage Bags,Medium,149,70,N,30 bags,Matched,32633.37,21070,0.35434189,11.29197982,8673.41,0.043189369
2024-09-01,Zepto,West,BEC-CLN-001,232,232,46168,2853.27,9072.94,13,13,Floor Cleaner 1L,Cleaners,Floor Cleaner,199,96,N,1 L,Matched,43314.73,22272,0.485810024,4.7740567,11969.79,0.056034483
2024-07-01,Flipkart,North,BEC-GB-001,138,138,20562,5093.38,1303.44,8,8,Garbage Bag Medium 30s,Garbage Bags,Medium,149,70,N,30 bags,Matched,15468.62,9660,0.375509903,11.86753514,4505.18,0.057971014
2024-01-01,Amazon,West,BEC-CMB-001,69,69,48231,7854.25,2223.87,1,1,Home Cleaning Combo,Others,Combo,699,330,Y,4 items,Matched,40376.75,22770,0.436061595,18.15607477,15382.88,0.014492754
2024-04-01,Zepto,North,BEC-TIS-001,183,183,17385,1266.78,1976.27,9,9,Bamboo Facial Tissue 100s,Tissues,Facial,95,42,N,100 pulls,Matched,16118.22,7686,0.523148338,8.15587951,6455.95,0.049180328
2025-01-01,Swiggy Instamart,North,BEC-KT-001,124,124,19840,5335.26,1340.19,5,5,Kitchen Towel 2-roll,Kitchen Towel,Towel,160,78,N,2 rolls,Matched,14504.74,9672,0.333183497,10.82289825,3492.55,0.040322581
2024-09-01,Swiggy Instamart,North,BEC-KT-002,81,81,34020,5013.26,2132.79,4,4,Kitchen Towel 6-roll,Kitchen Towel,Towel,420,205,N,6 rolls,Matched,29006.74,16605,0.427546839,13.60037322,10268.95,0.049382716
2025-04-01,Zepto,North,BEC-CMB-001,39,39,27261,1903.91,2912.43,0,0,Home Cleaning Combo,Others,Combo,699,330,Y,4 items,Matched,25357.09,12870,0.492449646,8.706506251,9574.66,0
2024-11-01,D2C,North,BEC-OTH-001,65,65,9685,1171.2,634.73,9,9,Bamboo Wet Wipes 72s,Others,Wipes,149,72,N,72 wipes,Matched,8513.8,4680,0.450304212,13.41326233,3199.07,0.138461538
2025-05-01,Flipkart,South,BEC-GB-002,193,193,34547,8242.52,2032.62,9,9,Garbage Bag Large 15s,Garbage Bags,Large,179,86,N,15 bags,Matched,26304.48,16598,0.369004824,12.94116953,7673.86,0.046632124
2024-05-01,Blinkit,South,BEC-BW-001,117,117,25740,6413.93,1873.96,4,4,Compostable Cling Wrap,Bake & Wrap,Wrap,220,118,N,30 m,Matched,19326.07,13806,0.28562817,10.31295759,3646.11,0.034188034
2024-02-01,Blinkit,South,BEC-KT-001,209,209,33440,2997.62,1725.47,11,11,Kitchen Towel 2-roll,Kitchen Towel,Towel,160,78,N,2 rolls,Matched,30442.38,16302,0.464496534,17.64294946,12414.91,0.052631579
2025-01-01,Zepto,North,BEC-KT-001,183,183,29280,2192.44,2222.62,9,9,Kitchen Towel 2-roll,Kitchen Towel,Towel,160,78,N,2 rolls,Matched,27087.56,14274,0.473042238,12.18722049,10590.94,0.049180328
2025-06-01,D2C,North,BEC-KT-001,107,107,17120,2035.21,980.73,16,16,Kitchen Towel 2-roll,Kitchen Towel,Towel,160,78,N,2 rolls,Matched,15084.79,8346,0.446727465,15.38118544,5758.06,0.14953271
2024-11-01,D2C,South,BEC-KT-001,88,88,14080,708.57,838.16,13,13,Kitchen Towel 2-roll,Kitchen Towel,Towel,160,78,N,2 rolls,Matched,13371.43,6864,0.486666722,15.9533144,5669.27,0.147727273
2025-03-01,Blinkit,North,BEC-CLN-004,338,338,33462,8844.94,6377.35,7,7,Handwash 250ml,Cleaners,Handwash,99,44,N,250 ml,Matched,24617.06,14872,0.395866119,3.860076678,3367.71,0.020710059
2024-01-01,Swiggy Instamart,North,BEC-BW-002,71,71,12425,2597.81,844.92,3,3,Parchment Paper Roll,Bake & Wrap,Bake,175,92,N,20 m,Matched,9827.19,6532,0.335313554,11.6309118,2450.27,0.042253521
2024-06-01,D2C,South,BEC-TIS-001,141,141,13395,1610.5,1198.74,13,13,Bamboo Facial Tissue 100s,Tissues,Facial,95,42,N,100 pulls,Matched,11784.5,5922,0.497475497,9.830738943,4663.76,0.092198582
2024-07-01,D2C,West,BEC-KT-002,157,157,65940,6824.13,4726.87,23,23,Kitchen Towel 6-roll,Kitchen Towel,Towel,420,205,N,6 rolls,Matched,59115.87,32185,0.455560749,12.50634564,22204,0.146496815
2025-02-01,Amazon,South,BEC-CLN-003,328,328,98072,15639.03,26150.33,8,8,Laundry Liquid 1L,Cleaners,Laundry,299,150,N,1 L,Matched,82432.97,49200,0.403151433,3.152272648,7082.64,0.024390244
2025-05-01,Flipkart,West,BEC-BW-001,134,134,29480,8470,1599.15,5,5,Compostable Cling Wrap,Bake & Wrap,Wrap,220,118,N,30 m,Matched,21010,15812,0.247405997,13.13822968,3598.85,0.037313433
2024-07-01,Blinkit,North,BEC-BW-001,96,96,21120,2891.09,2733.9,3,3,Compostable Cling Wrap,Bake & Wrap,Wrap,220,118,N,30 m,Matched,18228.91,11328,0.378569536,6.66773108,4167.01,0.03125
2025-03-01,Blinkit,West,BEC-KT-002,370,370,155400,18716.13,7130.29,9,9,Kitchen Towel 6-roll,Kitchen Towel,Towel,420,205,N,6 rolls,Matched,136683.87,75850,0.445069854,19.16946856,53703.58,0.024324324
2024-01-01,Zepto,West,BEC-GB-001,307,307,45743,11489.61,2745.8,16,16,Garbage Bag Medium 30s,Garbage Bags,Medium,149,70,N,30 bags,Matched,34253.39,21490,0.372616842,12.47483065,10017.59,0.052117264
2024-10-01,Swiggy Instamart,South,BEC-GB-001,100,100,14900,2145.3,1217.83,3,3,Garbage Bag Medium 30s,Garbage Bags,Medium,149,70,N,30 bags,Matched,12754.7,7000,0.451182701,10.47330087,4536.87,0.03
2025-03-01,Swiggy Instamart,North,BEC-CLN-001,183,183,36417,1883.89,9564.49,8,8,Floor Cleaner 1L,Cleaners,Floor Cleaner,199,96,N,1 L,Matched,34533.11,17568,0.491270841,3.610554248,7400.62,0.043715847
2025-03-01,D2C,West,BEC-GB-002,200,200,35800,2319.15,3091.13,19,19,Garbage Bag Large 15s,Garbage Bags,Large,179,86,N,15 bags,Matched,33480.85,17200,0.486273497,10.83126559,13189.72,0.095
2024-04-01,Zepto,South,BEC-KT-002,198,198,83160,13039.96,4854.42,10,10,Kitchen Towel 6-roll,Kitchen Towel,Towel,420,205,N,6 rolls,Matched,70120.04,40590,0.421135527,14.44457628,24675.62,0.050505051
2024-05-01,Zepto,North,BEC-KT-001,247,247,39520,9419.14,2532.2,5,5,Kitchen Towel 2-roll,Kitchen Towel,Towel,160,78,N,2 rolls,Matched,30100.86,19266,0.359951842,11.8872364,8302.66,0.020242915
2025-03-01,Amazon,South,BEC-CLN-004,584,584,57816,15512.27,11601.81,15,15,Handwash 250ml,Cleaners,Handwash,99,44,N,250 ml,Matched,42303.73,25696,0.392583113,3.646304327,5005.92,0.025684932
2025-03-01,Blinkit,West,BEC-TIS-002,394,394,70920,6041.66,9515.18,18,18,Bamboo Toilet Roll 4-pack,Tissues,Toilet Roll,180,95,N,4 rolls,Matched,64878.34,37430,0.423074018,6.818403856,17933.16,0.045685279
2024-07-01,Blinkit,North,BEC-TIS-001,252,252,23940,5753.92,2245.05,12,12,Bamboo Facial Tissue 100s,Tissues,Facial,95,42,N,100 pulls,Matched,18186.08,10584,0.418016417,8.100523374,5357.03,0.047619048
2024-03-01,Amazon,South,BEC-TIS-001,252,252,23940,1204.86,1578.67,6,6,Bamboo Facial Tissue 100s,Tissues,Facial,95,42,N,100 pulls,Matched,22735.14,10584,0.53446515,14.40145186,10572.47,0.023809524
2024-11-01,Swiggy Instamart,North,BEC-CLN-001,206,206,40994,3225.37,12149.04,5,5,Floor Cleaner 1L,Cleaners,Floor Cleaner,199,96,N,1 L,Matched,37768.63,19776,0.476390857,3.10877485,5843.59,0.024271845
2024-03-01,D2C,South,BEC-TIS-002,165,165,29700,2611.7,2173.57,23,23,Bamboo Toilet Roll 4-pack,Tissues,Toilet Roll,180,95,N,4 rolls,Matched,27088.3,15675,0.421336887,12.4625846,9239.73,0.139393939
2024-11-01,Swiggy Instamart,South,BEC-BW-002,46,46,8050,1735.13,841.64,1,1,Parchment Paper Roll,Bake & Wrap,Bake,175,92,N,20 m,Matched,6314.87,4232,0.329835769,7.503053562,1241.23,0.02173913
2025-06-01,Zepto,North,BEC-CLN-002,317,317,58645,8079.45,16553.68,9,9,Dishwash Liquid 750ml,Cleaners,Dishwash,185,88,N,750 ml,Matched,50565.55,27896,0.448320052,3.054641022,6115.87,0.028391167
2025-06-01,Blinkit,South,BEC-TIS-002,312,312,56160,5723.1,2859.71,7,7,Bamboo Toilet Roll 4-pack,Tissues,Toilet Roll,180,95,N,4 rolls,Matched,50436.9,29640,0.412335017,17.63706809,17937.19,0.022435897
2025-03-01,Zepto,North,BEC-CMB-001,42,42,29358,3330.75,2508.16,1,1,Home Cleaning Combo,Others,Combo,699,330,Y,4 items,Matched,26027.25,13860,0.467481198,10.37702938,9659.09,0.023809524
2025-03-01,Swiggy Instamart,West,BEC-CLN-003,385,385,115115,29782.34,23370,15,15,Laundry Liquid 1L,Cleaners,Laundry,299,150,N,1 L,Matched,85332.66,57750,0.323236847,3.651376123,4212.66,0.038961039
2025-05-01,Swiggy Instamart,North,BEC-BW-002,61,61,10675,1744.3,957.01,1,1,Parchment Paper Roll,Bake & Wrap,Bake,175,92,N,20 m,Matched,8930.7,5612,0.371605809,9.33187741,2361.69,0.016393443
2024-02-01,Zepto,West,BEC-CLN-002,318,318,58830,13350.22,12461.85,9,9,Dishwash Liquid 750ml,Cleaners,Dishwash,185,88,N,750 ml,Matched,45479.78,27984,0.384693594,3.649520737,5033.93,0.028301887
2024-11-01,Flipkart,North,BEC-CLN-001,184,184,36616,3403.2,7629.94,4,4,Floor Cleaner 1L,Cleaners,Floor Cleaner,199,96,N,1 L,Matched,33212.8,17664,0.468156855,4.352956904,7918.86,0.02173913
2024-04-01,Flipkart,North,BEC-TIS-002,231,231,41580,6015.7,3624.31,9,9,Bamboo Toilet Roll 4-pack,Tissues,Toilet Roll,180,95,N,4 rolls,Matched,35564.3,21945,0.382948631,9.812709178,9994.99,0.038961039
2025-02-01,D2C,North,BEC-CLN-004,227,227,22473,2902.23,5905.74,24,24,Handwash 250ml,Cleaners,Handwash,99,44,N,250 ml,Matched,19570.77,9988,0.48964706,3.313855673,3677.03,0.105726872
2025-03-01,Flipkart,South,BEC-CLN-001,267,267,53133,14322.95,7427.59,8,8,Floor Cleaner 1L,Cleaners,Floor Cleaner,199,96,N,1 L,Matched,38810.05,25632,0.339552513,5.225120126,5750.46,0.029962547
2025-01-01,D2C,North,BEC-KT-001,118,118,18880,793.21,2045.51,16,16,Kitchen Towel 2-roll,Kitchen Towel,Towel,160,78,N,2 rolls,Matched,18086.79,9204,0.491120315,8.842190945,6837.28,0.13559322
2024-12-01,Zepto,South,BEC-CLN-004,197,197,19503,5484.66,4057.34,10,10,Handwash 250ml,Cleaners,Handwash,99,44,N,250 ml,Matched,14018.34,8668,0.381667159,3.455056761,1293,0.050761421
2025-05-01,Flipkart,South,BEC-CLN-002,217,217,40145,9751.98,8871.45,5,5,Dishwash Liquid 750ml,Cleaners,Dishwash,185,88,N,750 ml,Matched,30393.02,19096,0.371697844,3.425936008,2425.57,0.023041475
2024-11-01,Amazon,South,BEC-OTH-001,86,86,12814,1467.56,998.22,2,2,Bamboo Wet Wipes 72s,Others,Wipes,149,72,N,72 wipes,Matched,11346.44,6192,0.45427817,11.36667268,4156.22,0.023255814
2024-12-01,Blinkit,South,BEC-GB-002,232,232,41528,3732.11,2742.06,10,10,Garbage Bag Large 15s,Garbage Bags,Large,179,86,N,15 bags,Matched,37795.89,19952,0.472111915,13.78375747,15101.83,0.043103448
2024-07-01,Blinkit,West,BEC-TIS-002,223,223,40140,6307.93,3720.95,4,4,Bamboo Toilet Roll 4-pack,Tissues,Toilet Roll,180,95,N,4 rolls,Matched,33832.07,21185,0.373818983,9.09232051,8926.12,0.01793722
2024-01-01,Swiggy Instamart,North,BEC-GB-001,160,160,23840,2830.96,2764.01,4,4,Garbage Bag Medium 30s,Garbage Bags,Medium,149,70,N,30 bags,Matched,21009.04,11200,0.466896155,7.600927638,7045.03,0.025
2024-02-01,Blinkit,West,BEC-GB-001,226,226,33674,1707.1,3870.03,9,9,Garbage Bag Medium 30s,Garbage Bags,Medium,149,70,N,30 bags,Matched,31966.9,15820,0.505113101,8.260116847,12276.87,0.039823009
2024-12-01,Blinkit,South,BEC-TIS-002,266,266,47880,3555.85,5820.35,8,8,Bamboo Toilet Roll 4-pack,Tissues,Toilet Roll,180,95,N,4 rolls,Matched,44324.15,25270,0.429881904,7.615375364,13233.8,0.030075188
2024-07-01,Amazon,North,BEC-GB-002,276,276,49404,14214.5,2080.74,9,9,Garbage Bag Large 15s,Garbage Bags,Large,179,86,N,15 bags,Matched,35189.5,23736,0.325480612,16.91201207,9372.76,0.032608696
2025-05-01,Amazon,North,BEC-CLN-002,546,546,101010,18595.25,19879.21,22,22,Dishwash Liquid 750ml,Cleaners,Dishwash,185,88,N,750 ml,Matched,82414.75,48048,0.416997564,4.145775914,14487.54,0.04029304
2025-05-01,Zepto,North,BEC-CLN-002,252,252,46620,3398.66,10211.85,14,14,Dishwash Liquid 750ml,Cleaners,Dishwash,185,88,N,750 ml,Matched,43221.34,22176,0.486920119,4.232469141,10833.49,0.055555556
2025-04-01,D2C,South,BEC-TIS-002,127,127,22860,1463.22,2024.11,21,21,Bamboo Toilet Roll 4-pack,Tissues,Toilet Roll,180,95,N,4 rolls,Matched,21396.78,12065,0.436130109,10.57095711,7307.67,0.165354331
2024-04-01,Zepto,South,BEC-TIS-002,201,201,36180,5619.01,2487.81,11,11,Bamboo Toilet Roll 4-pack,Tissues,Toilet Roll,180,95,N,4 rolls,Matched,30560.99,19095,0.375183854,12.28429422,8978.18,0.054726368
2025-01-01,Zepto,North,BEC-GB-002,240,240,42960,7083.44,1959.76,5,5,Garbage Bag Large 15s,Garbage Bags,Large,179,86,N,15 bags,Matched,35876.56,20640,0.424694006,18.30660897,13276.8,0.020833333
2024-06-01,Flipkart,South,BEC-CLN-002,154,154,28490,3856.25,6552.52,7,7,Dishwash Liquid 750ml,Cleaners,Dishwash,185,88,N,750 ml,Matched,24633.75,13552,0.449860456,3.759431486,4529.23,0.045454545
2024-01-01,Amazon,West,BEC-KT-002,322,322,135240,6884.48,11091.73,10,10,Kitchen Towel 6-roll,Kitchen Towel,Towel,420,205,N,6 rolls,Matched,128355.52,66010,0.485725273,11.57218216,51253.79,0.031055901
2025-02-01,Zepto,North,BEC-GB-001,235,235,35015,5063.67,2112.09,9,9,Garbage Bag Medium 30s,Garbage Bags,Medium,149,70,N,30 bags,Matched,29951.33,16450,0.450775642,14.18089665,11389.24,0.038297872
2025-03-01,Amazon,North,BEC-BW-002,155,155,27125,6015.92,1782.46,6,6,Parchment Paper Roll,Bake & Wrap,Bake,175,92,N,20 m,Matched,21109.08,14260,0.324461322,11.84266688,5066.62,0.038709677
2025-06-01,Blinkit,North,BEC-OTH-001,142,142,21158,2185.19,2494.97,8,8,Bamboo Wet Wipes 72s,Others,Wipes,149,72,N,72 wipes,Matched,18972.81,10224,0.461123576,7.604424101,6253.84,0.056338028
2024-05-01,Swiggy Instamart,South,BEC-CMB-001,24,24,16776,4787.28,1745.31,1,1,Home Cleaning Combo,Others,Combo,699,330,Y,4 items,Matched,11988.72,7920,0.339379016,6.869106348,2323.41,0.041666667
2024-01-01,Blinkit,West,BEC-CLN-004,366,366,36234,4049.68,10739.85,17,17,Handwash 250ml,Cleaners,Handwash,99,44,N,250 ml,Matched,32184.32,16104,0.499632119,2.996719693,5340.47,0.046448087
2025-01-01,D2C,South,BEC-KT-001,121,121,19360,563.64,1010.71,17,17,Kitchen Towel 2-roll,Kitchen Towel,Towel,160,78,N,2 rolls,Matched,18796.36,9438,0.497881505,18.59718416,8347.65,0.140495868
2024-03-01,Flipkart,North,BEC-OTH-001,94,94,14006,3127.25,1279.83,4,4,Bamboo Wet Wipes 72s,Others,Wipes,149,72,N,72 wipes,Matched,10878.75,6768,0.3778697,8.500152364,2830.92,0.042553191
2024-04-01,D2C,South,BEC-KT-001,87,87,13920,870.39,686.4,13,13,Kitchen Towel 2-roll,Kitchen Towel,Towel,160,78,N,2 rolls,Matched,13049.61,6786,0.479984459,19.01166958,5577.21,0.149425287
2025-04-01,Amazon,South,BEC-TIS-002,300,300,54000,13923.25,2857.3,10,10,Bamboo Toilet Roll 4-pack,Tissues,Toilet Roll,180,95,N,4 rolls,Matched,40076.75,28500,0.288864491,14.02609106,8719.45,0.033333333
2024-11-01,Amazon,South,BEC-GB-002,169,169,30251,4958.83,1850.09,5,5,Garbage Bag Large 15s,Garbage Bags,Large,179,86,N,15 bags,Matched,25292.17,14534,0.425355752,13.67077818,8908.08,0.029585799
2025-01-01,Amazon,West,BEC-OTH-001,207,207,30843,8361.14,2478.55,11,11,Bamboo Wet Wipes 72s,Others,Wipes,149,72,N,72 wipes,Matched,22481.86,14904,0.337065527,9.070569486,5099.31,0.053140097
2024-07-01,D2C,South,BEC-TIS-002,107,107,19260,2718.7,853.09,12,12,Bamboo Toilet Roll 4-pack,Tissues,Toilet Roll,180,95,N,4 rolls,Matched,16541.3,10165,0.385477562,19.38986508,5523.21,0.112149533
2024-06-01,Amazon,West,BEC-CLN-001,489,489,97311,25341.76,22163.03,26,26,Floor Cleaner 1L,Cleaners,Floor Cleaner,199,96,N,1 L,Matched,71969.24,46944,0.347721332,3.247265378,2862.21,0.053169734
2024-11-01,Swiggy Instamart,North,BEC-CLN-002,193,193,35705,8661.57,5310.09,11,11,Dishwash Liquid 750ml,Cleaners,Dishwash,185,88,N,750 ml,Matched,27043.43,16984,0.371973156,5.092838351,4749.34,0.056994819
2024-01-01,Zepto,North,BEC-KT-001,148,148,23680,6724.42,2113.19,3,3,Kitchen Towel 2-roll,Kitchen Towel,Towel,160,78,N,2 rolls,Matched,16955.58,11544,0.319162187,8.023689304,3298.39,0.02027027
2025-02-01,Zepto,South,BEC-TIS-002,177,177,31860,2882.97,3092.85,4,4,Bamboo Toilet Roll 4-pack,Tissues,Toilet Roll,180,95,N,4 rolls,Matched,28977.03,16815,0.419712786,9.369038266,9069.18,0.02259887
2024-06-01,Amazon,North,BEC-TIS-001,444,444,42180,10304.3,1747,21,21,Bamboo Facial Tissue 100s,Tissues,Facial,95,42,N,100 pulls,Matched,31875.7,18648,0.414977553,18.24596451,11480.7,0.047297297
2024-06-01,Zepto,North,BEC-CLN-001,342,342,68058,7627.77,18630.49,16,16,Floor Cleaner 1L,Cleaners,Floor Cleaner,199,96,N,1 L,Matched,60430.23,32832,0.456695763,3.243620001,8967.74,0.046783626
2024-09-01,Swiggy Instamart,North,BEC-TIS-001,100,100,9500,1497.96,472.07,4,4,Bamboo Facial Tissue 100s,Tissues,Facial,95,42,N,100 pulls,Matched,8002.04,4200,0.475133841,16.95096066,3329.97,0.04
2024-10-01,D2C,North,BEC-TIS-001,154,154,14630,1436.58,938.05,18,18,Bamboo Facial Tissue 100s,Tissues,Facial,95,42,N,100 pulls,Matched,13193.42,6468,0.509755621,14.06473003,5787.37,0.116883117
2024-03-01,Swiggy Instamart,North,BEC-CLN-002,177,177,32745,3742.17,5348.94,8,8,Dishwash Liquid 750ml,Cleaners,Dishwash,185,88,N,750 ml,Matched,29002.83,15576,0.46294896,5.422164018,8077.89,0.04519774
2024-05-01,Swiggy Instamart,North,BEC-KT-001,94,94,15040,2155.38,1931.08,3,3,Kitchen Towel 2-roll,Kitchen Towel,Towel,160,78,N,2 rolls,Matched,12884.62,7332,0.430949458,6.672235226,3621.54,0.031914894
2024-11-01,Amazon,South,BEC-TIS-002,222,222,39960,5461.8,3577.95,10,10,Bamboo Toilet Roll 4-pack,Tissues,Toilet Roll,180,95,N,4 rolls,Matched,34498.2,21090,0.388663756,9.641889909,9830.25,0.045045045
2024-06-01,Blinkit,North,BEC-CLN-002,238,238,44030,9546.15,9187.56,6,6,Dishwash Liquid 750ml,Cleaners,Dishwash,185,88,N,750 ml,Matched,34483.85,20944,0.392643223,3.753319706,4352.29,0.025210084
2024-05-01,Amazon,North,BEC-CMB-001,44,44,30756,3872.74,2318.95,1,1,Home Cleaning Combo,Others,Combo,699,330,Y,4 items,Matched,26883.26,14520,0.459886933,11.59285884,10044.31,0.022727273
2024-12-01,Blinkit,West,BEC-CLN-004,535,535,52965,9040.77,10184,32,32,Handwash 250ml,Cleaners,Handwash,99,44,N,250 ml,Matched,43924.23,23540,0.464077116,4.313062647,10200.23,0.059813084
2025-03-01,Swiggy Instamart,West,BEC-OTH-001,76,76,11324,2526.53,1245.84,2,2,Bamboo Wet Wipes 72s,Others,Wipes,149,72,N,72 wipes,Matched,8797.47,5472,0.378002994,7.061476594,2079.63,0.026315789
2024-04-01,Zepto,North,BEC-BW-001,99,99,21780,2362.07,2494.02,4,4,Compostable Cling Wrap,Bake & Wrap,Wrap,220,118,N,30 m,Matched,19417.93,11682,0.398391075,7.785795623,5241.91,0.04040404
2024-10-01,D2C,North,BEC-BW-001,75,75,16500,627.4,2266.62,11,11,Compostable Cling Wrap,Bake & Wrap,Wrap,220,118,N,30 m,Matched,15872.6,8850,0.442435392,7.002761822,4755.98,0.146666667
2024-02-01,D2C,West,BEC-CMB-001,38,38,26562,1770.51,3172.41,6,6,Home Cleaning Combo,Others,Combo,699,330,Y,4 items,Matched,24791.49,12540,0.494181269,7.814718148,9079.08,0.157894737
2025-06-01,Amazon,West,BEC-BW-001,305,305,67100,15091.73,6730.66,8,8,Compostable Cling Wrap,Bake & Wrap,Wrap,220,118,N,30 m,Matched,52008.27,35990,0.307994671,7.727068371,9287.61,0.026229508
2024-04-01,Zepto,West,BEC-OTH-001,151,151,22499,4829.73,2420.08,4,4,Bamboo Wet Wipes 72s,Others,Wipes,149,72,N,72 wipes,Matched,17669.27,10872,0.384694444,7.301109881,4377.19,0.026490066
2024-01-01,Amazon,West,BEC-TIS-002,597,597,107460,16944.85,5027.22,27,27,Bamboo Toilet Roll 4-pack,Tissues,Toilet Roll,180,95,N,4 rolls,Matched,90515.15,56715,0.373419809,18.00501072,28772.93,0.045226131
2024-08-01,Zepto,South,BEC-GB-001,141,141,21009,3817.14,2270.1,4,4,Garbage Bag Medium 30s,Garbage Bags,Medium,149,70,N,30 bags,Matched,17191.86,9870,0.42589109,7.573172988,5051.76,0.028368794
2025-02-01,Amazon,West,BEC-KT-001,505,505,80800,18499.04,6748.82,28,28,Kitchen Towel 2-roll,Kitchen Towel,Towel,160,78,N,2 rolls,Matched,62300.96,39390,0.3677465,9.231385635,16162.14,0.055445545
2025-01-01,D2C,North,BEC-BW-002,67,67,11725,566.57,1593.32,6,6,Parchment Paper Roll,Bake & Wrap,Bake,175,92,N,20 m,Matched,11158.43,6164,0.447592538,7.003257349,3401.11,0.089552239
2024-11-01,Zepto,North,BEC-TIS-001,244,244,23180,4756.42,2418.35,8,8,Bamboo Facial Tissue 100s,Tissues,Facial,95,42,N,100 pulls,Matched,18423.58,10248,0.443756317,7.618243844,5757.23,0.032786885
2025-03-01,Amazon,North,BEC-KT-002,407,407,170940,12267.03,14273.59,24,24,Kitchen Towel 6-roll,Kitchen Towel,Towel,420,205,N,6 rolls,Matched,158672.97,83435,0.474170049,11.11654251,60964.38,0.058968059
2024-02-01,Zepto,South,BEC-OTH-001,59,59,8791,1966.28,609.88,2,2,Bamboo Wet Wipes 72s,Others,Wipes,149,72,N,72 wipes,Matched,6824.72,4248,0.377556881,11.19026694,1966.84,0.033898305
2024-06-01,Flipkart,West,BEC-OTH-001,68,68,10132,2169.95,783.32,3,3,Bamboo Wet Wipes 72s,Others,Wipes,149,72,N,72 wipes,Matched,7962.05,4896,0.385082987,10.16449216,2282.73,0.044117647
2024-08-01,Blinkit,South,BEC-KT-001,154,154,24640,7123.67,1765.09,9,9,Kitchen Towel 2-roll,Kitchen Towel,Towel,160,78,N,2 rolls,Matched,17516.33,12012,0.314239912,9.923760262,3739.24,0.058441558
2024-11-01,Blinkit,West,BEC-CLN-003,411,411,122889,16912.87,33927.11,24,24,Laundry Liquid 1L,Cleaners,Laundry,299,150,N,1 L,Matched,105976.13,61650,0.418265226,3.123641536,10399.02,0.058394161
2025-02-01,Zepto,West,BEC-GB-002,408,408,73032,17138.03,5658.04,18,18,Garbage Bag Large 15s,Garbage Bags,Large,179,86,N,15 bags,Matched,55893.97,35088,0.372239975,9.878680603,15147.93,0.044117647
2024-05-01,Swiggy Instamart,South,BEC-CLN-003,150,150,44850,4329.09,10299.67,6,6,Laundry Liquid 1L,Cleaners,Laundry,299,150,N,1 L,Matched,40520.91,22500,0.444731128,3.934194979,7721.24,0.04
2024-02-01,D2C,North,BEC-CLN-003,169,169,50531,5339.77,10602.31,25,25,Laundry Liquid 1L,Cleaners,Laundry,299,150,N,1 L,Matched,45191.23,25350,0.439050453,4.262394705,9238.92,0.147928994
2024-06-01,Flipkart,North,BEC-BW-001,72,72,15840,2245.99,919.69,3,3,Compostable Cling Wrap,Bake & Wrap,Wrap,220,118,N,30 m,Matched,13594.01,8496,0.37501885,14.78107841,4178.32,0.041666667
2024-03-01,Swiggy Instamart,North,BEC-BW-002,93,93,16275,1734.33,1970.28,4,4,Parchment Paper Roll,Bake & Wrap,Bake,175,92,N,20 m,Matched,14540.67,8556,0.411581447,7.380001827,4014.39,0.043010753
2024-05-01,Zepto,North,BEC-KT-002,231,231,97020,7695.55,10299.68,7,7,Kitchen Towel 6-roll,Kitchen Towel,Towel,420,205,N,6 rolls,Matched,89324.45,47355,0.469853999,8.672546137,31669.77,0.03030303
2025-05-01,Amazon,North,BEC-CLN-001,388,388,77212,18643.01,14291.61,21,21,Floor Cleaner 1L,Cleaners,Floor Cleaner,199,96,N,1 L,Matched,58568.99,37248,0.364032059,4.098137998,7029.38,0.054123711
2024-04-01,D2C,West,BEC-CLN-004,365,365,36135,5307.63,9107.8,36,36,Handwash 250ml,Cleaners,Handwash,99,44,N,250 ml,Matched,30827.37,16060,0.479034378,3.384721887,5659.57,0.098630137
2024-09-01,Swiggy Instamart,West,BEC-BW-001,68,68,14960,3722.07,1232.69,3,3,Compostable Cling Wrap,Bake & Wrap,Wrap,220,118,N,30 m,Matched,11237.93,8024,0.285989502,9.116590546,1981.24,0.044117647
2025-06-01,D2C,North,BEC-CMB-001,31,31,21669,2500.69,2130.37,5,5,Home Cleaning Combo,Others,Combo,699,330,Y,4 items,Matched,19168.31,10230,0.466306628,8.997643602,6807.94,0.161290323
2025-04-01,Blinkit,West,BEC-KT-001,313,313,50080,7306.18,4133.63,14,14,Kitchen Towel 2-roll,Kitchen Towel,Towel,160,78,N,2 rolls,Matched,42773.82,24414,0.42923031,10.34776214,14226.19,0.044728435
2024-09-01,D2C,West,BEC-CMB-001,20,20,13980,1359.34,1775.97,2,2,Home Cleaning Combo,Others,Combo,699,330,Y,4 items,Matched,12620.66,6600,0.477047952,7.106347517,4244.69,0.1
2024-08-01,D2C,South,BEC-KT-001,106,106,16960,584.47,921.33,17,17,Kitchen Towel 2-roll,Kitchen Towel,Towel,160,78,N,2 rolls,Matched,16375.53,8268,0.495100311,17.77379441,7186.2,0.160377358
2024-03-01,Amazon,North,BEC-OTH-001,140,140,20860,4088.09,2106.96,3,3,Bamboo Wet Wipes 72s,Others,Wipes,149,72,N,72 wipes,Matched,16771.91,10080,0.398995106,7.960241296,4584.95,0.021428571
2025-02-01,Blinkit,South,BEC-TIS-002,205,205,36900,7358.91,1748.96,10,10,Bamboo Toilet Roll 4-pack,Tissues,Toilet Roll,180,95,N,4 rolls,Matched,29541.09,19475,0.340748767,16.89066074,8317.13,0.048780488
2025-04-01,Blinkit,South,BEC-CLN-001,345,345,68655,18778.64,12699.71,13,13,Floor Cleaner 1L,Cleaners,Floor Cleaner,199,96,N,1 L,Matched,49876.36,33120,0.335957957,3.927362121,4056.65,0.037681159
2024-11-01,Zepto,South,BEC-CMB-001,24,24,16776,1096,2005.5,0,0,Home Cleaning Combo,Others,Combo,699,330,Y,4 items,Matched,15680,7920,0.494897959,7.818499127,5754.5,0
2024-05-01,Flipkart,West,BEC-CLN-004,2410,2410,23859,6500.81,4115.99,12,12,Handwash 250ml,Cleaners,Handwash,99,44,N,250 ml,Matched,17358.19,106040,-5.108931864,4.217257574,-92797.8,0.004979253
2025-06-01,Flipkart,North,BEC-OTH-001,58,58,8642,1432.95,957.8,1,1,Bamboo Wet Wipes 72s,Others,Wipes,149,72,N,72 wipes,Matched,7209.05,4176,0.420728113,7.526675715,2075.25,0.017241379
2024-08-01,Amazon,South,BEC-CLN-001,232,232,46168,3220.85,9695.12,10,10,Floor Cleaner 1L,Cleaners,Floor Cleaner,199,96,N,1 L,Matched,42947.15,22272,0.481409127,4.429769822,10980.03,0.043103448
2025-03-01,Blinkit,South,BEC-KT-002,179,179,75180,6520.82,7091.75,4,4,Kitchen Towel 6-roll,Kitchen Towel,Towel,420,205,N,6 rolls,Matched,68659.18,36695,0.465548525,9.681556738,24872.43,0.022346369
2025-02-01,Blinkit,South,BEC-CLN-004,263,263,26037,7670.9,4240.62,14,14,Handwash 250ml,Cleaners,Handwash,99,44,N,250 ml,Matched,18366.1,11572,0.369926114,4.330994053,2553.48,0.053231939
2024-07-01,Amazon,West,BEC-GB-001,466,466,69434,15039.8,3233.5,12,12,Garbage Bag Medium 30s,Garbage Bags,Medium,149,70,N,30 bags,Matched,54394.2,32620,0.400303709,16.82208134,18540.7,0.025751073
2024-04-01,Blinkit,South,BEC-TIS-001,265,265,25175,7090.99,2698.35,12,12,Bamboo Facial Tissue 100s,Tissues,Facial,95,42,N,100 pulls,Matched,18084.01,11130,0.384539159,6.701877073,4255.66,0.045283019
2024-08-01,Flipkart,South,BEC-TIS-001,117,117,11115,2607.24,671.43,5,5,Bamboo Facial Tissue 100s,Tissues,Facial,95,42,N,100 pulls,Matched,8507.76,4914,0.422409659,12.67110496,2922.33,0.042735043
2024-01-01,Swiggy Instamart,North,BEC-BW-001,76,76,16720,1998.87,1218.65,2,2,Compostable Cling Wrap,Bake & Wrap,Wrap,220,118,N,30 m,Matched,14721.13,8968,0.390807635,12.07986707,4534.48,0.026315789
2025-02-01,D2C,South,BEC-CLN-002,166,166,30710,1781.67,9446.98,21,21,Dishwash Liquid 750ml,Cleaners,Dishwash,185,88,N,750 ml,Matched,28928.33,14608,0.495027884,3.062177542,4873.35,0.126506024
2025-01-01,Swiggy Instamart,West,BEC-OTH-001,113,113,16837,4620.61,1621.07,3,3,Bamboo Wet Wipes 72s,Others,Wipes,149,72,N,72 wipes,Matched,12216.39,8136,0.334009474,7.536003997,2459.32,0.026548673
2024-12-01,Amazon,South,BEC-CLN-001,392,392,78008,10919.09,17699.32,11,11,Floor Cleaner 1L,Cleaners,Floor Cleaner,199,96,N,1 L,Matched,67088.91,37632,0.439072717,3.790479521,11757.59,0.028061224
2025-01-01,Flipkart,West,BEC-CMB-001,34,34,23766,6896.35,2342.53,0,0,Home Cleaning Combo,Others,Combo,699,330,Y,4 items,Matched,16869.65,11220,0.33490025,7.201465936,3307.12,0
2024-07-01,Amazon,South,BEC-CLN-004,393,393,38907,1990.95,11645.19,22,22,Handwash 250ml,Cleaners,Handwash,99,44,N,250 ml,Matched,36916.05,17292,0.531585855,3.1700685,7978.86,0.055979644
2024-05-01,Amazon,South,BEC-CLN-001,444,444,88356,17432.58,20624.67,20,20,Floor Cleaner 1L,Cleaners,Floor Cleaner,199,96,N,1 L,Matched,70923.42,42624,0.399013753,3.438766293,7674.75,0.045045045
2025-02-01,Blinkit,West,BEC-GB-002,257,257,46003,4765.45,3892.66,13,13,Garbage Bag Large 15s,Garbage Bags,Large,179,86,N,15 bags,Matched,41237.55,22102,0.464032175,10.5936686,15242.89,0.050583658
2024-01-01,Flipkart,West,BEC-BW-001,117,117,25740,6783.61,1299.77,4,4,Compostable Cling Wrap,Bake & Wrap,Wrap,220,118,N,30 m,Matched,18956.39,13806,0.271696773,14.58441878,3850.62,0.034188034
2024-06-01,Zepto,North,BEC-GB-001,204,204,30396,6584.07,1208.05,7,7,Garbage Bag Medium 30s,Garbage Bags,Medium,149,70,N,30 bags,Matched,23811.93,14280,0.400300606,19.71104673,8323.88,0.034313725
2024-09-01,D2C,West,BEC-TIS-002,128,128,23040,1115.67,0,12,12,Bamboo Toilet Roll 4-pack,Tissues,Toilet Roll,180,95,N,4 rolls,Matched,21924.33,12160,0.445365035,,9764.33,0.09375
2024-12-01,D2C,West,BEC-GB-002,149,149,26671,1226.67,3715.42,19,19,Garbage Bag Large 15s,Garbage Bags,Large,179,86,N,15 bags,Matched,25444.33,12814,0.496390748,6.848305171,8914.91,0.127516779
2025-05-01,Flipkart,West,BEC-TIS-001,242,242,22990,4036.26,2502.95,7,7,Bamboo Facial Tissue 100s,Tissues,Facial,95,42,N,100 pulls,Matched,18953.74,10164,0.463746997,7.572560379,6286.79,0.02892562
2025-02-01,Amazon,South,BEC-TIS-001,392,392,37240,6340.08,4436.88,12,12,Bamboo Facial Tissue 100s,Tissues,Facial,95,42,N,100 pulls,Matched,30899.92,16464,0.467183087,6.964335299,9999.04,0.030612245
2024-12-01,Amazon,North,BEC-TIS-002,399,399,71820,4722.87,3678.38,18,18,Bamboo Toilet Roll 4-pack,Tissues,Toilet Roll,180,95,N,4 rolls,Matched,67097.13,37905,0.435072707,18.24094574,25513.75,0.045112782
2025-04-01,Swiggy Instamart,West,BEC-GB-002,216,216,38664,6289.71,2304.8,9,9,Garbage Bag Large 15s,Garbage Bags,Large,179,86,N,15 bags,Matched,32374.29,18576,0.426211355,14.0464639,11493.49,0.041666667
2024-01-01,Blinkit,West,BEC-CLN-002,456,456,84360,12402.65,15526.47,20,20,Dishwash Liquid 750ml,Cleaners,Dishwash,185,88,N,750 ml,Matched,71957.35,40128,0.442336328,4.634495156,16302.88,0.043859649
2025-04-01,Blinkit,West,BEC-CLN-001,467,467,92933,22577.82,15609.9,21,21,Floor Cleaner 1L,Cleaners,Floor Cleaner,199,96,N,1 L,Matched,70355.18,44832,0.362776131,4.507087169,9913.28,0.04496788
2024-04-01,Amazon,West,BEC-BW-002,300,300,52500,12297.43,5779.43,10,10,Parchment Paper Roll,Bake & Wrap,Bake,175,92,N,20 m,Matched,40202.57,27600,0.313476725,6.956147925,6823.14,0.033333333
2024-08-01,Swiggy Instamart,North,BEC-TIS-002,117,117,21060,5201.03,1240.32,4,4,Bamboo Toilet Roll 4-pack,Tissues,Toilet Roll,180,95,N,4 rolls,Matched,15858.97,11115,0.299134811,12.78619227,3503.65,0.034188034
2025-05-01,Amazon,West,BEC-TIS-002,599,599,107820,5729.69,14323.51,15,15,Bamboo Toilet Roll 4-pack,Tissues,Toilet Roll,180,95,N,4 rolls,Matched,102090.31,56905,0.44260136,7.127464567,30861.8,0.025041736
2024-06-01,Swiggy Instamart,North,BEC-CMB-001,22,22,15378,895.25,1516.77,0,0,Home Cleaning Combo,Others,Combo,699,330,Y,4 items,Matched,14482.75,7260,0.498713987,9.548415383,5705.98,0
2024-08-01,Blinkit,North,BEC-OTH-001,79,79,11771,2786.23,528.14,3,3,Bamboo Wet Wipes 72s,Others,Wipes,149,72,N,72 wipes,Matched,8984.77,5688,0.366928703,17.01209906,2768.63,0.037974684
2024-09-01,D2C,North,BEC-GB-002,125,125,22375,889.32,1843.41,15,15,Garbage Bag Large 15s,Garbage Bags,Large,179,86,N,15 bags,Matched,21485.68,10750,0.499666755,11.6553995,8892.27,0.12
2024-09-01,Amazon,West,BEC-GB-002,273,273,48867,12251.21,5348.91,12,12,Garbage Bag Large 15s,Garbage Bags,Large,179,86,N,15 bags,Matched,36615.79,23478,0.358801217,6.845467581,7788.88,0.043956044
2025-05-01,Amazon,North,BEC-TIS-001,488,488,46360,7687.35,2015.7,23,23,Bamboo Facial Tissue 100s,Tissues,Facial,95,42,N,100 pulls,Matched,38672.65,20496,0.470013045,19.18571712,16160.95,0.047131148
2025-05-01,Flipkart,West,BEC-CLN-004,270,270,26730,7921.56,4564.85,7,7,Handwash 250ml,Cleaners,Handwash,99,44,N,250 ml,Matched,18808.44,11880,0.368368669,4.120275584,2363.59,0.025925926
2024-10-01,Flipkart,West,BEC-GB-002,139,139,24881,4459.19,2006.26,3,3,Garbage Bag Large 15s,Garbage Bags,Large,179,86,N,15 bags,Matched,20421.81,11954,0.414645421,10.17904459,6461.55,0.021582734
2024-02-01,Flipkart,North,BEC-CLN-003,208,208,62192,3421.58,11027.16,7,7,Laundry Liquid 1L,Cleaners,Laundry,299,150,N,1 L,Matched,58770.42,31200,0.46912069,5.329606172,16543.26,0.033653846
2024-02-01,Amazon,South,BEC-CLN-002,412,412,76220,9461.78,20605.8,12,12,Dishwash Liquid 750ml,Cleaners,Dishwash,185,88,N,750 ml,Matched,66758.22,36256,0.456905831,3.239778121,9896.42,0.029126214
2024-05-01,D2C,West,BEC-CLN-001,219,219,43581,3346.01,10102.78,22,22,Floor Cleaner 1L,Cleaners,Floor Cleaner,199,96,N,1 L,Matched,40234.99,21024,0.477469735,3.982566185,9108.21,0.100456621
2024-11-01,D2C,North,BEC-CLN-003,143,143,42757,3564.39,8906.54,23,23,Laundry Liquid 1L,Cleaners,Laundry,299,150,N,1 L,Matched,39192.61,21450,0.452702946,4.40043047,8836.07,0.160839161
2025-03-01,Flipkart,West,BEC-CLN-003,428,428,127972,35613.89,18642.5,12,12,Laundry Liquid 1L,Cleaners,Laundry,299,150,N,1 L,Matched,92358.11,64200,0.304879669,4.954169773,9515.61,0.028037383
2025-04-01,Flipkart,West,BEC-GB-002,220,220,39380,10460.45,3410.43,7,7,Garbage Bag Large 15s,Garbage Bags,Large,179,86,N,15 bags,Matched,28919.55,18920,0.345771286,8.479737159,6589.12,0.031818182
2024-03-01,Flipkart,West,BEC-CLN-003,386,386,115414,8835.4,20378.75,13,13,Laundry Liquid 1L,Cleaners,Laundry,299,150,N,1 L,Matched,106578.6,57900,0.45673897,5.229888977,28299.85,0.033678756
2025-02-01,Swiggy Instamart,West,BEC-CMB-001,43,43,30057,6305.49,1936.74,2,2,Home Cleaning Combo,Others,Combo,699,330,Y,4 items,Matched,23751.51,14190,0.4025643,12.26365439,7624.77,0.046511628
2024-08-01,Swiggy Instamart,North,BEC-KT-001,76,76,12160,2291.65,1059.57,3,3,Kitchen Towel 2-roll,Kitchen Towel,Towel,160,78,N,2 rolls,Matched,9868.35,5928,0.399291675,9.313542286,2880.78,0.039473684
2024-01-01,Amazon,West,BEC-TIS-001,458,458,43510,5956,2081.95,11,11,Bamboo Facial Tissue 100s,Tissues,Facial,95,42,N,100 pulls,Matched,37554,19236,0.4877776,18.03789716,16236.05,0.024017467
2024-11-01,Blinkit,South,BEC-BW-002,99,99,17325,1250.96,2392.32,3,3,Parchment Paper Roll,Bake & Wrap,Bake,175,92,N,20 m,Matched,16074.04,9108,0.433372071,6.719017523,4573.72,0.03030303
2024-07-01,Blinkit,West,BEC-GB-002,213,213,38127,5177.75,3925.1,11,11,Garbage Bag Large 15s,Garbage Bags,Large,179,86,N,15 bags,Matched,32949.25,18318,0.444054114,8.394499503,10706.15,0.051643192
2024-04-01,Swiggy Instamart,West,BEC-TIS-001,164,164,15580,2685.04,967.6,5,5,Bamboo Facial Tissue 100s,Tissues,Facial,95,42,N,100 pulls,Matched,12894.96,6888,0.465837816,13.32674659,5039.36,0.030487805
2024-02-01,Flipkart,South,BEC-CLN-003,202,202,60398,6114.37,16522.82,6,6,Laundry Liquid 1L,Cleaners,Laundry,299,150,N,1 L,Matched,54283.63,30300,0.441820674,3.285373199,7460.81,0.02970297
2024-10-01,D2C,South,BEC-KT-001,67,67,10720,426.68,1052.91,9,9,Kitchen Towel 2-roll,Kitchen Towel,Towel,160,78,N,2 rolls,Matched,10293.32,5226,0.492292088,9.77606823,4014.41,0.134328358
2024-02-01,Blinkit,South,BEC-KT-002,181,181,76020,19657.44,4814,9,9,Kitchen Towel 6-roll,Kitchen Towel,Towel,420,205,N,6 rolls,Matched,56362.56,37105,0.341672912,11.70805152,14443.56,0.049723757
2024-11-01,Zepto,South,BEC-CLN-004,267,267,26433,5339.54,5015.59,11,11,Handwash 250ml,Cleaners,Handwash,99,44,N,250 ml,Matched,21093.46,11748,0.443050121,4.205579005,4329.87,0.041198502
2025-06-01,Amazon,South,BEC-CLN-002,496,496,91760,7760.35,23884.26,21,21,Dishwash Liquid 750ml,Cleaners,Dishwash,185,88,N,750 ml,Matched,83999.65,43648,0.480378787,3.516945888,16467.39,0.04233871
2024-11-01,D2C,West,BEC-CLN-002,239,239,44215,5889.89,11280.91,31,31,Dishwash Liquid 750ml,Cleaners,Dishwash,185,88,N,750 ml,Matched,38325.11,21032,0.451221405,3.397342058,6012.2,0.129707113
2025-01-01,Amazon,West,BEC-CLN-001,784,784,156016,10241.87,40318.44,40,40,Floor Cleaner 1L,Cleaners,Floor Cleaner,199,96,N,1 L,Matched,145774.13,75264,0.483694398,3.6155697,30191.69,0.051020408
2024-11-01,D2C,West,BEC-KT-002,152,152,63840,1548.23,5054.6,24,24,Kitchen Towel 6-roll,Kitchen Towel,Towel,420,205,N,6 rolls,Matched,62291.77,31160,0.499773405,12.32377834,26077.17,0.157894737
2024-05-01,D2C,West,BEC-TIS-002,225,225,40500,1087.47,5688.98,31,31,Bamboo Toilet Roll 4-pack,Tissues,Toilet Roll,180,95,N,4 rolls,Matched,39412.53,21375,0.457659785,6.927872835,12348.55,0.137777778
2024-04-01,Blinkit,West,BEC-CLN-004,449,449,44451,9872.87,8606.96,11,11,Handwash 250ml,Cleaners,Handwash,99,44,N,250 ml,Matched,34578.13,19756,0.428656206,4.01746145,6215.17,0.024498886
2024-02-01,Amazon,North,BEC-CMB-001,59,59,41241,10388.13,4363.52,3,3,Home Cleaning Combo,Others,Combo,699,330,Y,4 items,Matched,30852.87,19470,0.368940394,7.070637925,7019.35,0.050847458
2025-02-01,Swiggy Instamart,West,BEC-TIS-001,242,242,22990,5989.33,2443.26,6,6,Bamboo Facial Tissue 100s,Tissues,Facial,95,42,N,100 pulls,Matched,17000.67,10164,0.40214121,6.958191105,4393.41,0.024793388
2025-01-01,Blinkit,South,BEC-CLN-001,310,310,61690,10016.93,9878.41,15,15,Floor Cleaner 1L,Cleaners,Floor Cleaner,199,96,N,1 L,Matched,51673.07,29760,0.424071378,5.23090963,12034.66,0.048387097
2025-01-01,Swiggy Instamart,South,BEC-BW-002,65,65,11375,3394.44,1007.25,3,3,Parchment Paper Roll,Bake & Wrap,Bake,175,92,N,20 m,Matched,7980.56,5980,0.25067915,7.923117399,993.31,0.046153846
2025-01-01,Blinkit,South,BEC-TIS-002,267,267,48060,9209.5,4472.28,5,5,Bamboo Toilet Roll 4-pack,Tissues,Toilet Roll,180,95,N,4 rolls,Matched,38850.5,25365,0.34711265,8.686956094,9013.22,0.018726592
2024-09-01,D2C,West,BEC-TIS-001,208,208,19760,982.26,2437.99,29,29,Bamboo Facial Tissue 100s,Tissues,Facial,95,42,N,100 pulls,Matched,18777.74,8736,0.534768295,7.702139878,7603.75,0.139423077
2024-11-01,Swiggy Instamart,South,BEC-CLN-002,183,183,33855,7804.79,8254.76,10,10,Dishwash Liquid 750ml,Cleaners,Dishwash,185,88,N,750 ml,Matched,26050.21,16104,0.381809206,3.155780422,1691.45,0.054644809
2024-06-01,Flipkart,South,BEC-BW-001,75,75,16500,1713.34,750.98,3,3,Compostable Cling Wrap,Bake & Wrap,Wrap,220,118,N,30 m,Matched,14786.66,8850,0.401487557,19.68981864,5185.68,0.04
2025-01-01,Swiggy Instamart,North,BEC-BW-001,90,90,19800,5128.25,781.68,3,3,Compostable Cling Wrap,Bake & Wrap,Wrap,220,118,N,30 m,Matched,14671.75,10620,0.276159967,18.76950926,3270.07,0.033333333
2024-07-01,D2C,South,BEC-GB-002,116,116,20764,1002.65,1974.94,15,15,Garbage Bag Large 15s,Garbage Bags,Large,179,86,N,15 bags,Matched,19761.35,9976,0.49517619,10.00605082,7810.41,0.129310345
2024-07-01,Amazon,West,BEC-CLN-003,553,553,165347,22578.36,39481.18,12,12,Laundry Liquid 1L,Cleaners,Laundry,299,150,N,1 L,Matched,142768.64,82950,0.418990053,3.61611887,20337.46,0.021699819
2024-05-01,Amazon,West,BEC-GB-001,390,390,58110,4147.81,4582.84,15,15,Garbage Bag Medium 30s,Garbage Bags,Medium,149,70,N,30 bags,Matched,53962.19,27300,0.494090214,11.77483613,22079.35,0.038461538
2024-11-01,Zepto,North,BEC-TIS-002,234,234,42120,11607.13,4505.25,12,12,Bamboo Toilet Roll 4-pack,Tissues,Toilet Roll,180,95,N,4 rolls,Matched,30512.87,22230,0.271454963,6.772736252,3777.62,0.051282051
2024-07-01,Swiggy Instamart,South,BEC-CMB-001,14,14,9786,2555.3,699.43,0,0,Home Cleaning Combo,Others,Combo,699,330,Y,4 items,Matched,7230.7,4620,0.361057712,10.33798951,1911.27,0
2024-05-01,Swiggy Instamart,West,BEC-CLN-002,311,311,57535,14225.54,11118.85,16,16,Dishwash Liquid 750ml,Cleaners,Dishwash,185,88,N,750 ml,Matched,43309.46,27368,0.368082631,3.895138436,4822.61,0.051446945
2024-07-01,Blinkit,North,BEC-KT-001,223,223,35680,10154.12,3053.08,5,5,Kitchen Towel 2-roll,Kitchen Towel,Towel,160,78,N,2 rolls,Matched,25525.88,17394,0.318573934,8.360698049,5078.8,0.022421525
2024-09-01,D2C,West,BEC-GB-002,178,178,31862,1275.16,4345.58,20,20,Garbage Bag Large 15s,Garbage Bags,Large,179,86,N,15 bags,Matched,30586.84,15308,0.499523324,7.038609346,10933.26,0.112359551
2024-04-01,D2C,West,BEC-TIS-002,250,250,45000,5343.22,5426.91,29,29,Bamboo Toilet Roll 4-pack,Tissues,Toilet Roll,180,95,N,4 rolls,Matched,39656.78,23750,0.401111235,7.307432775,10479.87,0.116
2024-11-01,Flipkart,South,BEC-KT-001,101,101,16160,2520.46,1438.16,5,5,Kitchen Towel 2-roll,Kitchen Towel,Towel,160,78,N,2 rolls,Matched,13639.54,7878,0.422414539,9.484021249,4323.38,0.04950495
2024-05-01,Swiggy Instamart,West,BEC-KT-002,137,137,57540,16123.5,4274.41,2,2,Kitchen Towel 6-roll,Kitchen Towel,Towel,420,205,N,6 rolls,Matched,41416.5,28085,0.321888619,9.689407427,9057.09,0.01459854
2025-04-01,Swiggy Instamart,West,BEC-OTH-001,107,107,15943,2652.66,835.48,6,6,Bamboo Wet Wipes 72s,Others,Wipes,149,72,N,72 wipes,Matched,13290.34,7704,0.420330857,15.90743046,4750.86,0.056074766
2024-01-01,Amazon,North,BEC-CMB-001,74,74,51726,7808.17,4046.05,2,2,Home Cleaning Combo,Others,Combo,699,330,Y,4 items,Matched,43917.83,24420,0.443961598,10.85449512,15451.78,0.027027027
2024-08-01,Swiggy Instamart,West,BEC-KT-001,152,152,24320,3536.29,2522.08,6,6,Kitchen Towel 2-roll,Kitchen Towel,Towel,160,78,N,2 rolls,Matched,20783.71,11856,0.429553241,8.240702119,6405.63,0.039473684
2025-06-01,D2C,West,BEC-OTH-001,66,66,9834,1012.09,988.14,7,7,Bamboo Wet Wipes 72s,Others,Wipes,149,72,N,72 wipes,Matched,8821.91,4752,0.461341138,8.927793632,3081.77,0.106060606
2025-06-01,Flipkart,North,BEC-KT-002,128,128,53760,15712.04,4401,3,3,Kitchen Towel 6-roll,Kitchen Towel,Towel,420,205,N,6 rolls,Matched,38047.96,26240,0.310344103,8.645298796,7406.96,0.0234375
2024-07-01,Zepto,West,BEC-KT-002,164,164,68880,13612.85,4093.35,6,6,Kitchen Towel 6-roll,Kitchen Towel,Towel,420,205,N,6 rolls,Matched,55267.15,33620,0.391682039,13.50169177,17553.8,0.036585366
2025-03-01,Swiggy Instamart,South,BEC-TIS-002,169,169,30420,5797.25,1405.34,9,9,Bamboo Toilet Roll 4-pack,Tissues,Toilet Roll,180,95,N,4 rolls,Matched,24622.75,16055,0.347960727,17.52084905,7162.41,0.053254438
2024-02-01,Flipkart,South,BEC-BW-002,92,92,16100,4608.43,1295.24,2,2,Parchment Paper Roll,Bake & Wrap,Bake,175,92,N,20 m,Matched,11491.57,8464,0.263460084,8.872154967,1732.33,0.02173913
2024-08-01,Blinkit,South,BEC-BW-002,95,95,16625,3188.17,1359.16,4,4,Parchment Paper Roll,Bake & Wrap,Bake,175,92,N,20 m,Matched,13436.83,8740,0.349548964,9.886128197,3337.67,0.042105263
2024-05-01,Amazon,North,BEC-GB-001,266,266,39634,4033.98,2108.96,6,6,Garbage Bag Medium 30s,Garbage Bags,Medium,149,70,N,30 bags,Matched,35600.02,18620,0.476966586,16.88036757,14871.06,0.022556391
2024-08-01,Blinkit,West,BEC-BW-002,155,155,27125,3667.86,2262.38,5,5,Parchment Paper Roll,Bake & Wrap,Bake,175,92,N,20 m,Matched,23457.14,14260,0.392082752,10.36834661,6934.76,0.032258065
2024-06-01,D2C,North,BEC-GB-001,155,155,23095,823.23,1349.95,14,14,Garbage Bag Medium 30s,Garbage Bags,Medium,149,70,N,30 bags,Matched,22271.77,10850,0.512836205,16.49821845,10071.82,0.090322581
2025-03-01,Zepto,North,BEC-BW-002,159,159,27825,4151.15,3283.75,3,3,Parchment Paper Roll,Bake & Wrap,Bake,175,92,N,20 m,Matched,23673.85,14628,0.382103038,7.209394747,5762.1,0.018867925
2025-05-01,Flipkart,South,BEC-BW-001,61,61,13420,2954.25,1527.23,3,3,Compostable Cling Wrap,Bake & Wrap,Wrap,220,118,N,30 m,Matched,10465.75,7198,0.312232759,6.852766119,1740.52,0.049180328
2024-06-01,Flipkart,North,BEC-OTH-001,77,77,11473,3117.06,1231.88,4,4,Bamboo Wet Wipes 72s,Others,Wipes,149,72,N,72 wipes,Matched,8355.94,5544,0.336519889,6.783079521,1580.06,0.051948052
2025-02-01,Zepto,South,BEC-BW-001,125,125,27500,4640.41,2913.5,4,4,Compostable Cling Wrap,Bake & Wrap,Wrap,220,118,N,30 m,Matched,22859.59,14750,0.354756581,7.846092329,5196.09,0.032
2024-03-01,D2C,North,BEC-BW-001,85,85,18700,2128.12,1693.72,10,10,Compostable Cling Wrap,Bake & Wrap,Wrap,220,118,N,30 m,Matched,16571.88,10030,0.394757867,9.784309095,4848.16,0.117647059
2024-10-01,Swiggy Instamart,West,BEC-GB-002,181,181,32399,2451.15,3675.95,4,4,Garbage Bag Large 15s,Garbage Bags,Large,179,86,N,15 bags,Matched,29947.85,15566,0.480229799,8.146968811,10705.9,0.022099448
2025-04-01,D2C,South,BEC-OTH-001,80,80,11920,418.16,1048.03,11,11,Bamboo Wet Wipes 72s,Others,Wipes,149,72,N,72 wipes,Matched,11501.84,5760,0.499210561,10.97472401,4693.81,0.1375
2024-09-01,Blinkit,West,BEC-TIS-001,281,281,26695,5756.18,1564.22,12,12,Bamboo Facial Tissue 100s,Tissues,Facial,95,42,N,100 pulls,Matched,20938.82,11802,0.436357923,13.38610937,7572.6,0.042704626
2024-05-01,Zepto,West,BEC-GB-001,228,228,33972,3582.57,1590.58,7,7,Garbage Bag Medium 30s,Garbage Bags,Medium,149,70,N,30 bags,Matched,30389.43,15960,0.474817395,19.10587962,12838.85,0.030701754
2025-03-01,Flipkart,North,BEC-GB-002,168,168,30072,6640.16,3139.44,8,8,Garbage Bag Large 15s,Garbage Bags,Large,179,86,N,15 bags,Matched,23431.84,14448,0.383403096,7.463700533,5844.4,0.047619048
2025-01-01,Flipkart,West,BEC-CLN-002,316,316,58460,4517.67,11100.4,7,7,Dishwash Liquid 750ml,Cleaners,Dishwash,185,88,N,750 ml,Matched,53942.33,27808,0.484486488,4.859494252,15033.93,0.022151899
2025-02-01,Amazon,West,BEC-CMB-001,94,94,65706,18756.31,3009.72,4,4,Home Cleaning Combo,Others,Combo,699,330,Y,4 items,Matched,46949.69,31020,0.339292762,15.59935476,12919.97,0.042553191
2025-02-01,Amazon,West,BEC-BW-001,271,271,59620,4608.42,5300.94,7,7,Compostable Cling Wrap,Bake & Wrap,Wrap,220,118,N,30 m,Matched,55011.58,31978,0.418704207,10.37770282,17732.64,0.025830258
2024-04-01,Amazon,South,BEC-CMB-001,55,55,38445,5130.09,3263.39,2,2,Home Cleaning Combo,Others,Combo,699,330,Y,4 items,Matched,33314.91,18150,0.455198888,10.20868177,11901.52,0.036363636
2024-05-01,D2C,West,BEC-CLN-003,347,347,103753,5533.39,21743.99,34,34,Laundry Liquid 1L,Cleaners,Laundry,299,150,N,1 L,Matched,98219.61,52050,0.470065092,4.517092309,24425.62,0.097982709
2024-06-01,Blinkit,West,BEC-TIS-002,326,326,58680,7083.42,4991.44,17,17,Bamboo Toilet Roll 4-pack,Tissues,Toilet Roll,180,95,N,4 rolls,Matched,51596.58,30970,0.399766419,10.33701297,15635.14,0.052147239
2024-02-01,D2C,North,BEC-OTH-001,87,87,12963,1285.01,1352.33,13,13,Bamboo Wet Wipes 72s,Others,Wipes,149,72,N,72 wipes,Matched,11677.99,6264,0.463606323,8.635458801,4061.66,0.149425287
2024-04-01,Flipkart,North,BEC-GB-002,182,182,32578,4176.15,4158.96,7,7,Garbage Bag Large 15s,Garbage Bags,Large,179,86,N,15 bags,Matched,28401.85,15652,0.448909138,6.829075057,8590.89,0.038461538
2025-02-01,Flipkart,South,BEC-CLN-004,208,208,20592,3774.55,4257.19,7,7,Handwash 250ml,Cleaners,Handwash,99,44,N,250 ml,Matched,16817.45,9152,0.455803347,3.950363972,3408.26,0.033653846
2024-06-01,Amazon,South,BEC-KT-001,290,290,46400,2483.75,4728.51,8,8,Kitchen Towel 2-roll,Kitchen Towel,Towel,160,78,N,2 rolls,Matched,43916.25,22620,0.4849287,9.287545125,16567.74,0.027586207
2025-01-01,Zepto,West,BEC-KT-002,253,253,106260,6777.03,8858.02,5,5,Kitchen Towel 6-roll,Kitchen Towel,Towel,420,205,N,6 rolls,Matched,99482.97,51865,0.478654487,11.23083601,38759.95,0.019762846
2025-02-01,Blinkit,North,BEC-GB-002,286,286,51194,11758.59,4177.03,14,14,Garbage Bag Large 15s,Garbage Bags,Large,179,86,N,15 bags,Matched,39435.41,24596,0.376296582,9.441016703,10662.38,0.048951049
2024-02-01,Swiggy Instamart,West,BEC-KT-001,148,148,23680,2077.53,2164.08,8,8,Kitchen Towel 2-roll,Kitchen Towel,Towel,160,78,N,2 rolls,Matched,21602.47,11544,0.465616663,9.982288085,7894.39,0.054054054
2024-11-01,Zepto,West,BEC-BW-002,163,163,28525,7285.76,1707.19,4,4,Parchment Paper Roll,Bake & Wrap,Bake,175,92,N,20 m,Matched,21239.24,14996,0.293948371,12.44105226,4536.05,0.024539877
2024-11-01,Swiggy Instamart,South,BEC-CMB-001,15,15,10485,1407.63,924.09,0,0,Home Cleaning Combo,Others,Combo,699,330,Y,4 items,Matched,9077.37,4950,0.454687867,9.823036717,3203.28,0
2024-11-01,Blinkit,North,BEC-GB-002,234,234,41886,5165.75,2855.47,11,11,Garbage Bag Large 15s,Garbage Bags,Large,179,86,N,15 bags,Matched,36720.25,20124,0.451964515,12.85961681,13740.78,0.047008547
2024-09-01,Flipkart,North,BEC-CLN-003,209,209,62491,9159.75,15834.34,9,9,Laundry Liquid 1L,Cleaners,Laundry,299,150,N,1 L,Matched,53331.25,31350,0.412164538,3.368075335,6146.91,0.043062201
2024-03-01,Amazon,West,BEC-TIS-002,601,601,108180,27441.1,6798.8,31,31,Bamboo Toilet Roll 4-pack,Tissues,Toilet Roll,180,95,N,4 rolls,Matched,80738.9,57095,0.29284397,11.87546332,16845.1,0.051580699
2024-12-01,Blinkit,North,BEC-CMB-001,32,32,22368,5973.03,1862.25,0,0,Home Cleaning Combo,Others,Combo,699,330,Y,4 items,Matched,16394.97,10560,0.355900011,8.803850181,3972.72,0
2024-04-01,Swiggy Instamart,North,BEC-GB-002,107,107,19153,5387.1,1448.4,4,4,Garbage Bag Large 15s,Garbage Bags,Large,179,86,N,15 bags,Matched,13765.9,9202,0.331536623,9.504211544,3115.5,0.037383178
2025-05-01,Zepto,South,BEC-OTH-001,82,82,12218,3307.38,615.33,2,2,Bamboo Wet Wipes 72s,Others,Wipes,149,72,N,72 wipes,Matched,8910.62,5904,0.337419843,14.48104269,2391.29,0.024390244
2025-03-01,D2C,West,BEC-GB-001,234,234,34866,5021.25,2665.97,37,37,Garbage Bag Medium 30s,Garbage Bags,Medium,149,70,N,30 bags,Matched,29844.75,16380,0.451159752,11.19470587,10798.78,0.158119658
2025-04-01,Blinkit,West,BEC-GB-002,319,319,57101,9106.33,3191.52,18,18,Garbage Bag Large 15s,Garbage Bags,Large,179,86,N,15 bags,Matched,47994.67,27434,0.428394861,15.03818557,17369.15,0.056426332
2024-03-01,Amazon,North,BEC-BW-001,158,158,34760,7439.73,2798.39,3,3,Compostable Cling Wrap,Bake & Wrap,Wrap,220,118,N,30 m,Matched,27320.27,18644,0.31757629,9.762852926,5877.88,0.018987342
2025-06-01,Flipkart,West,BEC-CLN-002,413,413,76405,22324.5,9929.38,16,16,Dishwash Liquid 750ml,Cleaners,Dishwash,185,88,N,750 ml,Matched,54080.5,36344,0.327964793,5.446513277,7807.12,0.03874092
2024-12-01,Amazon,South,BEC-OTH-001,102,102,15198,3815.71,1420.03,2,2,Bamboo Wet Wipes 72s,Others,Wipes,149,72,N,72 wipes,Matched,11382.29,7344,0.35478713,8.015527841,2618.26,0.019607843
2024-05-01,Zepto,South,BEC-GB-001,200,200,29800,5430.5,2568.5,8,8,Garbage Bag Medium 30s,Garbage Bags,Medium,149,70,N,30 bags,Matched,24369.5,14000,0.425511397,9.487833366,7801,0.04
2025-04-01,Amazon,North,BEC-CMB-001,66,66,46134,4494.58,3200.87,1,1,Home Cleaning Combo,Others,Combo,699,330,Y,4 items,Matched,41639.42,21780,0.476937959,13.00878199,16658.55,0.015151515
2024-11-01,D2C,North,BEC-BW-002,57,57,9975,1274.17,968.84,7,7,Parchment Paper Roll,Bake & Wrap,Bake,175,92,N,20 m,Matched,8700.83,5244,0.397298878,8.980667602,2487.99,0.122807018
2024-02-01,Amazon,South,BEC-CLN-004,409,409,40491,10479.9,5974.32,20,20,Handwash 250ml,Cleaners,Handwash,99,44,N,250 ml,Matched,30011.1,17996,0.400355202,5.023349938,6040.78,0.048899756
2025-03-01,Blinkit,West,BEC-CLN-001,430,430,85570,7120.93,21474.38,18,18,Floor Cleaner 1L,Cleaners,Floor Cleaner,199,96,N,1 L,Matched,78449.07,41280,0.473798733,3.653147146,15694.69,0.041860465
2024-01-01,D2C,West,BEC-GB-001,184,184,27416,1184.59,3381.58,21,21,Garbage Bag Medium 30s,Garbage Bags,Medium,149,70,N,30 bags,Matched,26231.41,12880,0.508985602,7.757146068,9969.83,0.114130435
2024-10-01,D2C,South,BEC-GB-001,94,94,14006,1893.31,1646.47,10,10,Garbage Bag Medium 30s,Garbage Bags,Medium,149,70,N,30 bags,Matched,12112.69,6580,0.456768067,7.356763257,3886.22,0.106382979
2025-04-01,Zepto,South,BEC-CLN-003,328,328,98072,12130.61,26598.53,14,14,Laundry Liquid 1L,Cleaners,Laundry,299,150,N,1 L,Matched,85941.39,49200,0.427516823,3.231057882,10142.86,0.042682927
2024-02-01,Flipkart,South,BEC-BW-001,80,80,17600,2648.16,2039.52,1,1,Compostable Cling Wrap,Bake & Wrap,Wrap,220,118,N,30 m,Matched,14951.84,9440,0.368639579,7.331058288,3472.32,0.0125
2024-11-01,Swiggy Instamart,South,BEC-TIS-002,134,134,24120,6136,2482.83,2,2,Bamboo Toilet Roll 4-pack,Tissues,Toilet Roll,180,95,N,4 rolls,Matched,17984,12730,0.292148577,7.243347309,2771.17,0.014925373
2024-02-01,Amazon,South,BEC-KT-001,266,266,42560,6940.83,2991.22,14,14,Kitchen Towel 2-roll,Kitchen Towel,Towel,160,78,N,2 rolls,Matched,35619.17,20748,0.417504675,11.90790714,11879.95,0.052631579
2024-08-01,Swiggy Instamart,North,BEC-GB-002,121,121,21659,3955.41,2650.52,7,7,Garbage Bag Large 15s,Garbage Bags,Large,179,86,N,15 bags,Matched,17703.59,10406,0.412209614,6.679289347,4647.07,0.05785124
2024-09-01,Blinkit,West,BEC-CLN-003,436,436,130364,8247.24,32240.72,20,20,Laundry Liquid 1L,Cleaners,Laundry,299,150,N,1 L,Matched,122116.76,65400,0.464446977,3.787656107,24476.04,0.04587156
2024-09-01,Blinkit,North,BEC-TIS-001,171,171,16245,3609.2,1002.87,3,3,Bamboo Facial Tissue 100s,Tissues,Facial,95,42,N,100 pulls,Matched,12635.8,7182,0.431614935,12.59963904,4450.93,0.01754386
2025-06-01,D2C,South,BEC-CLN-003,147,147,43953,3551.63,8950.27,14,14,Laundry Liquid 1L,Cleaners,Laundry,299,150,N,1 L,Matched,40401.37,22050,0.454226428,4.513983377,9401.1,0.095238095
2025-01-01,D2C,West,BEC-CLN-001,383,383,76217,11252.16,20333.32,42,42,Floor Cleaner 1L,Cleaners,Floor Cleaner,199,96,N,1 L,Matched,64964.84,36768,0.434032317,3.194994226,7863.52,0.109660574
2024-06-01,D2C,West,BEC-CLN-004,237,237,23463,924.54,5729.54,22,22,Handwash 250ml,Cleaners,Handwash,99,44,N,250 ml,Matched,22538.46,10428,0.5373242,3.933729409,6380.92,0.092827004
2024-08-01,Amazon,South,BEC-CMB-001,34,34,23766,5377.28,2000.59,1,1,Home Cleaning Combo,Others,Combo,699,330,Y,4 items,Matched,18388.72,11220,0.389843339,9.191648464,5168.13,0.029411765
2025-02-01,Zepto,North,BEC-GB-002,305,305,54595,3271.4,3628.57,7,7,Garbage Bag Large 15s,Garbage Bags,Large,179,86,N,15 bags,Matched,51323.6,26230,0.48892907,14.14430478,21465.03,0.02295082
2024-04-01,Zepto,South,BEC-CLN-001,197,197,39203,4622.16,9049.18,11,11,Floor Cleaner 1L,Cleaners,Floor Cleaner,199,96,N,1 L,Matched,34580.84,18912,0.453107559,3.821433544,6619.66,0.055837563
2024-08-01,Swiggy Instamart,West,BEC-CMB-001,29,29,20271,2723.65,2529.75,1,1,Home Cleaning Combo,Others,Combo,699,330,Y,4 items,Matched,17547.35,9570,0.454618504,6.936396877,5447.6,0.034482759
2024-12-01,Blinkit,South,BEC-BW-002,91,91,15925,3928.12,969.72,5,5,Parchment Paper Roll,Bake & Wrap,Bake,175,92,N,20 m,Matched,11996.88,8372,0.302151893,12.37148868,2655.16,0.054945055
2024-06-01,Swiggy Instamart,West,BEC-CLN-004,230,230,22770,6010.45,3110.12,11,11,Handwash 250ml,Cleaners,Handwash,99,44,N,250 ml,Matched,16759.55,10120,0.396165171,5.388714905,3529.43,0.047826087
2024-07-01,Swiggy Instamart,West,BEC-CLN-004,203,203,20097,5271.29,4370.1,8,8,Handwash 250ml,Cleaners,Handwash,99,44,N,250 ml,Matched,14825.71,8932,0.397533069,3.392533352,1523.61,0.039408867
2025-03-01,Amazon,West,BEC-KT-001,596,596,95360,21390.26,6140.89,23,23,Kitchen Towel 2-roll,Kitchen Towel,Towel,160,78,N,2 rolls,Matched,73969.74,46488,0.371526789,12.04544292,21340.85,0.038590604
2025-02-01,Flipkart,West,BEC-BW-001,113,113,24860,6790.49,976.13,5,5,Compostable Cling Wrap,Bake & Wrap,Wrap,220,118,N,30 m,Matched,18069.51,13334,0.262071855,18.51137656,3759.38,0.044247788
2025-04-01,Flipkart,North,BEC-TIS-001,279,279,26505,5465.99,1816.64,10,10,Bamboo Facial Tissue 100s,Tissues,Facial,95,42,N,100 pulls,Matched,21039.01,11718,0.443034629,11.58127642,7504.37,0.035842294
2025-01-01,D2C,West,BEC-KT-001,196,196,31360,3548.81,2983.83,24,24,Kitchen Towel 2-roll,Kitchen Towel,Towel,160,78,N,2 rolls,Matched,27811.19,15288,0.450293209,9.320634889,9539.36,0.12244898
2025-04-01,Amazon,South,BEC-KT-001,247,247,39520,7454.93,4505.31,13,13,Kitchen Towel 2-roll,Kitchen Towel,Towel,160,78,N,2 rolls,Matched,32065.07,19266,0.399159272,7.117172847,8293.76,0.052631579
2024-08-01,Amazon,North,BEC-CLN-004,298,298,29502,2135.85,7206.16,15,15,Handwash 250ml,Cleaners,Handwash,99,44,N,250 ml,Matched,27366.15,13112,0.520867934,3.797605105,7047.99,0.05033557
2025-01-01,Flipkart,South,BEC-TIS-001,172,172,16340,3770.15,1460.81,4,4,Bamboo Facial Tissue 100s,Tissues,Facial,95,42,N,100 pulls,Matched,12569.85,7224,0.425291471,8.604712454,3885.04,0.023255814
2024-12-01,Zepto,North,BEC-CLN-004,331,331,32769,5602.9,8880.68,15,15,Handwash 250ml,Cleaners,Handwash,99,44,N,250 ml,Matched,27166.1,14564,0.463890658,3.059011247,3721.42,0.045317221
2025-06-01,Blinkit,West,BEC-BW-002,175,175,30625,4337.32,2212.05,9,9,Parchment Paper Roll,Bake & Wrap,Bake,175,92,N,20 m,Matched,26287.68,16100,0.387545801,11.88385434,7975.63,0.051428571
2025-04-01,Zepto,South,BEC-KT-002,176,176,73920,10833.12,5404.46,6,6,Kitchen Towel 6-roll,Kitchen Towel,Towel,420,205,N,6 rolls,Matched,63086.88,36080,0.428090278,11.67311443,21602.42,0.034090909
2024-02-01,Swiggy Instamart,North,BEC-GB-002,110,110,19690,2440.28,1626.92,4,4,Garbage Bag Large 15s,Garbage Bags,Large,179,86,N,15 bags,Matched,17249.72,9460,0.451585301,10.60268483,6162.8,0.036363636
2025-05-01,Blinkit,West,BEC-GB-001,276,276,41124,11742.4,2925.96,11,11,Garbage Bag Medium 30s,Garbage Bags,Medium,149,70,N,30 bags,Matched,29381.6,19320,0.342445612,10.04169572,7135.64,0.039855072
2025-02-01,Amazon,South,BEC-BW-002,191,191,33425,3614.08,2712.78,7,7,Parchment Paper Roll,Bake & Wrap,Bake,175,92,N,20 m,Matched,29810.92,17572,0.41055157,10.98906657,9526.14,0.036649215
2025-01-01,Amazon,North,BEC-KT-002,285,285,119700,27833.16,4945.72,12,12,Kitchen Towel 6-roll,Kitchen Towel,Towel,420,205,N,6 rolls,Matched,91866.84,58425,0.364025148,18.5750184,28496.12,0.042105263
2024-02-01,Zepto,West,BEC-CMB-001,38,38,26562,6291.53,1064.79,1,1,Home Cleaning Combo,Others,Combo,699,330,Y,4 items,Matched,20270.47,12540,0.381366096,19.03705895,6665.68,0.026315789
2024-07-01,Zepto,North,BEC-BW-001,111,111,24420,5335.44,2209.15,4,4,Compostable Cling Wrap,Bake & Wrap,Wrap,220,118,N,30 m,Matched,19084.56,13098,0.313686037,8.638870154,3777.41,0.036036036
2025-02-01,Blinkit,West,BEC-GB-001,406,406,60494,7349.15,7354.35,24,24,Garbage Bag Medium 30s,Garbage Bags,Medium,149,70,N,30 bags,Matched,53144.85,28420,0.465235107,7.226315038,17370.5,0.0591133
2024-12-01,Blinkit,North,BEC-BW-002,157,157,27475,5715.71,2292.92,6,6,Parchment Paper Roll,Bake & Wrap,Bake,175,92,N,20 m,Matched,21759.29,14444,0.336191576,9.489772866,5022.37,0.038216561
2025-06-01,Amazon,West,BEC-BW-002,229,229,40075,9955.83,2247.6,12,12,Parchment Paper Roll,Bake & Wrap,Bake,175,92,N,20 m,Matched,30119.17,21068,0.300511933,13.40059174,6803.57,0.052401747
2024-03-01,Flipkart,North,BEC-KT-001,159,159,25440,4645.45,2453.37,5,5,Kitchen Towel 2-roll,Kitchen Towel,Towel,160,78,N,2 rolls,Matched,20794.55,12402,0.40359373,8.475912724,5939.18,0.031446541
2024-08-01,Zepto,North,BEC-TIS-001,165,165,15675,3888.36,605.54,4,4,Bamboo Facial Tissue 100s,Tissues,Facial,95,42,N,100 pulls,Matched,11786.64,6930,0.412046181,19.46467616,4251.1,0.024242424
2024-01-01,Blinkit,South,BEC-KT-002,198,198,83160,17274.32,9312.44,11,11,Kitchen Towel 6-roll,Kitchen Towel,Towel,420,205,N,6 rolls,Matched,65885.68,40590,0.383932897,7.075017933,15983.24,0.055555556
2024-05-01,Blinkit,West,BEC-CLN-001,407,407,80993,8206.15,23159.87,16,16,Floor Cleaner 1L,Cleaners,Floor Cleaner,199,96,N,1 L,Matched,72786.85,39072,0.46319974,3.142800456,10554.98,0.039312039
2024-03-01,Zepto,West,BEC-OTH-001,112,112,16688,2555,736.22,3,3,Bamboo Wet Wipes 72s,Others,Wipes,149,72,N,72 wipes,Matched,14133,8064,0.429420505,19.19670751,5332.78,0.026785714
2024-04-01,Amazon,West,BEC-CMB-001,101,101,70599,4137.29,6410.61,3,3,Home Cleaning Combo,Others,Combo,699,330,Y,4 items,Matched,66461.71,33330,0.498508239,10.36745489,26721.1,0.02970297
2024-08-01,Flipkart,North,BEC-CLN-001,190,190,37810,8608.87,7662.47,6,6,Floor Cleaner 1L,Cleaners,Floor Cleaner,199,96,N,1 L,Matched,29201.13,18240,0.375366638,3.810929113,3298.66,0.031578947
2024-12-01,Amazon,West,BEC-CLN-003,682,682,203918,18675.4,35433.44,14,14,Laundry Liquid 1L,Cleaners,Laundry,299,150,N,1 L,Matched,185242.6,102300,0.447751219,5.227903359,47509.16,0.020527859
2025-01-01,Amazon,North,BEC-CLN-003,379,379,113321,28007.16,27044.9,9,9,Laundry Liquid 1L,Cleaners,Laundry,299,150,N,1 L,Matched,85313.84,56850,0.33363684,3.154525992,1418.94,0.023746702
2025-03-01,D2C,West,BEC-KT-002,167,167,70140,3166.24,6478.96,16,16,Kitchen Towel 6-roll,Kitchen Towel,Towel,420,205,N,6 rolls,Matched,66973.76,34235,0.488829655,10.33711583,26259.8,0.095808383
2024-10-01,Swiggy Instamart,North,BEC-KT-001,108,108,17280,1629.04,1362.54,4,4,Kitchen Towel 2-roll,Kitchen Towel,Towel,160,78,N,2 rolls,Matched,15650.96,8424,0.461758256,11.4866059,5864.42,0.037037037
2024-02-01,Swiggy Instamart,North,BEC-KT-002,96,96,40320,10108.07,4293.35,5,5,Kitchen Towel 6-roll,Kitchen Towel,Towel,420,205,N,6 rolls,Matched,30211.93,19680,0.348601695,7.0369129,6238.58,0.052083333
2024-09-01,D2C,South,BEC-KT-002,107,107,44940,5198.11,3021.76,17,17,Kitchen Towel 6-roll,Kitchen Towel,Towel,420,205,N,6 rolls,Matched,39741.89,21935,0.448063492,13.15190154,14785.13,0.158878505
2025-03-01,Flipkart,North,BEC-CLN-002,230,230,42550,3808.23,9152.64,7,7,Dishwash Liquid 750ml,Cleaners,Dishwash,185,88,N,750 ml,Matched,38741.77,20240,0.477566461,4.232851942,9349.13,0.030434783
2025-05-01,Amazon,West,BEC-CLN-004,726,726,71874,15794.33,18302.32,29,29,Handwash 250ml,Cleaners,Handwash,99,44,N,250 ml,Matched,56079.67,31944,0.430381812,3.064074391,5833.35,0.039944904
2024-02-01,Blinkit,West,BEC-BW-001,216,216,47520,8486.31,2512.67,6,6,Compostable Cling Wrap,Bake & Wrap,Wrap,220,118,N,30 m,Matched,39033.69,25488,0.347025608,15.53474591,11033.02,0.027777778
2024-08-01,Blinkit,South,BEC-GB-001,150,150,22350,5909.75,1020.46,5,5,Garbage Bag Medium 30s,Garbage Bags,Medium,149,70,N,30 bags,Matched,16440.25,10500,0.361323581,16.11062658,4919.79,0.033333333
2024-05-01,Blinkit,South,BEC-OTH-001,112,112,16688,2605.94,1007.9,5,5,Bamboo Wet Wipes 72s,Others,Wipes,149,72,N,72 wipes,Matched,14082.06,8064,0.427356509,13.9716837,5010.16,0.044642857
2024-12-01,Swiggy Instamart,West,BEC-CMB-001,36,36,25164,4069.92,1583.31,0,0,Home Cleaning Combo,Others,Combo,699,330,Y,4 items,Matched,21094.08,11880,0.436808811,13.32277318,7630.77,0
2025-03-01,Blinkit,West,BEC-GB-002,469,469,83951,17544.56,4671.9,18,18,Garbage Bag Large 15s,Garbage Bags,Large,179,86,N,15 bags,Matched,66406.44,40334,0.39261915,14.21401143,21400.54,0.038379531
2025-03-01,Flipkart,South,BEC-GB-001,151,151,22499,1604.74,2000.91,5,5,Garbage Bag Medium 30s,Garbage Bags,Medium,149,70,N,30 bags,Matched,20894.26,10570,0.494119438,10.44237872,8323.35,0.033112583
2024-06-01,D2C,South,BEC-BW-001,56,56,12320,1506.58,1276.76,7,7,Compostable Cling Wrap,Bake & Wrap,Wrap,220,118,N,30 m,Matched,10813.42,6608,0.388907487,8.469422601,2928.66,0.125
2024-12-01,Amazon,West,BEC-GB-001,431,431,64219,9990.12,3772.26,24,24,Garbage Bag Medium 30s,Garbage Bags,Medium,149,70,N,30 bags,Matched,54228.88,30170,0.443654378,14.37570051,20286.62,0.055684455
2024-04-01,Amazon,South,BEC-OTH-001,88,88,13112,3271.72,899.5,4,4,Bamboo Wet Wipes 72s,Others,Wipes,149,72,N,72 wipes,Matched,9840.28,6336,0.356115883,10.93972207,2604.78,0.045454545
2025-03-01,Zepto,North,BEC-TIS-001,326,326,30970,9071.86,1376.95,16,16,Bamboo Facial Tissue 100s,Tissues,Facial,95,42,N,100 pulls,Matched,21898.14,13692,0.374741416,15.90336614,6829.19,0.049079755
2025-02-01,Amazon,South,BEC-GB-002,244,244,43676,9845.4,4808.47,11,11,Garbage Bag Large 15s,Garbage Bags,Large,179,86,N,15 bags,Matched,33830.6,20984,0.379733141,7.035626717,8038.13,0.045081967
2025-06-01,D2C,South,BEC-BW-002,73,73,12775,393.75,1380.72,7,7,Parchment Paper Roll,Bake & Wrap,Bake,175,92,N,20 m,Matched,12381.25,6716,0.457566885,8.967241729,4284.53,0.095890411
2024-05-01,Zepto,North,BEC-BW-002,91,91,15925,4347.44,1330.03,3,3,Parchment Paper Roll,Bake & Wrap,Bake,175,92,N,20 m,Matched,11577.56,8372,0.276876993,8.704735983,1875.53,0.032967033
2024-08-01,Blinkit,South,BEC-OTH-001,57,57,8493,2247.19,433.32,2,2,Bamboo Wet Wipes 72s,Others,Wipes,149,72,N,72 wipes,Matched,6245.81,4104,0.342919493,14.4138512,1708.49,0.035087719
2025-02-01,Amazon,West,BEC-BW-002,267,267,46725,11462.98,3517.65,6,6,Parchment Paper Roll,Bake & Wrap,Bake,175,92,N,20 m,Matched,35262.02,24564,0.303386476,10.02431169,7180.37,0.02247191
2025-01-01,Zepto,South,BEC-CLN-001,325,325,64675,15657.1,14189.68,16,16,Floor Cleaner 1L,Cleaners,Floor Cleaner,199,96,N,1 L,Matched,49017.9,31200,0.363497824,3.454475365,3628.22,0.049230769
2024-02-01,D2C,West,BEC-CLN-003,338,338,101062,12309.53,20072.56,34,34,Laundry Liquid 1L,Cleaners,Laundry,299,150,N,1 L,Matched,88752.47,50700,0.428748293,4.421582001,17979.91,0.100591716
2025-05-01,Zepto,West,BEC-GB-002,302,302,54058,13134.77,2814.28,6,6,Garbage Bag Large 15s,Garbage Bags,Large,179,86,N,15 bags,Matched,40923.23,25972,0.365348239,14.54127876,12136.95,0.01986755
2024-05-01,Amazon,North,BEC-OTH-001,187,187,27863,6680.54,1343.35,9,9,Bamboo Wet Wipes 72s,Others,Wipes,149,72,N,72 wipes,Matched,21182.46,13464,0.364379775,15.76838501,6375.11,0.048128342
2025-04-01,Flipkart,North,BEC-BW-001,91,91,20020,5296.55,1671.4,2,2,Compostable Cling Wrap,Bake & Wrap,Wrap,220,118,N,30 m,Matched,14723.45,10738,0.270687237,8.809052291,2314.05,0.021978022
2024-03-01,D2C,West,BEC-CLN-002,271,271,50135,4380.22,8279.98,45,45,Dishwash Liquid 750ml,Cleaners,Dishwash,185,88,N,750 ml,Matched,45754.78,23848,0.478786697,5.525952961,13626.8,0.166051661
2025-04-01,D2C,South,BEC-BW-001,91,91,20020,2408.19,1619.86,13,13,Compostable Cling Wrap,Bake & Wrap,Wrap,220,118,N,30 m,Matched,17611.81,10738,0.390295489,10.87242725,5253.95,0.142857143
2024-07-01,D2C,North,BEC-TIS-001,148,148,14060,1190.79,1122.71,16,16,Bamboo Facial Tissue 100s,Tissues,Facial,95,42,N,100 pulls,Matched,12869.21,6216,0.516986668,11.4626306,5530.5,0.108108108
2025-06-01,Blinkit,North,BEC-CLN-001,362,362,72038,10115.47,12771.33,19,19,Floor Cleaner 1L,Cleaners,Floor Cleaner,199,96,N,1 L,Matched,61922.53,34752,0.438782621,4.848557668,14399.2,0.052486188
2024-05-01,D2C,South,BEC-BW-001,68,68,14960,835.26,1061.68,9,9,Compostable Cling Wrap,Bake & Wrap,Wrap,220,118,N,30 m,Matched,14124.74,8024,0.431918747,13.30414061,5039.06,0.132352941
2025-03-01,Flipkart,North,BEC-OTH-001,86,86,12814,1518.73,1113.48,4,4,Bamboo Wet Wipes 72s,Others,Wipes,149,72,N,72 wipes,Matched,11295.27,6192,0.451805933,10.14411575,3989.79,0.046511628
2024-10-01,Zepto,North,BEC-CLN-004,200,200,19800,2150.68,4212.49,8,8,Handwash 250ml,Cleaners,Handwash,99,44,N,250 ml,Matched,17649.32,8800,0.501397221,4.189759501,4636.83,0.04
2025-01-01,Swiggy Instamart,South,BEC-OTH-001,58,58,8642,565.12,1004.89,2,2,Bamboo Wet Wipes 72s,Others,Wipes,149,72,N,72 wipes,Matched,8076.88,4176,0.482968671,8.037576252,2895.99,0.034482759
2024-11-01,Amazon,West,BEC-CLN-003,564,564,168636,19679.89,36633.46,15,15,Laundry Liquid 1L,Cleaners,Laundry,299,150,N,1 L,Matched,148956.11,84600,0.432047467,4.066121791,27722.65,0.026595745
2024-01-01,Amazon,West,BEC-BW-002,266,266,46550,2514.63,5224.67,13,13,Parchment Paper Roll,Bake & Wrap,Bake,175,92,N,20 m,Matched,44035.37,24472,0.444264917,8.428354327,14338.7,0.04887218
2024-04-01,Swiggy Instamart,South,BEC-GB-002,92,92,16468,3482.12,1280.59,2,2,Garbage Bag Large 15s,Garbage Bags,Large,179,86,N,15 bags,Matched,12985.88,7912,0.390722847,10.14054459,3793.29,0.02173913
2024-08-01,Swiggy Instamart,South,BEC-CLN-004,106,106,10494,3069.95,1661.58,2,2,Handwash 250ml,Cleaners,Handwash,99,44,N,250 ml,Matched,7424.05,4664,0.371771472,4.468066539,1098.47,0.018867925
2024-12-01,Zepto,West,BEC-GB-001,229,229,34121,1723.4,3278.71,11,11,Garbage Bag Medium 30s,Garbage Bags,Medium,149,70,N,30 bags,Matched,32397.6,16030,0.505210262,9.881203278,13088.89,0.048034934
2024-05-01,Blinkit,South,BEC-TIS-001,285,285,27075,4632.25,3094.41,13,13,Bamboo Facial Tissue 100s,Tissues,Facial,95,42,N,100 pulls,Matched,22442.75,11970,0.466642902,7.252674985,7378.34,0.045614035
2025-02-01,Swiggy Instamart,West,BEC-GB-002,177,177,31683,8888.26,1200.32,9,9,Garbage Bag Large 15s,Garbage Bags,Large,179,86,N,15 bags,Matched,22794.74,15222,0.332214362,18.99055252,6372.42,0.050847458
2024-12-01,Zepto,West,BEC-CLN-002,471,471,87135,9376.05,0,16,16,Dishwash Liquid 750ml,Cleaners,Dishwash,185,88,N,750 ml,Matched,77758.95,41448,0.466968111,,36310.95,0.033970276
2024-02-01,Flipkart,South,BEC-KT-002,127,127,53340,12086.39,4369.99,4,4,Kitchen Towel 6-roll,Kitchen Towel,Towel,420,205,N,6 rolls,Matched,41253.61,26035,0.368903715,9.440206957,10848.62,0.031496063
2024-09-01,Swiggy Instamart,West,BEC-GB-001,152,152,22648,4065.27,1567.84,5,5,Garbage Bag Medium 30s,Garbage Bags,Medium,149,70,N,30 bags,Matched,18582.73,10640,0.427425357,11.8524403,6374.89,0.032894737
2025-06-01,D2C,South,BEC-CLN-002,157,157,29045,4185.26,7397.19,20,20,Dishwash Liquid 750ml,Cleaners,Dishwash,185,88,N,750 ml,Matched,24859.74,13816,0.444241975,3.360700482,3646.55,0.127388535
2025-01-01,Zepto,North,BEC-OTH-001,116,116,17284,2664.17,1953.61,3,3,Bamboo Wet Wipes 72s,Others,Wipes,149,72,N,72 wipes,Matched,14619.83,8352,0.428721127,7.483494659,4314.22,0.025862069
2025-01-01,Blinkit,West,BEC-GB-002,247,247,44213,3258.88,2500.14,8,8,Garbage Bag Large 15s,Garbage Bags,Large,179,86,N,15 bags,Matched,40954.12,21242,0.481322026,16.38073068,17211.98,0.032388664
2025-01-01,D2C,North,BEC-TIS-001,143,143,13585,978.99,1695.7,21,21,Bamboo Facial Tissue 100s,Tissues,Facial,95,42,N,100 pulls,Matched,12606.01,6006,0.523560587,7.43410391,4904.31,0.146853147
2024-10-01,Swiggy Instamart,North,BEC-CLN-002,187,187,34595,9097.39,7152.55,3,3,Dishwash Liquid 750ml,Cleaners,Dishwash,185,88,N,750 ml,Matched,25497.61,16456,0.354606177,3.564827929,1889.06,0.016042781
2025-05-01,Amazon,West,BEC-CMB-001,97,97,67803,19541.04,6065.15,4,4,Home Cleaning Combo,Others,Combo,699,330,Y,4 items,Matched,48261.96,32010,0.336744716,7.957257446,10186.81,0.041237113
2024-08-01,Zepto,West,BEC-CLN-003,330,330,98670,15860.87,14938.04,16,16,Laundry Liquid 1L,Cleaners,Laundry,299,150,N,1 L,Matched,82809.13,49500,0.402239825,5.543507046,18371.09,0.048484848
2024-06-01,D2C,West,BEC-KT-001,153,153,24480,2145.94,1156.86,15,15,Kitchen Towel 2-roll,Kitchen Towel,Towel,160,78,N,2 rolls,Matched,22334.06,11934,0.465659177,19.30575869,9243.2,0.098039216
2024-11-01,Amazon,South,BEC-CLN-003,432,432,129168,10561.81,23440.18,21,21,Laundry Liquid 1L,Cleaners,Laundry,299,150,N,1 L,Matched,118606.19,64800,0.453654147,5.059952185,30366.01,0.048611111
2025-05-01,Amazon,South,BEC-KT-002,288,288,120960,21103.1,6088.81,15,15,Kitchen Towel 6-roll,Kitchen Towel,Towel,420,205,N,6 rolls,Matched,99856.9,59040,0.408753927,16.40006832,34728.09,0.052083333
2024-04-01,Flipkart,West,BEC-TIS-001,257,257,24415,5074.18,2487.92,6,6,Bamboo Facial Tissue 100s,Tissues,Facial,95,42,N,100 pulls,Matched,19340.82,10794,0.441905772,7.773891443,6058.9,0.023346304
2024-04-01,Flipkart,North,BEC-CLN-003,193,193,57707,7235.62,14865.7,4,4,Laundry Liquid 1L,Cleaners,Laundry,299,150,N,1 L,Matched,50471.38,28950,0.4264076,3.395156636,6655.68,0.020725389
2025-06-01,Zepto,South,BEC-BW-002,91,91,15925,3494.31,1776.4,4,4,Parchment Paper Roll,Bake & Wrap,Bake,175,92,N,20 m,Matched,12430.69,8372,0.326505608,6.997686332,2282.29,0.043956044
2024-01-01,Blinkit,West,BEC-OTH-001,167,167,24883,1922.26,2579.86,7,7,Bamboo Wet Wipes 72s,Others,Wipes,149,72,N,72 wipes,Matched,22960.74,12024,0.476323498,8.899994573,8356.88,0.041916168
2025-06-01,Flipkart,West,BEC-GB-001,207,207,30843,5603.76,3093.08,6,6,Garbage Bag Medium 30s,Garbage Bags,Medium,149,70,N,30 bags,Matched,25239.24,14490,0.425893965,8.159905337,7656.16,0.028985507
2024-12-01,Flipkart,North,BEC-GB-002,180,180,32220,5070.25,1427.92,8,8,Garbage Bag Large 15s,Garbage Bags,Large,179,86,N,15 bags,Matched,27149.75,15480,0.429829004,19.01349515,10241.83,0.044444444
2025-06-01,Flipkart,South,BEC-KT-002,114,114,47880,5784.39,2835.67,5,5,Kitchen Towel 6-roll,Kitchen Towel,Towel,420,205,N,6 rolls,Matched,42095.61,23370,0.444835222,14.84503133,15889.94,0.043859649
2025-02-01,Blinkit,North,BEC-TIS-002,238,238,42840,5047.45,4435.07,12,12,Bamboo Toilet Roll 4-pack,Tissues,Toilet Roll,180,95,N,4 rolls,Matched,37792.55,22610,0.40173394,8.521297296,10747.48,0.050420168
2024-02-01,Zepto,South,BEC-TIS-001,231,231,21945,1893.14,1032.67,11,11,Bamboo Facial Tissue 100s,Tissues,Facial,95,42,N,100 pulls,Matched,20051.86,9702,0.516154611,19.41749058,9317.19,0.047619048
2024-02-01,Flipkart,West,BEC-BW-002,153,153,26775,1856.36,3664.26,8,8,Parchment Paper Roll,Bake & Wrap,Bake,175,92,N,20 m,Matched,24918.64,14076,0.43512166,6.800456299,7178.38,0.052287582
2025-03-01,Flipkart,North,BEC-CMB-001,26,26,18174,1874.61,1729.87,0,0,Home Cleaning Combo,Others,Combo,699,330,Y,4 items,Matched,16299.39,8580,0.473599932,9.422320752,5989.52,0
2025-03-01,Amazon,West,BEC-TIS-002,768,768,138240,27219.77,12562.36,35,35,Bamboo Toilet Roll 4-pack,Tissues,Toilet Roll,180,95,N,4 rolls,Matched,111020.23,72960,0.342822475,8.837529732,25497.87,0.045572917
2024-03-01,Blinkit,West,BEC-CLN-003,532,532,159068,37942.29,31503.75,29,29,Laundry Liquid 1L,Cleaners,Laundry,299,150,N,1 L,Matched,121125.71,79800,0.341180332,3.84480292,9821.96,0.054511278
2024-04-01,Swiggy Instamart,West,BEC-CMB-001,38,38,26562,7272.26,1191.7,1,1,Home Cleaning Combo,Others,Combo,699,330,Y,4 items,Matched,19289.74,12540,0.349913477,16.18674163,5558.04,0.026315789
2024-11-01,Amazon,South,BEC-BW-001,120,120,26400,5772.55,2057.36,6,6,Compostable Cling Wrap,Bake & Wrap,Wrap,220,118,N,30 m,Matched,20627.45,14160,0.313536089,10.02617432,4410.09,0.05
2024-08-01,D2C,North,BEC-GB-002,112,112,20048,2870.66,1610.26,18,18,Garbage Bag Large 15s,Garbage Bags,Large,179,86,N,15 bags,Matched,17177.34,9632,0.439261259,10.66743259,5935.08,0.160714286
2024-01-01,D2C,South,BEC-CLN-003,168,168,50232,5037.62,13024.66,15,15,Laundry Liquid 1L,Cleaners,Laundry,299,150,N,1 L,Matched,45194.38,25200,0.442408547,3.469908619,6969.72,0.089285714
2024-02-01,Flipkart,West,BEC-BW-001,123,123,27060,5636.61,2239.86,7,7,Compostable Cling Wrap,Bake & Wrap,Wrap,220,118,N,30 m,Matched,21423.39,14514,0.322516184,9.564611181,4669.53,0.056910569
2025-02-01,Zepto,North,BEC-OTH-001,93,93,13857,1097.44,1443.03,2,2,Bamboo Wet Wipes 72s,Others,Wipes,149,72,N,72 wipes,Matched,12759.56,6696,0.475217014,8.842200093,4620.53,0.021505376
2025-02-01,Zepto,North,BEC-BW-002,121,121,21175,5243.59,2082.65,5,5,Parchment Paper Roll,Bake & Wrap,Bake,175,92,N,20 m,Matched,15931.41,11132,0.301254566,7.649585864,2716.76,0.041322314
2024-06-01,D2C,South,BEC-BW-002,61,61,10675,1404.62,744.01,8,8,Parchment Paper Roll,Bake & Wrap,Bake,175,92,N,20 m,Matched,9270.38,5612,0.394631072,12.4600207,2914.37,0.131147541
2024-07-01,Zepto,South,BEC-GB-002,169,169,30251,1701.32,3102.18,9,9,Garbage Bag Large 15s,Garbage Bags,Large,179,86,N,15 bags,Matched,28549.68,14534,0.49092249,9.203102334,10913.5,0.053254438
2025-05-01,Swiggy Instamart,West,BEC-TIS-001,238,238,22610,2522.04,2181.99,14,14,Bamboo Facial Tissue 100s,Tissues,Facial,95,42,N,100 pulls,Matched,20087.96,9996,0.502388495,9.206256674,7909.97,0.058823529
2024-03-01,Flipkart,South,BEC-GB-001,139,139,20711,2011,2672.17,5,5,Garbage Bag Medium 30s,Garbage Bags,Medium,149,70,N,30 bags,Matched,18700,9730,0.479679144,6.998057758,6297.83,0.035971223
2024-06-01,Swiggy Instamart,South,BEC-GB-002,119,119,21301,2008.06,2649.52,3,3,Garbage Bag Large 15s,Garbage Bags,Large,179,86,N,15 bags,Matched,19292.94,10234,0.469546891,7.281673662,6409.42,0.025210084
2024-04-01,Amazon,South,BEC-BW-002,122,122,21350,3113.44,2171.38,2,2,Parchment Paper Roll,Bake & Wrap,Bake,175,92,N,20 m,Matched,18236.56,11224,0.384533048,8.398603653,4841.18,0.016393443
2025-04-01,Blinkit,North,BEC-BW-001,141,141,31020,8923.48,1284.03,3,3,Compostable Cling Wrap,Bake & Wrap,Wrap,220,118,N,30 m,Matched,22096.52,16638,0.247030754,17.20872565,4174.49,0.021276596
2025-02-01,Blinkit,North,BEC-CMB-001,44,44,30756,8571.23,1216.27,1,1,Home Cleaning Combo,Others,Combo,699,330,Y,4 items,Matched,22184.77,14520,0.345496933,18.24000428,6448.5,0.022727273
2024-08-01,D2C,North,BEC-CMB-001,25,25,17475,1910.26,1465.15,3,3,Home Cleaning Combo,Others,Combo,699,330,Y,4 items,Matched,15564.74,8250,0.46995581,10.62330819,5849.59,0.12
2024-05-01,Flipkart,North,BEC-KT-001,189,189,30240,2812.81,2095.93,7,7,Kitchen Towel 2-roll,Kitchen Towel,Towel,160,78,N,2 rolls,Matched,27427.19,14742,0.462504179,13.08592844,10589.26,0.037037037
2024-07-01,Zepto,North,BEC-CLN-001,237,237,47163,3569.77,8495.25,12,12,Floor Cleaner 1L,Cleaners,Floor Cleaner,199,96,N,1 L,Matched,43593.23,22752,0.478084097,5.131482887,12345.98,0.050632911
2025-02-01,Amazon,North,BEC-GB-002,410,410,73390,8456.93,5111.53,14,14,Garbage Bag Large 15s,Garbage Bags,Large,179,86,N,15 bags,Matched,64933.07,35260,0.456979317,12.70325519,24561.54,0.034146341
2024-04-01,Zepto,South,BEC-CLN-004,268,268,26532,2863.67,0,12,12,Handwash 250ml,Cleaners,Handwash,99,44,N,250 ml,Matched,23668.33,11792,0.501781495,,11876.33,0.044776119
2024-01-01,Swiggy Instamart,South,BEC-BW-001,60,60,13200,2332.93,1240.55,3,3,Compostable Cling Wrap,Bake & Wrap,Wrap,220,118,N,30 m,Matched,10867.07,7080,0.348490439,8.759880698,2546.52,0.05
2024-08-01,Blinkit,North,BEC-KT-001,171,171,27360,6927.57,1544.11,5,5,Kitchen Towel 2-roll,Kitchen Towel,Towel,160,78,N,2 rolls,Matched,20432.43,13338,0.347214208,13.23249639,5550.32,0.029239766
2025-02-01,Amazon,South,BEC-CMB-001,71,71,49629,10961.02,2824.93,2,2,Home Cleaning Combo,Others,Combo,699,330,Y,4 items,Matched,38667.98,23430,0.394072305,13.68811971,12413.05,0.028169014
2025-02-01,Flipkart,South,BEC-OTH-001,85,85,12665,2749.94,561.72,2,2,Bamboo Wet Wipes 72s,Others,Wipes,149,72,N,72 wipes,Matched,9915.06,6120,0.382757139,17.65124973,3233.34,0.023529412
2024-09-01,D2C,North,BEC-KT-001,84,84,13440,1541.34,833.35,8,8,Kitchen Towel 2-roll,Kitchen Towel,Towel,160,78,N,2 rolls,Matched,11898.66,6552,0.449349759,14.27810644,4513.31,0.095238095
2025-04-01,D2C,North,BEC-CLN-001,246,246,48954,5150.77,14189.9,33,33,Floor Cleaner 1L,Cleaners,Floor Cleaner,199,96,N,1 L,Matched,43803.23,23616,0.460861676,3.08693014,5997.33,0.134146341
2025-05-01,Zepto,South,BEC-BW-002,87,87,15225,3237.37,675.35,3,3,Parchment Paper Roll,Bake & Wrap,Bake,175,92,N,20 m,Matched,11987.63,8004,0.332311725,17.75024802,3308.28,0.034482759
2025-06-01,Blinkit,South,BEC-TIS-001,246,246,23370,3098.6,2051.8,11,11,Bamboo Facial Tissue 100s,Tissues,Facial,95,42,N,100 pulls,Matched,20271.4,10332,0.490316406,9.879812847,7887.6,0.044715447
2024-06-01,Blinkit,North,BEC-GB-001,288,288,42912,4441.04,5564.52,6,6,Garbage Bag Medium 30s,Garbage Bags,Medium,149,70,N,30 bags,Matched,38470.96,20160,0.475968367,6.913616988,12746.44,0.020833333
2025-04-01,Zepto,West,BEC-CLN-003,448,448,133952,22357.81,20456.72,14,14,Laundry Liquid 1L,Cleaners,Laundry,299,150,N,1 L,Matched,111594.19,67200,0.397818112,5.455136014,23937.47,0.03125
2024-12-01,Flipkart,West,BEC-OTH-001,110,110,16390,4654.22,765.94,5,5,Bamboo Wet Wipes 72s,Others,Wipes,149,72,N,72 wipes,Matched,11735.78,7920,0.325140723,15.32206178,3049.84,0.045454545
2024-01-01,Blinkit,West,BEC-GB-002,375,375,67125,7162,3202.61,12,12,Garbage Bag Large 15s,Garbage Bags,Large,179,86,N,15 bags,Matched,59963,32250,0.462168337,18.72316642,24510.39,0.032
2025-02-01,Zepto,West,BEC-TIS-002,450,450,81000,17254.24,3188.08,20,20,Bamboo Toilet Roll 4-pack,Tissues,Toilet Roll,180,95,N,4 rolls,Matched,63745.76,42750,0.329367161,19.99503149,17807.68,0.044444444
2025-06-01,D2C,South,BEC-TIS-001,154,154,14630,516.22,1087.4,13,13,Bamboo Facial Tissue 100s,Tissues,Facial,95,42,N,100 pulls,Matched,14113.78,6468,0.541724471,12.97938201,6558.38,0.084415584
2024-07-01,Swiggy Instamart,South,BEC-BW-002,45,45,7875,1293.97,348.4,0,0,Parchment Paper Roll,Bake & Wrap,Bake,175,92,N,20 m,Matched,6581.03,4140,0.370919142,18.88929392,2092.63,0
2025-03-01,Swiggy Instamart,North,BEC-BW-001,71,71,15620,2503.35,1704.5,3,3,Compostable Cling Wrap,Bake & Wrap,Wrap,220,118,N,30 m,Matched,13116.65,8378,0.361269836,7.695306542,3034.15,0.042253521
2024-08-01,Blinkit,South,BEC-TIS-001,177,177,16815,4684.87,1276.07,7,7,Bamboo Facial Tissue 100s,Tissues,Facial,95,42,N,100 pulls,Matched,12130.13,7434,0.387145892,9.505849993,3420.06,0.039548023
2024-10-01,Zepto,West,BEC-KT-002,236,236,99120,19187.13,9349.55,5,5,Kitchen Towel 6-roll,Kitchen Towel,Towel,420,205,N,6 rolls,Matched,79932.87,48380,0.394742113,8.549381521,22203.32,0.021186441
2024-11-01,Blinkit,West,UNKNOWN,51,51,35649,4024.89,2328.35,2,2,,,,,,,,Unmatched - Review,31624.11,,,13.58219769,,0.039215686
2025-06-01,Flipkart,South,BEC-TIS-001,161,161,15295,1990.13,974.33,6,6,Bamboo Facial Tissue 100s,Tissues,Facial,95,42,N,100 pulls,Matched,13304.87,6762,0.491765045,13.65540423,5568.54,0.037267081
2025-03-01,Blinkit,West,BEC-GB-001,328,328,48872,13549.43,3809.41,17,17,Garbage Bag Medium 30s,Garbage Bags,Medium,149,70,N,30 bags,Matched,35322.57,22960,0.349990672,9.272451639,8553.16,0.051829268
2024-10-01,Flipkart,West,BEC-OTH-001,98,98,14602,3991.33,1372.32,3,3,Bamboo Wet Wipes 72s,Others,Wipes,149,72,N,72 wipes,Matched,10610.67,7056,0.335009005,7.731921126,2182.35,0.030612245
2024-06-01,D2C,North,BEC-OTH-001,44,44,6556,960.15,426.5,4,4,Bamboo Wet Wipes 72s,Others,Wipes,149,72,N,72 wipes,Matched,5595.85,3168,0.433866169,13.12039859,2001.35,0.090909091
2024-11-01,Amazon,West,BEC-CLN-002,505,505,93425,7411.54,27120.39,19,19,Dishwash Liquid 750ml,Cleaners,Dishwash,185,88,N,750 ml,Matched,86013.46,44440,0.483336678,3.17154215,14453.07,0.037623762
2025-03-01,Flipkart,West,BEC-CLN-001,436,436,86764,24429.73,18487.19,22,22,Floor Cleaner 1L,Cleaners,Floor Cleaner,199,96,N,1 L,Matched,62334.27,41856,0.328523459,3.371754712,1991.08,0.050458716
2024-02-01,Amazon,West,BEC-OTH-001,153,153,22797,1832.55,2902.4,6,6,Bamboo Wet Wipes 72s,Others,Wipes,149,72,N,72 wipes,Matched,20964.45,11016,0.474539041,7.223142916,7046.05,0.039215686
2024-06-01,Blinkit,South,BEC-CMB-001,24,24,16776,3139.34,1103.82,1,1,Home Cleaning Combo,Others,Combo,699,330,Y,4 items,Matched,13636.66,7920,0.419212622,12.35406135,4612.84,0.041666667
2024-09-01,D2C,South,BEC-CLN-001,98,98,19502,2802.37,4436.8,15,15,Floor Cleaner 1L,Cleaners,Floor Cleaner,199,96,N,1 L,Matched,16699.63,9408,0.436634225,3.763890642,2854.83,0.153061224
2024-02-01,Blinkit,West,BEC-TIS-001,387,387,36765,4709.77,3590.16,14,14,Bamboo Facial Tissue 100s,Tissues,Facial,95,42,N,100 pulls,Matched,32055.23,16254,0.492937658,8.928635493,12211.07,0.036175711
2025-04-01,Amazon,West,BEC-GB-001,617,617,91933,8267.39,10195.46,30,30,Garbage Bag Medium 30s,Garbage Bags,Medium,149,70,N,30 bags,Matched,83665.61,43190,0.483778341,8.206163332,30280.15,0.048622366
2024-05-01,Zepto,West,BEC-CLN-002,480,480,88800,16842.12,18069.35,15,15,Dishwash Liquid 750ml,Cleaners,Dishwash,185,88,N,750 ml,Matched,71957.88,42240,0.412989932,3.982317017,11648.53,0.03125
2024-08-01,Blinkit,North,BEC-BW-001,99,99,21780,3019.15,2128.87,5,5,Compostable Cling Wrap,Bake & Wrap,Wrap,220,118,N,30 m,Matched,18760.85,11682,0.377320324,8.81258602,4949.98,0.050505051
2024-05-01,D2C,North,BEC-CLN-001,279,279,55521,4717.05,13428.45,27,27,Floor Cleaner 1L,Cleaners,Floor Cleaner,199,96,N,1 L,Matched,50803.95,26784,0.472796899,3.783307083,10591.5,0.096774194
2024-07-01,Zepto,West,BEC-CLN-003,407,407,121693,21525.29,22690.54,9,9,Laundry Liquid 1L,Cleaners,Laundry,299,150,N,1 L,Matched,100167.71,61050,0.390522155,4.414514154,16427.17,0.022113022
2025-06-01,Swiggy Instamart,South,BEC-BW-001,76,76,16720,4845.71,658.18,2,2,Compostable Cling Wrap,Bake & Wrap,Wrap,220,118,N,30 m,Matched,11874.29,8968,0.244754844,18.04109818,2248.11,0.026315789
2024-11-01,Blinkit,North,BEC-BW-001,123,123,27060,5350.23,2808.08,3,3,Compostable Cling Wrap,Bake & Wrap,Wrap,220,118,N,30 m,Matched,21709.77,14514,0.331453074,7.731179311,4387.69,0.024390244
2024-04-01,Flipkart,South,BEC-KT-002,130,130,54600,3815.54,6923.5,3,3,Kitchen Towel 6-roll,Kitchen Towel,Towel,420,205,N,6 rolls,Matched,50784.46,26650,0.475233172,7.335084856,17210.96,0.023076923
2025-01-01,Amazon,South,BEC-TIS-002,283,283,50940,6564.72,2994.34,8,8,Bamboo Toilet Roll 4-pack,Tissues,Toilet Roll,180,95,N,4 rolls,Matched,44375.28,26885,0.394144668,14.81971987,14495.94,0.028268551
2024-11-01,Blinkit,South,BEC-GB-002,164,164,29356,3166.34,2975.78,8,8,Garbage Bag Large 15s,Garbage Bags,Large,179,86,N,15 bags,Matched,26189.66,14104,0.461466854,8.800939586,9109.88,0.048780488
2025-01-01,Amazon,North,BEC-GB-001,362,362,53938,15412.38,2948.43,9,9,Garbage Bag Medium 30s,Garbage Bags,Medium,149,70,N,30 bags,Matched,38525.62,25340,0.342255881,13.06648623,10237.19,0.024861878
2025-03-01,Zepto,North,BEC-CLN-001,385,385,76615,8700.65,14554.96,11,11,Floor Cleaner 1L,Cleaners,Floor Cleaner,199,96,N,1 L,Matched,67914.35,36960,0.455785118,4.666062291,16399.39,0.028571429
2024-10-01,Zepto,South,BEC-CLN-002,198,198,36630,10339.67,5833.1,5,5,Dishwash Liquid 750ml,Cleaners,Dishwash,185,88,N,750 ml,Matched,26290.33,17424,0.337246813,4.507093998,3033.23,0.025252525
2025-03-01,Zepto,South,BEC-GB-001,219,219,32631,8259.26,1742.98,12,12,Garbage Bag Medium 30s,Garbage Bags,Medium,149,70,N,30 bags,Matched,24371.74,15330,0.370992797,13.98279957,7298.76,0.054794521
2024-08-01,Blinkit,West,BEC-OTH-001,132,132,19668,2018.96,2566.5,6,6,Bamboo Wet Wipes 72s,Others,Wipes,149,72,N,72 wipes,Matched,17649.04,9504,0.461500456,6.876695889,5578.54,0.045454545
2025-03-01,Swiggy Instamart,South,BEC-KT-002,151,151,63420,16206.7,3920.88,5,5,Kitchen Towel 6-roll,Kitchen Towel,Towel,420,205,N,6 rolls,Matched,47213.3,30955,0.344358475,12.04150599,12337.42,0.033112583
2024-07-01,Blinkit,South,BEC-KT-002,169,169,70980,10927.22,3915.69,8,8,Kitchen Towel 6-roll,Kitchen Towel,Towel,420,205,N,6 rolls,Matched,60052.78,34645,0.423090821,15.336449,21492.09,0.047337278
2024-02-01,D2C,South,BEC-CLN-001,182,182,36218,4607.59,9603.38,22,22,Floor Cleaner 1L,Cleaners,Floor Cleaner,199,96,N,1 L,Matched,31610.41,17472,0.447270693,3.291592127,4535.03,0.120879121
2024-09-01,Amazon,West,BEC-BW-001,225,225,49500,6786.24,3460.45,8,8,Compostable Cling Wrap,Bake & Wrap,Wrap,220,118,N,30 m,Matched,42713.76,26550,0.378420443,12.34341198,12703.31,0.035555556
2025-04-01,D2C,West,BEC-CMB-001,43,43,30057,1130.64,3131.86,4,4,Home Cleaning Combo,Others,Combo,699,330,Y,4 items,Matched,28926.36,14190,0.509443981,9.236159982,11604.5,0.093023256
2024-11-01,Blinkit,North,BEC-CLN-004,296,296,29304,6377.57,6606.14,16,16,Handwash 250ml,Cleaners,Handwash,99,44,N,250 ml,Matched,22926.43,13024,0.431922022,3.470472924,3296.29,0.054054054
2024-07-01,D2C,South,BEC-CLN-004,110,110,10890,1479.57,2555.44,18,18,Handwash 250ml,Cleaners,Handwash,99,44,N,250 ml,Matched,9410.43,4840,0.485677063,3.682508687,2014.99,0.163636364
2024-07-01,Swiggy Instamart,North,BEC-CMB-001,18,18,12582,2993.96,1139.67,0,0,Home Cleaning Combo,Others,Combo,699,330,Y,4 items,Matched,9588.04,5940,0.380478179,8.412996745,2508.37,0
2024-09-01,Swiggy Instamart,North,BEC-CLN-002,200,200,37000,10139.76,6879.16,6,6,Dishwash Liquid 750ml,Cleaners,Dishwash,185,88,N,750 ml,Matched,26860.24,17600,0.344756413,3.904581373,2381.08,0.03
2025-01-01,D2C,West,BEC-CLN-002,357,357,66045,5783.84,20211.65,53,53,Dishwash Liquid 750ml,Cleaners,Dishwash,185,88,N,750 ml,Matched,60261.16,31416,0.478669179,2.981506211,8633.51,0.148459384
2024-12-01,D2C,South,BEC-CLN-003,224,224,66976,3954.18,19703.66,38,38,Laundry Liquid 1L,Cleaners,Laundry,299,150,N,1 L,Matched,63021.82,33600,0.466851322,3.198482921,9718.16,0.169642857
2024-07-01,D2C,West,BEC-TIS-002,224,224,40320,5166.53,3032.95,27,27,Bamboo Toilet Roll 4-pack,Tissues,Toilet Roll,180,95,N,4 rolls,Matched,35153.47,21280,0.394654354,11.59052078,10840.52,0.120535714
2025-06-01,D2C,South,BEC-GB-002,155,155,27745,1591.46,1761.9,22,22,Garbage Bag Large 15s,Garbage Bags,Large,179,86,N,15 bags,Matched,26153.54,13330,0.490317563,14.8439412,11061.64,0.141935484
2025-01-01,Flipkart,West,BEC-BW-002,156,156,27300,2993.04,3259.89,4,4,Parchment Paper Roll,Bake & Wrap,Bake,175,92,N,20 m,Matched,24306.96,14352,0.409551832,7.456374295,6695.07,0.025641026
2024-07-01,Swiggy Instamart,North,BEC-OTH-001,42,42,6258,422.69,426.72,1,1,Bamboo Wet Wipes 72s,Others,Wipes,149,72,N,72 wipes,Matched,5835.31,3024,0.481775604,13.67479846,2384.59,0.023809524
2025-04-01,Blinkit,South,BEC-BW-001,144,144,31680,8179.73,2009.49,3,3,Compostable Cling Wrap,Bake & Wrap,Wrap,220,118,N,30 m,Matched,23500.27,16992,0.276944478,11.69464391,4498.78,0.020833333
2024-05-01,Amazon,South,BEC-TIS-001,238,238,22610,3020.93,1431.29,12,12,Bamboo Facial Tissue 100s,Tissues,Facial,95,42,N,100 pulls,Matched,19589.07,9996,0.489715438,13.68630396,8161.78,0.050420168
2025-05-01,Blinkit,West,BEC-OTH-001,190,190,28310,8326.86,2854.42,7,7,Bamboo Wet Wipes 72s,Others,Wipes,149,72,N,72 wipes,Matched,19983.14,13680,0.315422902,7.000770735,3448.72,0.036842105
2025-03-01,Swiggy Instamart,West,BEC-CLN-001,323,323,64277,14589.03,8989.94,6,6,Floor Cleaner 1L,Cleaners,Floor Cleaner,199,96,N,1 L,Matched,49687.97,31008,0.375945526,5.527063584,9690.03,0.018575851
2025-06-01,Swiggy Instamart,West,BEC-CLN-002,260,260,48100,5257.08,9627.15,5,5,Dishwash Liquid 750ml,Cleaners,Dishwash,185,88,N,750 ml,Matched,42842.92,22880,0.465956102,4.450218393,10335.77,0.019230769
2025-04-01,Blinkit,North,BEC-CMB-001,39,39,27261,2180.87,2122.23,1,1,Home Cleaning Combo,Others,Combo,699,330,Y,4 items,Matched,25080.13,12870,0.486844765,11.81781899,10087.9,0.025641026
2024-10-01,Swiggy Instamart,West,BEC-KT-002,137,137,57540,10462.85,2830.14,4,4,Kitchen Towel 6-roll,Kitchen Towel,Towel,420,205,N,6 rolls,Matched,47077.15,28085,0.403426078,16.63421244,16162.01,0.02919708
2024-01-01,Zepto,South,BEC-KT-001,140,140,22400,1709.24,1183.85,6,6,Kitchen Towel 2-roll,Kitchen Towel,Towel,160,78,N,2 rolls,Matched,20690.76,10920,0.472228183,17.47751827,8586.91,0.042857143
2024-05-01,Flipkart,South,BEC-TIS-001,119,119,11305,2816.75,580.86,3,3,Bamboo Facial Tissue 100s,Tissues,Facial,95,42,N,100 pulls,Matched,8488.25,4998,0.411186051,14.61324588,2909.39,0.025210084
2025-06-01,Swiggy Instamart,South,BEC-BW-002,61,61,10675,2504.05,561.42,2,2,Parchment Paper Roll,Bake & Wrap,Bake,175,92,N,20 m,Matched,8170.95,5612,0.313176558,14.55407716,1997.53,0.032786885
2025-04-01,Blinkit,South,BEC-BW-002,127,127,22225,3611.45,2465.19,7,7,Parchment Paper Roll,Bake & Wrap,Bake,175,92,N,20 m,Matched,18613.55,11684,0.372285244,7.550553913,4464.36,0.05511811
2025-01-01,Swiggy Instamart,North,BEC-GB-002,167,167,29893,2218.87,2443.71,5,5,Garbage Bag Large 15s,Garbage Bags,Large,179,86,N,15 bags,Matched,27674.13,14362,0.481031563,11.32463754,10868.42,0.02994012
2024-10-01,Flipkart,West,BEC-BW-001,101,101,22220,3093.14,1809.35,5,5,Compostable Cling Wrap,Bake & Wrap,Wrap,220,118,N,30 m,Matched,19126.86,11918,0.376897201,10.57112223,5399.51,0.04950495
2025-05-01,D2C,South,BEC-KT-002,148,148,62160,4622.5,6413.23,25,25,Kitchen Towel 6-roll,Kitchen Towel,Towel,420,205,N,6 rolls,Matched,57537.5,30340,0.472691723,8.971688213,20784.27,0.168918919
2024-07-01,Blinkit,West,BEC-OTH-001,89,89,13261,3343.98,750.11,4,4,Bamboo Wet Wipes 72s,Others,Wipes,149,72,N,72 wipes,Matched,9917.02,6408,0.353838149,13.22075429,2758.91,0.04494382
2024-08-01,Flipkart,North,BEC-GB-001,120,120,17880,3549.2,1464.16,2,2,Garbage Bag Medium 30s,Garbage Bags,Medium,149,70,N,30 bags,Matched,14330.8,8400,0.41384989,9.787728117,4466.64,0.016666667
2024-11-01,Zepto,West,BEC-CLN-002,365,365,67525,16259.2,11925.74,9,9,Dishwash Liquid 750ml,Cleaners,Dishwash,185,88,N,750 ml,Matched,51265.8,32120,0.37346145,4.298752111,7220.06,0.024657534
2024-11-01,Swiggy Instamart,North,BEC-BW-002,82,82,14350,4245.47,1477.9,3,3,Parchment Paper Roll,Bake & Wrap,Bake,175,92,N,20 m,Matched,10104.53,7544,0.253404166,6.837086406,1082.63,0.036585366
2024-06-01,Amazon,South,BEC-GB-002,274,274,49046,14709.23,2423.63,11,11,Garbage Bag Large 15s,Garbage Bags,Large,179,86,N,15 bags,Matched,34336.77,23564,0.313738596,14.16749669,8349.14,0.040145985
2025-02-01,Zepto,West,BEC-CLN-002,459,459,84915,14092.92,24016.91,12,12,Dishwash Liquid 750ml,Cleaners,Dishwash,185,88,N,750 ml,Matched,70822.08,40392,0.429669391,2.948842295,6413.17,0.026143791
2025-02-01,Amazon,South,BEC-KT-001,245,245,39200,6965.51,3446.26,7,7,Kitchen Towel 2-roll,Kitchen Towel,Towel,160,78,N,2 rolls,Matched,32234.49,19110,0.407156744,9.353470139,9678.23,0.028571429
2025-04-01,Swiggy Instamart,North,BEC-TIS-002,213,213,38340,11174.77,3510.81,11,11,Bamboo Toilet Roll 4-pack,Tissues,Toilet Roll,180,95,N,4 rolls,Matched,27165.23,20235,0.255113982,7.737596167,3419.42,0.051643192
2024-09-01,Flipkart,South,BEC-TIS-001,120,120,11400,1445.71,1152.14,5,5,Bamboo Facial Tissue 100s,Tissues,Facial,95,42,N,100 pulls,Matched,9954.29,5040,0.493685637,8.639826757,3762.15,0.041666667
2025-02-01,Flipkart,South,BEC-TIS-002,168,168,30240,3197.43,3887.89,6,6,Bamboo Toilet Roll 4-pack,Tissues,Toilet Roll,180,95,N,4 rolls,Matched,27042.57,15960,0.409819407,6.955590307,7194.68,0.035714286
2024-03-01,D2C,South,BEC-GB-001,118,118,17582,447.07,2147.17,19,19,Garbage Bag Medium 30s,Garbage Bags,Medium,149,70,N,30 bags,Matched,17134.93,8260,0.517943756,7.980239105,6727.76,0.161016949
2024-07-01,Swiggy Instamart,North,BEC-CLN-004,161,161,15939,3862.71,3066.01,7,7,Handwash 250ml,Cleaners,Handwash,99,44,N,250 ml,Matched,12076.29,7084,0.413396002,3.938764061,1926.28,0.043478261
2025-04-01,Flipkart,West,BEC-KT-002,244,244,102480,20836.61,10397.73,12,12,Kitchen Towel 6-roll,Kitchen Towel,Towel,420,205,N,6 rolls,Matched,81643.39,50020,0.387335582,7.85203982,21225.66,0.049180328
2025-03-01,Blinkit,North,BEC-KT-002,266,266,111720,18876.21,12347.93,11,11,Kitchen Towel 6-roll,Kitchen Towel,Towel,420,205,N,6 rolls,Matched,92843.79,54530,0.412669388,7.518976055,25965.86,0.041353383
2024-05-01,Zepto,West,BEC-GB-002,261,261,46719,13075.86,4332.65,9,9,Garbage Bag Large 15s,Garbage Bags,Large,179,86,N,15 bags,Matched,33643.14,22446,0.332820896,7.765026023,6864.49,0.034482759
2024-09-01,Blinkit,West,BEC-GB-002,262,262,46898,2822.51,3803.66,12,12,Garbage Bag Large 15s,Garbage Bags,Large,179,86,N,15 bags,Matched,44075.49,22532,0.488786171,11.58765242,17739.83,0.045801527
2024-06-01,Zepto,South,BEC-GB-002,135,135,24165,2322.46,1337.9,7,7,Garbage Bag Large 15s,Garbage Bags,Large,179,86,N,15 bags,Matched,21842.54,11610,0.468468411,16.32598849,8894.64,0.051851852
2024-06-01,Flipkart,West,BEC-CLN-004,338,338,33462,7965.85,6198.2,15,15,Handwash 250ml,Cleaners,Handwash,99,44,N,250 ml,Matched,25496.15,14872,0.416696246,4.113476493,4425.95,0.044378698
2025-01-01,Amazon,North,BEC-CLN-001,663,663,131937,35465.52,23334.14,13,13,Floor Cleaner 1L,Cleaners,Floor Cleaner,199,96,N,1 L,Matched,96471.48,63648,0.340240245,4.13434907,9489.34,0.019607843
2024-09-01,Flipkart,North,BEC-OTH-001,46,46,6854,721.14,881.22,2,2,Bamboo Wet Wipes 72s,Others,Wipes,149,72,N,72 wipes,Matched,6132.86,3312,0.459958323,6.959510678,1939.64,0.043478261
2024-03-01,Swiggy Instamart,West,BEC-CLN-001,285,285,56715,16155.86,9909.36,13,13,Floor Cleaner 1L,Cleaners,Floor Cleaner,199,96,N,1 L,Matched,40559.14,27360,0.325429484,4.09301307,3289.78,0.045614035
2025-05-01,Swiggy Instamart,North,BEC-CMB-001,26,26,18174,1736.9,997.73,0,0,Home Cleaning Combo,Others,Combo,699,330,Y,4 items,Matched,16437.1,8580,0.478010111,16.47449711,6859.37,0
2024-10-01,Amazon,West,BEC-CLN-001,614,614,122186,34693.91,29298.72,14,14,Floor Cleaner 1L,Cleaners,Floor Cleaner,199,96,N,1 L,Matched,87492.09,58944,0.326293383,2.986208613,-750.63,0.022801303
2025-04-01,Swiggy Instamart,North,BEC-CLN-002,257,257,47545,5343.57,12253.4,8,8,Dishwash Liquid 750ml,Cleaners,Dishwash,185,88,N,750 ml,Matched,42201.43,22616,0.464093989,3.444058792,7332.03,0.031128405
2025-01-01,Amazon,South,BEC-BW-002,170,170,29750,2868.92,3694.74,9,9,Parchment Paper Roll,Bake & Wrap,Bake,175,92,N,20 m,Matched,26881.08,15640,0.418178139,7.275499765,7546.34,0.052941176
2024-09-01,Swiggy Instamart,West,BEC-TIS-002,140,140,25200,3650.11,3018.04,6,6,Bamboo Toilet Roll 4-pack,Tissues,Toilet Roll,180,95,N,4 rolls,Matched,21549.89,13300,0.382827476,7.140359306,5231.85,0.042857143
2024-01-01,Blinkit,West,BEC-BW-002,209,209,36575,4679,4210.29,6,6,Parchment Paper Roll,Bake & Wrap,Bake,175,92,N,20 m,Matched,31896,19228,0.397165789,7.575725188,8457.71,0.028708134
2024-04-01,Blinkit,North,BEC-GB-001,311,311,46339,6576.41,5804.45,18,18,Garbage Bag Medium 30s,Garbage Bags,Medium,149,70,N,30 bags,Matched,39762.59,21770,0.452500453,6.850363083,12188.14,0.057877814
2025-02-01,D2C,North,BEC-BW-001,102,102,22440,621.61,2527.38,12,12,Compostable Cling Wrap,Bake & Wrap,Wrap,220,118,N,30 m,Matched,21818.39,12036,0.448355264,8.632809471,7255.01,0.117647059
2024-02-01,Amazon,South,BEC-GB-002,199,199,35621,8250.47,2171.92,11,11,Garbage Bag Large 15s,Garbage Bags,Large,179,86,N,15 bags,Matched,27370.53,17114,0.374728951,12.60199731,8084.61,0.055276382
2025-02-01,Flipkart,North,BEC-TIS-001,257,257,24415,7248.27,892.18,8,8,Bamboo Facial Tissue 100s,Tissues,Facial,95,42,N,100 pulls,Matched,17166.73,10794,0.371225621,19.24133022,5480.55,0.031128405
2024-11-01,Blinkit,West,BEC-CLN-002,493,493,91205,22751.49,23067.28,12,12,Dishwash Liquid 750ml,Cleaners,Dishwash,185,88,N,750 ml,Matched,68453.51,43384,0.366226801,2.967558811,2002.23,0.024340771
2025-06-01,Zepto,West,BEC-TIS-002,424,424,76320,4462.2,5776.79,22,22,Bamboo Toilet Roll 4-pack,Tissues,Toilet Roll,180,95,N,4 rolls,Matched,71857.8,40280,0.439448466,12.43905352,25801.01,0.051886792
2024-09-01,D2C,North,BEC-CMB-001,24,24,16776,1012.79,957.46,3,3,Home Cleaning Combo,Others,Combo,699,330,Y,4 items,Matched,15763.21,7920,0.497564265,16.46357028,6885.75,0.125
2025-03-01,Blinkit,South,BEC-TIS-001,279,279,26505,7783.92,2378.82,11,11,Bamboo Facial Tissue 100s,Tissues,Facial,95,42,N,100 pulls,Matched,18721.08,11718,0.374074573,7.869901884,4624.26,0.039426523
2024-02-01,Flipkart,West,BEC-KT-001,146,146,23360,5735.89,2381.63,7,7,Kitchen Towel 2-roll,Kitchen Towel,Towel,160,78,N,2 rolls,Matched,17624.11,11388,0.353839712,7.400020154,3854.48,0.047945205
2024-06-01,Blinkit,South,BEC-TIS-001,216,216,20520,5508.17,798.34,4,4,Bamboo Facial Tissue 100s,Tissues,Facial,95,42,N,100 pulls,Matched,15011.83,9072,0.39567661,18.8038054,5141.49,0.018518519
2024-08-01,Swiggy Instamart,South,BEC-CLN-002,95,95,17575,2723.88,4885.56,4,4,Dishwash Liquid 750ml,Cleaners,Dishwash,185,88,N,750 ml,Matched,14851.12,8360,0.437079493,3.039798918,1605.56,0.042105263
2024-12-01,Blinkit,South,BEC-KT-001,137,137,21920,3922.27,2124.2,7,7,Kitchen Towel 2-roll,Kitchen Towel,Towel,160,78,N,2 rolls,Matched,17997.73,10686,0.406258456,8.472709726,5187.53,0.051094891
2024-10-01,Amazon,South,BEC-KT-001,212,212,33920,2468.75,3382.31,11,11,Kitchen Towel 2-roll,Kitchen Towel,Towel,160,78,N,2 rolls,Matched,31451.25,16536,0.474233933,9.298748488,11532.94,0.051886792
2025-06-01,Blinkit,South,BEC-KT-002,217,217,91140,10347.23,5686.18,7,7,Kitchen Towel 6-roll,Kitchen Towel,Towel,420,205,N,6 rolls,Matched,80792.77,44485,0.449393801,14.20861985,30621.59,0.032258065
2024-01-01,Zepto,North,BEC-GB-001,252,252,37548,4290.01,4148.23,14,14,Garbage Bag Medium 30s,Garbage Bags,Medium,149,70,N,30 bags,Matched,33257.99,17640,0.469601139,8.01739296,11469.76,0.055555556
2025-05-01,D2C,South,BEC-BW-002,52,52,9100,203.7,955.46,5,5,Parchment Paper Roll,Bake & Wrap,Bake,175,92,N,20 m,Matched,8896.3,4784,0.46224835,9.311012497,3156.84,0.096153846
2024-05-01,Amazon,South,BEC-KT-001,270,270,43200,5385.48,4625.06,9,9,Kitchen Towel 2-roll,Kitchen Towel,Towel,160,78,N,2 rolls,Matched,37814.52,21060,0.443071074,8.176006365,12129.46,0.033333333
2025-02-01,Swiggy Instamart,North,BEC-BW-002,83,83,14525,790.52,994.67,2,2,Parchment Paper Roll,Bake & Wrap,Bake,175,92,N,20 m,Matched,13734.48,7636,0.444027004,13.80807705,5103.81,0.024096386
2024-04-01,Blinkit,West,BEC-CLN-001,382,382,76018,16526.23,14832.97,17,17,Floor Cleaner 1L,Cleaners,Floor Cleaner,199,96,N,1 L,Matched,59491.77,36672,0.383578603,4.010779365,7986.8,0.044502618
2025-05-01,Amazon,North,BEC-GB-001,438,438,65262,4295.45,4834.28,10,10,Garbage Bag Medium 30s,Garbage Bags,Medium,149,70,N,30 bags,Matched,60966.55,30660,0.497101279,12.61129889,25472.27,0.02283105
2025-02-01,Blinkit,West,BEC-TIS-002,379,379,68220,10456.7,2939.8,10,10,Bamboo Toilet Roll 4-pack,Tissues,Toilet Roll,180,95,N,4 rolls,Matched,57763.3,36005,0.376680349,19.6487176,18818.5,0.026385224
2025-06-01,Flipkart,West,BEC-CLN-003,261,261,78039,13174.5,18006.64,8,8,Laundry Liquid 1L,Cleaners,Laundry,299,150,N,1 L,Matched,64864.5,39150,0.396434105,3.602254502,7707.86,0.030651341
2024-06-01,Swiggy Instamart,West,BEC-GB-002,170,170,30430,8891.73,1621.95,8,8,Garbage Bag Large 15s,Garbage Bags,Large,179,86,N,15 bags,Matched,21538.27,14620,0.321208249,13.27924412,5296.32,0.047058824
2024-02-01,Swiggy Instamart,South,BEC-GB-001,125,125,18625,2914.7,2181.58,5,5,Garbage Bag Medium 30s,Garbage Bags,Medium,149,70,N,30 bags,Matched,15710.3,8750,0.443040553,7.201340313,4778.72,0.04
2024-12-01,Swiggy Instamart,North,BEC-BW-002,92,92,16100,2668.64,1285.9,2,2,Parchment Paper Roll,Bake & Wrap,Bake,175,92,N,20 m,Matched,13431.36,8464,0.369832988,10.4451046,3681.46,0.02173913
2025-03-01,Amazon,South,BEC-CMB-001,42,42,29358,6478.19,3161.32,2,2,Home Cleaning Combo,Others,Combo,699,330,Y,4 items,Matched,22879.81,13860,0.394225739,7.237422975,5858.49,0.047619048
2025-01-01,Amazon,West,BEC-TIS-001,566,566,53770,6253.08,6201.16,16,16,Bamboo Facial Tissue 100s,Tissues,Facial,95,42,N,100 pulls,Matched,47516.92,23772,0.499715049,7.66258571,17543.76,0.028268551
2024-05-01,D2C,North,BEC-GB-001,147,147,21903,732.76,2389.38,20,20,Garbage Bag Medium 30s,Garbage Bags,Medium,149,70,N,30 bags,Matched,21170.24,10290,0.513940324,8.86013945,8490.86,0.136054422
2024-03-01,Flipkart,North,BEC-BW-001,96,96,21120,5726.49,1717.89,4,4,Compostable Cling Wrap,Bake & Wrap,Wrap,220,118,N,30 m,Matched,15393.51,11328,0.264105457,8.960707612,2347.62,0.041666667
2024-07-01,D2C,South,BEC-KT-002,97,97,40740,5072.33,3546.75,12,12,Kitchen Towel 6-roll,Kitchen Towel,Towel,420,205,N,6 rolls,Matched,35667.67,19885,0.442492319,10.05643758,12235.92,0.12371134
2024-05-01,Swiggy Instamart,South,BEC-KT-002,116,116,48720,4681.58,2649.07,5,5,Kitchen Towel 6-roll,Kitchen Towel,Towel,420,205,N,6 rolls,Matched,44038.42,23780,0.460016958,16.62410582,17609.35,0.043103448
2024-12-01,D2C,West,BEC-BW-001,120,120,26400,564.26,3633.58,13,13,Compostable Cling Wrap,Bake & Wrap,Wrap,220,118,N,30 m,Matched,25835.74,14160,0.451922027,7.110271413,8042.16,0.108333333
2024-01-01,Swiggy Instamart,South,BEC-CLN-001,158,158,31442,3177.09,7909.33,6,6,Floor Cleaner 1L,Cleaners,Floor Cleaner,199,96,N,1 L,Matched,28264.91,15168,0.463362876,3.573616223,5187.58,0.037974684
2024-04-01,Flipkart,North,BEC-OTH-001,82,82,12218,676.23,1103.83,2,2,Bamboo Wet Wipes 72s,Others,Wipes,149,72,N,72 wipes,Matched,11541.77,5904,0.488466674,10.4561119,4533.94,0.024390244
2024-09-01,Zepto,West,BEC-TIS-002,261,261,46980,5545.02,4751.1,6,6,Bamboo Toilet Roll 4-pack,Tissues,Toilet Roll,180,95,N,4 rolls,Matched,41434.98,24795,0.401592567,8.721134053,11888.88,0.022988506
2024-09-01,Blinkit,West,BEC-KT-002,165,165,69300,18251.82,5223.71,3,3,Kitchen Towel 6-roll,Kitchen Towel,Towel,420,205,N,6 rolls,Matched,51048.18,33825,0.337390677,9.77239931,11999.47,0.018181818
2024-07-01,Amazon,North,BEC-TIS-001,379,379,36005,3005.21,1808.57,17,17,Bamboo Facial Tissue 100s,Tissues,Facial,95,42,N,100 pulls,Matched,32999.79,15918,0.517633294,18.2463438,15273.22,0.044854881
2024-05-01,Amazon,South,BEC-CLN-002,318,318,58830,14473.28,11889.95,15,15,Dishwash Liquid 750ml,Cleaners,Dishwash,185,88,N,750 ml,Matched,44356.72,27984,0.369114759,3.7306061,4482.77,0.047169811
2024-08-01,Swiggy Instamart,South,BEC-GB-002,107,107,19153,2692.55,1205.39,4,4,Garbage Bag Large 15s,Garbage Bags,Large,179,86,N,15 bags,Matched,16460.45,9202,0.440963036,13.65570479,6053.06,0.037383178
2025-02-01,Flipkart,South,BEC-CLN-002,256,256,47360,8697.57,9554.88,15,15,Dishwash Liquid 750ml,Cleaners,Dishwash,185,88,N,750 ml,Matched,38662.43,22528,0.417315466,4.046354324,6579.55,0.05859375
2024-03-01,Swiggy Instamart,North,BEC-CLN-003,223,223,66677,14268.21,15642.96,5,5,Laundry Liquid 1L,Cleaners,Laundry,299,150,N,1 L,Matched,52408.79,33450,0.361748287,3.350311578,3315.83,0.022421525
2024-04-01,Amazon,North,BEC-CLN-003,612,612,182988,45336.03,37772.25,28,28,Laundry Liquid 1L,Cleaners,Laundry,299,150,N,1 L,Matched,137651.97,91800,0.333100718,3.644261859,8079.72,0.045751634
2024-09-01,Amazon,West,BEC-GB-001,250,250,37250,8451.99,4236.64,10,10,Garbage Bag Medium 30s,Garbage Bags,Medium,149,70,N,30 bags,Matched,28798.01,17500,0.392319122,6.797370086,7061.37,0.04
2024-06-01,Swiggy Instamart,North,BEC-CLN-003,234,234,69966,6287.14,12893.85,8,8,Laundry Liquid 1L,Cleaners,Laundry,299,150,N,1 L,Matched,63678.86,35100,0.448796665,4.938700233,15685.01,0.034188034
2025-04-01,Amazon,West,BEC-CLN-002,946,946,175010,10846.79,45359.36,25,25,Dishwash Liquid 750ml,Cleaners,Dishwash,185,88,N,750 ml,Matched,164163.21,83248,0.492894906,3.61916945,35555.85,0.026427061
2024-12-01,Flipkart,West,BEC-GB-001,217,217,32333,3244.83,2435.95,10,10,Garbage Bag Medium 30s,Garbage Bags,Medium,149,70,N,30 bags,Matched,29088.17,15190,0.477794581,11.94120158,11462.22,0.046082949
2024-11-01,Flipkart,West,BEC-KT-001,171,171,27360,2558.23,2283.63,6,6,Kitchen Towel 2-roll,Kitchen Towel,Towel,160,78,N,2 rolls,Matched,24801.77,13338,0.462215802,10.86067796,9180.14,0.035087719
2024-05-01,Amazon,North,BEC-CLN-002,627,627,115995,27007.4,16546.98,25,25,Dishwash Liquid 750ml,Cleaners,Dishwash,185,88,N,750 ml,Matched,88987.6,55176,0.379958556,5.3778756,17264.62,0.039872408
2024-06-01,Zepto,North,BEC-GB-002,192,192,34368,2384.46,2414.74,10,10,Garbage Bag Large 15s,Garbage Bags,Large,179,86,N,15 bags,Matched,31983.54,16512,0.483734446,13.24512784,13056.8,0.052083333
2024-05-01,Flipkart,South,BEC-BW-002,57,57,9975,2578.74,590.75,2,2,Parchment Paper Roll,Bake & Wrap,Bake,175,92,N,20 m,Matched,7396.26,5244,0.290993015,12.52011849,1561.51,0.035087719
2025-06-01,Zepto,South,BEC-GB-002,206,206,36874,5690.09,3574.17,5,5,Garbage Bag Large 15s,Garbage Bags,Large,179,86,N,15 bags,Matched,31183.91,17716,0.431886508,8.724797645,9893.74,0.024271845
2024-11-01,D2C,North,BEC-CLN-004,168,168,16632,1078.98,3648.06,23,23,Handwash 250ml,Cleaners,Handwash,99,44,N,250 ml,Matched,15553.02,7392,0.52472253,4.263367379,4512.96,0.136904762
2024-11-01,Zepto,South,BEC-CLN-002,173,173,32005,3392.64,6711.53,7,7,Dishwash Liquid 750ml,Cleaners,Dishwash,185,88,N,750 ml,Matched,28612.36,15224,0.467922255,4.263165031,6676.83,0.040462428
2024-03-01,Swiggy Instamart,South,BEC-BW-002,46,46,8050,936.42,1013.04,1,1,Parchment Paper Roll,Bake & Wrap,Bake,175,92,N,20 m,Matched,7113.58,4232,0.405081548,7.022012951,1868.54,0.02173913
2024-04-01,Amazon,North,BEC-GB-001,410,410,61090,3463.03,4743.93,16,16,Garbage Bag Medium 30s,Garbage Bags,Medium,149,70,N,30 bags,Matched,57626.97,28700,0.501969304,12.14751693,24183.04,0.03902439
2024-04-01,Swiggy Instamart,North,BEC-TIS-001,179,179,17005,4165.92,1375.67,5,5,Bamboo Facial Tissue 100s,Tissues,Facial,95,42,N,100 pulls,Matched,12839.08,7518,0.414444026,9.332965028,3945.41,0.027932961
2024-05-01,Flipkart,North,BEC-TIS-002,186,186,33480,3675.16,2519.77,8,8,Bamboo Toilet Roll 4-pack,Tissues,Toilet Roll,180,95,N,4 rolls,Matched,29804.84,17670,0.407143269,11.82839704,9615.07,0.043010753
2024-08-01,D2C,South,BEC-CLN-002,135,135,24975,2997.95,6865.67,19,19,Dishwash Liquid 750ml,Cleaners,Dishwash,185,88,N,750 ml,Matched,21977.05,11880,0.459436094,3.201005874,3231.38,0.140740741
2025-06-01,Blinkit,West,BEC-CLN-004,572,572,56628,9629,12076.68,29,29,Handwash 250ml,Cleaners,Handwash,99,44,N,250 ml,Matched,46999,25168,0.464499245,3.891715273,9754.32,0.050699301
2024-09-01,Swiggy Instamart,North,BEC-CLN-001,112,112,22288,5385.9,4768,3,3,Floor Cleaner 1L,Cleaners,Floor Cleaner,199,96,N,1 L,Matched,16902.1,10752,0.363866028,3.544903523,1382.1,0.026785714
2025-04-01,D2C,North,BEC-OTH-001,94,94,14006,986.39,915.66,14,14,Bamboo Wet Wipes 72s,Others,Wipes,149,72,N,72 wipes,Matched,13019.61,6768,0.480168761,14.21882577,5335.95,0.14893617
2024-12-01,Swiggy Instamart,West,BEC-CLN-002,264,264,48840,11960.75,7306.69,13,13,Dishwash Liquid 750ml,Cleaners,Dishwash,185,88,N,750 ml,Matched,36879.25,23232,0.370052265,5.047326491,6340.56,0.049242424
2024-09-01,Swiggy Instamart,South,BEC-GB-002,86,86,15394,2297.56,661.38,1,1,Garbage Bag Large 15s,Garbage Bags,Large,179,86,N,15 bags,Matched,13096.44,7396,0.435266378,19.80168738,5039.06,0.011627907
2024-08-01,Zepto,South,BEC-KT-001,137,137,21920,2087.78,2937.73,5,5,Kitchen Towel 2-roll,Kitchen Towel,Towel,160,78,N,2 rolls,Matched,19832.22,10686,0.461179838,6.750865464,6208.49,0.03649635
2024-06-01,Blinkit,North,BEC-TIS-002,266,266,47880,4715.19,2367.9,7,7,Bamboo Toilet Roll 4-pack,Tissues,Toilet Roll,180,95,N,4 rolls,Matched,43164.81,25270,0.414569414,18.22915241,15526.91,0.026315789
2025-06-01,Amazon,North,BEC-CLN-001,485,485,96515,26178.14,15133.05,14,14,Floor Cleaner 1L,Cleaners,Floor Cleaner,199,96,N,1 L,Matched,70336.86,46560,0.338042671,4.647897152,8643.81,0.028865979
2024-01-01,Flipkart,West,BEC-CMB-001,42,42,29358,4686.9,3411.23,1,1,Home Cleaning Combo,Others,Combo,699,330,Y,4 items,Matched,24671.1,13860,0.438209079,7.232317962,7399.87,0.023809524
2024-09-01,Swiggy Instamart,South,BEC-GB-001,66,66,9834,1619.88,899.04,2,2,Garbage Bag Medium 30s,Garbage Bags,Medium,149,70,N,30 bags,Matched,8214.12,4620,0.437553871,9.136545649,2695.08,0.03030303
2025-01-01,Swiggy Instamart,West,BEC-BW-001,87,87,19140,4082.09,1088.29,2,2,Compostable Cling Wrap,Bake & Wrap,Wrap,220,118,N,30 m,Matched,15057.91,10266,0.318232079,13.83630282,3703.62,0.022988506
2024-06-01,D2C,North,BEC-BW-002,85,85,14875,306.68,923.81,12,12,Parchment Paper Roll,Bake & Wrap,Bake,175,92,N,20 m,Matched,14568.32,7820,0.46321882,15.7698228,5824.51,0.141176471
2024-07-01,D2C,North,BEC-CLN-001,139,139,27661,647.34,5347.03,15,15,Floor Cleaner 1L,Cleaners,Floor Cleaner,199,96,N,1 L,Matched,27013.66,13344,0.506027691,5.052086859,8322.63,0.107913669
2024-05-01,D2C,West,BEC-BW-001,128,128,28160,1616.55,3639.25,19,19,Compostable Cling Wrap,Bake & Wrap,Wrap,220,118,N,30 m,Matched,26543.45,15104,0.430970729,7.293659408,7800.2,0.1484375
2024-07-01,D2C,North,BEC-GB-001,112,112,16688,567.1,1289.97,18,18,Garbage Bag Medium 30s,Garbage Bags,Medium,149,70,N,30 bags,Matched,16120.9,7840,0.513674795,12.49711234,6990.93,0.160714286
2025-06-01,Blinkit,South,BEC-BW-001,99,99,21780,1538.84,2883.61,3,3,Compostable Cling Wrap,Bake & Wrap,Wrap,220,118,N,30 m,Matched,20241.16,11682,0.422859164,7.019381955,5675.55,0.03030303
2024-04-01,Flipkart,North,BEC-GB-001,179,179,26671,5363.33,1215.56,5,5,Garbage Bag Medium 30s,Garbage Bags,Medium,149,70,N,30 bags,Matched,21307.67,12530,0.411948843,17.5290977,7562.11,0.027932961
2024-03-01,Blinkit,South,BEC-OTH-001,71,71,10579,1718.18,453.45,2,2,Bamboo Wet Wipes 72s,Others,Wipes,149,72,N,72 wipes,Matched,8860.82,5112,0.423078225,19.54089756,3295.37,0.028169014
2025-01-01,Zepto,South,BEC-CLN-004,319,319,31581,9414.97,4492.58,18,18,Handwash 250ml,Cleaners,Handwash,99,44,N,250 ml,Matched,22166.03,14036,0.366778805,4.93391993,3637.45,0.056426332
2025-01-01,Blinkit,West,BEC-TIS-002,321,321,57780,5797.44,6038.62,7,7,Bamboo Toilet Roll 4-pack,Tissues,Toilet Roll,180,95,N,4 rolls,Matched,51982.56,30495,0.413360943,8.608350915,15448.94,0.021806854
2024-03-01,Swiggy Instamart,West,BEC-GB-002,130,130,23270,4697.85,1407.49,4,4,Garbage Bag Large 15s,Garbage Bags,Large,179,86,N,15 bags,Matched,18572.15,11180,0.398023384,13.19522696,5984.66,0.030769231
2024-10-01,Blinkit,North,BEC-CLN-001,207,207,41193,10048.13,7472.09,8,8,Floor Cleaner 1L,Cleaners,Floor Cleaner,199,96,N,1 L,Matched,31144.87,19872,0.361949496,4.168160448,3800.78,0.038647343
2024-07-01,Amazon,West,BEC-CLN-004,387,387,38313,8154.72,9991.54,10,10,Handwash 250ml,Cleaners,Handwash,99,44,N,250 ml,Matched,30158.28,17028,0.435378941,3.018381551,3138.74,0.025839793
2024-02-01,Amazon,South,BEC-GB-001,232,232,34568,3791.03,2271.8,8,8,Garbage Bag Medium 30s,Garbage Bags,Medium,149,70,N,30 bags,Matched,30776.97,16240,0.472332722,13.54739414,12265.17,0.034482759
2025-04-01,Amazon,North,BEC-GB-001,286,286,42614,10585.07,1679.87,7,7,Garbage Bag Medium 30s,Garbage Bags,Medium,149,70,N,30 bags,Matched,32028.93,20020,0.374940093,19.06631466,10329.06,0.024475524
2024-12-01,Zepto,North,BEC-BW-002,116,116,20300,1038.98,1593.79,6,6,Parchment Paper Roll,Bake & Wrap,Bake,175,92,N,20 m,Matched,19261.02,10672,0.445927578,12.08504257,6995.23,0.051724138
2025-01-01,Blinkit,South,BEC-OTH-001,101,101,15049,3002.73,720.13,4,4,Bamboo Wet Wipes 72s,Others,Wipes,149,72,N,72 wipes,Matched,12046.27,7272,0.39632766,16.72791024,4054.14,0.03960396
2025-02-01,Flipkart,South,BEC-KT-002,161,161,67620,9116.14,3363.33,5,5,Kitchen Towel 6-roll,Kitchen Towel,Towel,420,205,N,6 rolls,Matched,58503.86,33005,0.43584919,17.39462378,22135.53,0.031055901
2024-01-01,Amazon,West,BEC-GB-001,481,481,71669,14272.15,7256.75,23,23,Garbage Bag Medium 30s,Garbage Bags,Medium,149,70,N,30 bags,Matched,57396.85,33670,0.413382442,7.909442932,16470.1,0.047817048
2024-03-01,D2C,North,BEC-CMB-001,35,35,24465,2563.24,3089.36,4,4,Home Cleaning Combo,Others,Combo,699,330,Y,4 items,Matched,21901.76,11550,0.472645121,7.089416578,7262.4,0.114285714
2024-11-01,D2C,South,BEC-CLN-002,161,161,29785,903.88,9741.07,19,19,Dishwash Liquid 750ml,Cleaners,Dishwash,185,88,N,750 ml,Matched,28881.12,14168,0.509437307,2.964881681,4972.05,0.118012422
2025-01-01,Swiggy Instamart,West,BEC-CLN-003,313,313,93587,23127.64,17907.75,15,15,Laundry Liquid 1L,Cleaners,Laundry,299,150,N,1 L,Matched,70459.36,46950,0.333658438,3.934573578,5601.61,0.047923323
2024-11-01,Swiggy Instamart,North,BEC-BW-001,58,58,12760,1069.26,1459.88,2,2,Compostable Cling Wrap,Bake & Wrap,Wrap,220,118,N,30 m,Matched,11690.74,6844,0.414579402,8.008014357,3386.86,0.034482759
2024-12-01,Blinkit,North,BEC-OTH-001,88,88,13112,3805.9,729.32,3,3,Bamboo Wet Wipes 72s,Others,Wipes,149,72,N,72 wipes,Matched,9306.1,6336,0.319156252,12.75996819,2240.78,0.034090909
2025-02-01,Blinkit,North,BEC-OTH-001,154,154,22946,5881.47,2167.23,4,4,Bamboo Wet Wipes 72s,Others,Wipes,149,72,N,72 wipes,Matched,17064.53,11088,0.350231152,7.873889712,3809.3,0.025974026
2025-02-01,Blinkit,North,BEC-BW-002,114,114,19950,5401.52,1803.32,2,2,Parchment Paper Roll,Bake & Wrap,Bake,175,92,N,20 m,Matched,14548.48,10488,0.279099947,8.067608633,2257.16,0.01754386
2025-01-01,Amazon,North,BEC-KT-001,319,319,51040,3456.43,5875.15,15,15,Kitchen Towel 2-roll,Kitchen Towel,Towel,160,78,N,2 rolls,Matched,47583.57,24882,0.477088415,8.099124278,16826.42,0.047021944
2024-02-01,D2C,West,BEC-OTH-001,91,91,13559,627.01,921.65,8,8,Bamboo Wet Wipes 72s,Others,Wipes,149,72,N,72 wipes,Matched,12931.99,6552,0.493349438,14.03134596,5458.34,0.087912088
2025-01-01,Amazon,West,BEC-CLN-003,881,881,263419,15388.52,55508.09,34,34,Laundry Liquid 1L,Cleaners,Laundry,299,150,N,1 L,Matched,248030.48,132150,0.467202579,4.468366323,60372.39,0.038592509
2024-11-01,Blinkit,South,BEC-CLN-002,227,227,41995,8450.46,7309.23,8,8,Dishwash Liquid 750ml,Cleaners,Dishwash,185,88,N,750 ml,Matched,33544.54,19976,0.40449325,4.58933978,6259.31,0.035242291
2024-09-01,Swiggy Instamart,South,BEC-OTH-001,42,42,6258,1252,549.63,1,1,Bamboo Wet Wipes 72s,Others,Wipes,149,72,N,72 wipes,Matched,5006,3024,0.39592489,9.107945345,1432.37,0.023809524
2025-01-01,Swiggy Instamart,West,BEC-CLN-002,236,236,43660,9830.86,8688.42,6,6,Dishwash Liquid 750ml,Cleaners,Dishwash,185,88,N,750 ml,Matched,33829.14,20768,0.386091399,3.893589398,4372.72,0.025423729
2025-04-01,Zepto,South,BEC-TIS-001,198,198,18810,5221.81,693.83,9,9,Bamboo Facial Tissue 100s,Tissues,Facial,95,42,N,100 pulls,Matched,13588.19,8316,0.38799796,19.58432181,4578.36,0.045454545
2024-05-01,Amazon,West,BEC-KT-001,393,393,62880,9859.79,3110.77,22,22,Kitchen Towel 2-roll,Kitchen Towel,Towel,160,78,N,2 rolls,Matched,53020.21,30654,0.421843105,17.04407912,19255.44,0.055979644
2025-03-01,Flipkart,West,BEC-TIS-002,360,360,64800,12850.78,3318.28,9,9,Bamboo Toilet Roll 4-pack,Tissues,Toilet Roll,180,95,N,4 rolls,Matched,51949.22,34200,0.341664803,15.65546608,14430.94,0.025
2024-11-01,Flipkart,West,BEC-CLN-002,330,330,61050,11319.34,9149.9,15,15,Dishwash Liquid 750ml,Cleaners,Dishwash,185,88,N,750 ml,Matched,49730.66,29040,0.416054402,5.435104209,11540.76,0.045454545
2025-04-01,Swiggy Instamart,South,BEC-GB-002,96,96,17184,4916.03,1269.03,2,2,Garbage Bag Large 15s,Garbage Bags,Large,179,86,N,15 bags,Matched,12267.97,8256,0.327028025,9.667202509,2742.94,0.020833333
2025-06-01,Flipkart,South,BEC-CLN-003,192,192,57408,11544.44,9272.31,6,6,Laundry Liquid 1L,Cleaners,Laundry,299,150,N,1 L,Matched,45863.56,28800,0.372050491,4.946292779,7791.25,0.03125
2024-05-01,Amazon,North,BEC-GB-002,292,292,52268,3488.02,5138.12,13,13,Garbage Bag Large 15s,Garbage Bags,Large,179,86,N,15 bags,Matched,48779.98,25112,0.485198641,9.493740901,18529.86,0.044520548
2024-06-01,Blinkit,West,BEC-BW-001,133,133,29260,6554.58,2057.25,6,6,Compostable Cling Wrap,Bake & Wrap,Wrap,220,118,N,30 m,Matched,22705.42,15694,0.308799397,11.03678211,4954.17,0.045112782
2024-04-01,D2C,West,BEC-CLN-001,317,317,63083,3386.84,13381.61,39,39,Floor Cleaner 1L,Cleaners,Floor Cleaner,199,96,N,1 L,Matched,59696.16,30432,0.490218466,4.461059618,15882.55,0.123028391
2024-08-01,Swiggy Instamart,West,BEC-GB-001,101,101,15049,3705.79,777.24,3,3,Garbage Bag Medium 30s,Garbage Bags,Medium,149,70,N,30 bags,Matched,11343.21,7070,0.376719641,14.594218,3495.97,0.02970297
2024-03-01,Zepto,South,BEC-GB-002,204,204,36516,3872.32,4042.88,9,9,Garbage Bag Large 15s,Garbage Bags,Large,179,86,N,15 bags,Matched,32643.68,17544,0.462560594,8.07436283,11056.8,0.044117647
2025-04-01,Blinkit,North,BEC-TIS-002,363,363,65340,5218.51,5514.45,14,14,Bamboo Toilet Roll 4-pack,Tissues,Toilet Roll,180,95,N,4 rolls,Matched,60121.49,34485,0.426411421,10.90253606,20122.04,0.038567493
2024-03-01,Zepto,South,BEC-CMB-001,38,38,26562,2409.29,2444.56,0,0,Home Cleaning Combo,Others,Combo,699,330,Y,4 items,Matched,24152.71,12540,0.480803603,9.880187028,9168.15,0
2024-03-01,Flipkart,South,BEC-CMB-001,25,25,17475,3153.57,1191.32,0,0,Home Cleaning Combo,Others,Combo,699,330,Y,4 items,Matched,14321.43,8250,0.423940207,12.02148037,4880.11,0
2024-08-01,Blinkit,South,BEC-KT-002,98,98,41160,7508.54,3500.11,3,3,Kitchen Towel 6-roll,Kitchen Towel,Towel,420,205,N,6 rolls,Matched,33651.46,20090,0.402997671,9.61440069,10061.35,0.030612245
2024-08-01,D2C,South,BEC-OTH-001,41,41,6109,682.23,623.57,6,6,Bamboo Wet Wipes 72s,Others,Wipes,149,72,N,72 wipes,Matched,5426.77,2952,0.456030014,8.702743878,1851.2,0.146341463
2024-03-01,Flipkart,South,BEC-BW-002,89,89,15575,1679.15,824.47,4,4,Parchment Paper Roll,Bake & Wrap,Bake,175,92,N,20 m,Matched,13895.85,8188,0.410759327,16.85428214,4883.38,0.04494382
2024-12-01,Zepto,South,BEC-OTH-001,85,85,12665,2736.49,1165.42,4,4,Bamboo Wet Wipes 72s,Others,Wipes,149,72,N,72 wipes,Matched,9928.51,6120,0.383593309,8.519254861,2643.09,0.047058824
2024-07-01,Amazon,North,BEC-CLN-002,308,308,56980,15889.18,12164.26,14,14,Dishwash Liquid 750ml,Cleaners,Dishwash,185,88,N,750 ml,Matched,41090.82,27104,0.34038795,3.377995867,1822.56,0.045454545
2025-06-01,D2C,North,BEC-GB-002,134,134,23986,1416.23,1598.06,20,20,Garbage Bag Large 15s,Garbage Bags,Large,179,86,N,15 bags,Matched,22569.77,11524,0.489405519,14.12323067,9447.71,0.149253731
2024-07-01,Swiggy Instamart,North,BEC-TIS-001,111,111,10545,1947.53,1200.23,5,5,Bamboo Facial Tissue 100s,Tissues,Facial,95,42,N,100 pulls,Matched,8597.47,4662,0.457747454,7.163185389,2735.24,0.045045045
2024-11-01,Flipkart,North,BEC-TIS-001,134,134,12730,1224.62,1319.05,5,5,Bamboo Facial Tissue 100s,Tissues,Facial,95,42,N,100 pulls,Matched,11505.38,5628,0.510837539,8.722474508,4558.33,0.037313433
2024-12-01,Zepto,South,BEC-KT-002,140,140,58800,6193.28,0,8,8,Kitchen Towel 6-roll,Kitchen Towel,Towel,420,205,N,6 rolls,Matched,52606.72,28700,0.454442322,,23906.72,0.057142857
2024-03-01,Swiggy Instamart,South,BEC-TIS-001,102,102,9690,1898.43,437.93,3,3,Bamboo Facial Tissue 100s,Tissues,Facial,95,42,N,100 pulls,Matched,7791.57,4284,0.450174997,17.79181604,3069.64,0.029411765
2024-09-01,D2C,West,BEC-CLN-002,204,204,37740,3056.09,9493.8,28,28,Dishwash Liquid 750ml,Cleaners,Dishwash,185,88,N,750 ml,Matched,34683.91,17952,0.482411297,3.653322168,7238.11,0.137254902
2025-01-01,Amazon,West,BEC-BW-002,333,333,58275,16257.23,5915.39,7,7,Parchment Paper Roll,Bake & Wrap,Bake,175,92,N,20 m,Matched,42017.77,30636,0.270879916,7.103127604,5466.38,0.021021021
2024-10-01,Blinkit,South,BEC-KT-001,172,172,27520,7088.14,2007.34,8,8,Kitchen Towel 2-roll,Kitchen Towel,Towel,160,78,N,2 rolls,Matched,20431.86,13416,0.34337843,10.17857463,5008.52,0.046511628
2025-06-01,Amazon,North,BEC-OTH-001,159,159,23691,3799.87,2699.4,5,5,Bamboo Wet Wipes 72s,Others,Wipes,149,72,N,72 wipes,Matched,19891.13,11448,0.424467087,7.368722679,5743.73,0.031446541
2024-04-01,Swiggy Instamart,West,BEC-CLN-001,255,255,50745,10386.52,12482.23,12,12,Floor Cleaner 1L,Cleaners,Floor Cleaner,199,96,N,1 L,Matched,40358.48,24480,0.393436026,3.233274823,3396.25,0.047058824
2025-04-01,Flipkart,South,BEC-TIS-002,138,138,24840,2449.64,1669.32,3,3,Bamboo Toilet Roll 4-pack,Tissues,Toilet Roll,180,95,N,4 rolls,Matched,22390.36,13110,0.41448016,13.41286272,7611.04,0.02173913
2024-01-01,Amazon,South,BEC-BW-002,177,177,30975,5530.86,1897.32,6,6,Parchment Paper Roll,Bake & Wrap,Bake,175,92,N,20 m,Matched,25444.14,16284,0.36000981,13.41056859,7262.82,0.033898305
2024-01-01,Amazon,North,BEC-TIS-001,384,384,36480,9431.86,1517.14,19,19,Bamboo Facial Tissue 100s,Tissues,Facial,95,42,N,100 pulls,Matched,27048.14,16128,0.403729794,17.82837444,9403,0.049479167
2025-06-01,Amazon,North,BEC-BW-002,193,193,33775,3953.64,4466.64,5,5,Parchment Paper Roll,Bake & Wrap,Bake,175,92,N,20 m,Matched,29821.36,17756,0.404587852,6.67646374,7598.72,0.025906736
2024-07-01,Zepto,West,BEC-BW-001,107,107,23540,5443.14,1400.4,3,3,Compostable Cling Wrap,Bake & Wrap,Wrap,220,118,N,30 m,Matched,18096.86,12626,0.302309903,12.92263639,4070.46,0.028037383
2024-05-01,Flipkart,North,BEC-KT-002,125,125,52500,5609.99,3758.58,7,7,Kitchen Towel 6-roll,Kitchen Towel,Towel,420,205,N,6 rolls,Matched,46890.01,25625,0.453508327,12.47545882,17506.43,0.056
2024-05-01,Flipkart,North,BEC-CLN-002,261,261,48285,12618.1,7338.78,6,6,Dishwash Liquid 750ml,Cleaners,Dishwash,185,88,N,750 ml,Matched,35666.9,22968,0.356041596,4.860058484,5360.12,0.022988506
2024-05-01,Amazon,West,BEC-TIS-002,631,631,113580,13411.41,7133.09,15,15,Bamboo Toilet Roll 4-pack,Tissues,Toilet Roll,180,95,N,4 rolls,Matched,100168.59,59945,0.401558912,14.04280473,33090.5,0.023771791
2025-01-01,Blinkit,West,BEC-CLN-002,600,600,111000,16925.7,23157.7,30,30,Dishwash Liquid 750ml,Cleaners,Dishwash,185,88,N,750 ml,Matched,94074.3,52800,0.438741505,4.062333479,18116.6,0.05
2024-05-01,Amazon,North,BEC-TIS-001,462,462,43890,10214.72,1983.48,27,27,Bamboo Facial Tissue 100s,Tissues,Facial,95,42,N,100 pulls,Matched,33675.28,19404,0.423790983,16.97787727,12287.8,0.058441558
2024-08-01,Zepto,North,BEC-CLN-004,287,287,28413,2419.87,5167.53,7,7,Handwash 250ml,Cleaners,Handwash,99,44,N,250 ml,Matched,25993.13,12628,0.514179324,5.030087876,8197.6,0.024390244
2025-04-01,Blinkit,North,BEC-CLN-001,476,476,94724,13999.97,20475.12,21,21,Floor Cleaner 1L,Cleaners,Floor Cleaner,199,96,N,1 L,Matched,80724.03,45696,0.433923207,3.942542461,14552.91,0.044117647
2024-03-01,Blinkit,North,BEC-KT-002,192,192,80640,11162.88,9341.46,8,8,Kitchen Towel 6-roll,Kitchen Towel,Towel,420,205,N,6 rolls,Matched,69477.12,39360,0.433482562,7.437501204,20775.66,0.041666667
2024-07-01,Amazon,North,BEC-KT-001,315,315,50400,2956.03,6813.54,18,18,Kitchen Towel 2-roll,Kitchen Towel,Towel,160,78,N,2 rolls,Matched,47443.97,24570,0.482125969,6.963189473,16060.43,0.057142857
2025-06-01,Swiggy Instamart,South,BEC-CLN-004,195,195,19305,3598.3,3897.33,4,4,Handwash 250ml,Cleaners,Handwash,99,44,N,250 ml,Matched,15706.7,8580,0.453736304,4.030118055,3229.37,0.020512821
2025-06-01,Zepto,North,BEC-TIS-001,294,294,27930,6515.63,1189.27,9,9,Bamboo Facial Tissue 100s,Tissues,Facial,95,42,N,100 pulls,Matched,21414.37,12348,0.423377853,18.0063148,7877.1,0.030612245
2024-06-01,D2C,North,BEC-GB-002,144,144,25776,672.71,2089.98,17,17,Garbage Bag Large 15s,Garbage Bags,Large,179,86,N,15 bags,Matched,25103.29,12384,0.506678208,12.01125848,10629.31,0.118055556
2025-03-01,Amazon,North,BEC-KT-001,349,349,55840,3355.49,6209.1,18,18,Kitchen Towel 2-roll,Kitchen Towel,Towel,160,78,N,2 rolls,Matched,52484.51,27222,0.481332683,8.452836965,19053.41,0.051575931
2025-04-01,Zepto,South,BEC-GB-001,195,195,29055,1673.97,2105.57,7,7,Garbage Bag Medium 30s,Garbage Bags,Medium,149,70,N,30 bags,Matched,27381.03,13650,0.501479674,13.0040939,11625.46,0.035897436
2025-04-01,D2C,North,BEC-GB-002,162,162,28998,894.95,2082.99,16,16,Garbage Bag Large 15s,Garbage Bags,Large,179,86,N,15 bags,Matched,28103.05,13932,0.504253097,13.49168743,12088.06,0.098765432
2024-07-01,Amazon,West,BEC-BW-001,177,177,38940,10631.73,3463.02,7,7,Compostable Cling Wrap,Bake & Wrap,Wrap,220,118,N,30 m,Matched,28308.27,20886,0.262194405,8.174446004,3959.25,0.039548023
2024-07-01,Amazon,North,BEC-CMB-001,65,65,45435,12248.94,1901.9,2,2,Home Cleaning Combo,Others,Combo,699,330,Y,4 items,Matched,33186.06,21450,0.353644271,17.44889847,9834.16,0.030769231
2025-02-01,Amazon,North,BEC-KT-001,275,275,44000,6469.08,5146.98,5,5,Kitchen Towel 2-roll,Kitchen Towel,Towel,160,78,N,2 rolls,Matched,37530.92,21450,0.428471245,7.291833269,10933.94,0.018181818
2024-12-01,Flipkart,North,BEC-CLN-001,302,302,60098,3224.79,18536.79,17,17,Floor Cleaner 1L,Cleaners,Floor Cleaner,199,96,N,1 L,Matched,56873.21,28992,0.490234506,3.068126143,9344.42,0.056291391
2025-05-01,Blinkit,South,BEC-OTH-001,87,87,12963,2089.88,866.01,3,3,Bamboo Wet Wipes 72s,Others,Wipes,149,72,N,72 wipes,Matched,10873.12,6264,0.423900408,12.55542084,3743.11,0.034482759
2024-01-01,D2C,South,BEC-CLN-004,156,156,15444,1109.92,2817.59,21,21,Handwash 250ml,Cleaners,Handwash,99,44,N,250 ml,Matched,14334.08,6864,0.521141224,5.087354796,4652.49,0.134615385
2024-01-01,Swiggy Instamart,West,BEC-CLN-003,175,175,52325,4011.74,15877.27,5,5,Laundry Liquid 1L,Cleaners,Laundry,299,150,N,1 L,Matched,48313.26,26250,0.456670902,3.042919847,6185.99,0.028571429
2025-06-01,Blinkit,West,BEC-KT-001,290,290,46400,11186.52,3146.61,7,7,Kitchen Towel 2-roll,Kitchen Towel,Towel,160,78,N,2 rolls,Matched,35213.48,22620,0.357632361,11.19092611,9446.87,0.024137931
2024-08-01,Flipkart,North,BEC-BW-002,72,72,12600,3331.38,1140.07,3,3,Parchment Paper Roll,Bake & Wrap,Bake,175,92,N,20 m,Matched,9268.62,6624,0.285330502,8.129869219,1504.55,0.041666667
2025-04-01,Flipkart,North,BEC-OTH-001,110,110,16390,973.52,1599.05,5,5,Bamboo Wet Wipes 72s,Others,Wipes,149,72,N,72 wipes,Matched,15416.48,7920,0.48626405,9.641024358,5897.43,0.045454545
2024-10-01,Amazon,North,BEC-KT-002,235,235,98700,27012.26,10472.75,6,6,Kitchen Towel 6-roll,Kitchen Towel,Towel,420,205,N,6 rolls,Matched,71687.74,48175,0.3279883,6.845168652,13039.99,0.025531915
2025-04-01,D2C,North,BEC-TIS-001,245,245,23275,3378.57,1632.61,27,27,Bamboo Facial Tissue 100s,Tissues,Facial,95,42,N,100 pulls,Matched,19896.43,10290,0.482821793,12.1868848,7973.82,0.110204082
2024-04-01,Zepto,North,BEC-KT-001,145,145,23200,3211.06,2747.79,8,8,Kitchen Towel 2-roll,Kitchen Towel,Towel,160,78,N,2 rolls,Matched,19988.94,11310,0.434187105,7.274551549,5931.15,0.055172414
2025-01-01,Blinkit,South,BEC-CLN-003,395,395,118105,13211.56,20008.06,18,18,Laundry Liquid 1L,Cleaners,Laundry,299,150,N,1 L,Matched,104893.44,59250,0.435141035,5.242559249,25635.38,0.04556962
2024-11-01,Blinkit,West,BEC-OTH-001,143,143,21307,2321.2,2345.03,5,5,Bamboo Wet Wipes 72s,Others,Wipes,149,72,N,72 wipes,Matched,18985.8,10296,0.457699965,8.096186403,6344.77,0.034965035
2024-10-01,Amazon,North,BEC-GB-001,332,332,49468,11696.31,4813.65,6,6,Garbage Bag Medium 30s,Garbage Bags,Medium,149,70,N,30 bags,Matched,37771.69,23240,0.38472438,7.846787781,9718.04,0.018072289
2024-01-01,Swiggy Instamart,North,BEC-KT-002,113,113,47460,8426.06,2110.83,5,5,Kitchen Towel 6-roll,Kitchen Towel,Towel,420,205,N,6 rolls,Matched,39033.94,23165,0.406542102,18.49222344,13758.11,0.044247788
2024-03-01,D2C,West,BEC-TIS-002,220,220,39600,2786.8,3533.68,21,21,Bamboo Toilet Roll 4-pack,Tissues,Toilet Roll,180,95,N,4 rolls,Matched,36813.2,20900,0.43226886,10.41780806,12379.52,0.095454545
2025-02-01,Swiggy Instamart,North,BEC-CLN-002,178,178,32930,6387.91,8851.83,8,8,Dishwash Liquid 750ml,Cleaners,Dishwash,185,88,N,750 ml,Matched,26542.09,15664,0.409843008,2.998486189,2026.26,0.04494382
2024-12-01,Swiggy Instamart,West,BEC-CLN-001,237,237,47163,7030.48,10142.91,12,12,Floor Cleaner 1L,Cleaners,Floor Cleaner,199,96,N,1 L,Matched,40132.52,22752,0.433078212,3.956706704,7237.61,0.050632911
2025-03-01,Amazon,West,BEC-CLN-003,676,676,202124,10175.01,44550.93,38,38,Laundry Liquid 1L,Cleaners,Laundry,299,150,N,1 L,Matched,191948.99,101400,0.471734652,4.308529362,45998.06,0.056213018
2024-10-01,D2C,South,BEC-CLN-001,101,101,20099,571.21,5998.91,14,14,Floor Cleaner 1L,Cleaners,Floor Cleaner,199,96,N,1 L,Matched,19527.79,9696,0.50347684,3.255223032,3832.88,0.138613861
2024-10-01,Blinkit,South,BEC-BW-002,101,101,17675,4870.1,667.96,5,5,Parchment Paper Roll,Bake & Wrap,Bake,175,92,N,20 m,Matched,12804.9,9292,0.274340292,19.17015989,2844.94,0.04950495
2024-09-01,Amazon,South,BEC-KT-001,232,232,37120,6021.88,3519.72,9,9,Kitchen Towel 2-roll,Kitchen Towel,Towel,160,78,N,2 rolls,Matched,31098.12,18096,0.418099872,8.835395997,9482.4,0.038793103
2025-05-01,Amazon,North,BEC-KT-001,444,444,71040,13112.48,5610.81,10,10,Kitchen Towel 2-roll,Kitchen Towel,Towel,160,78,N,2 rolls,Matched,57927.52,34632,0.402149445,10.32427047,17684.71,0.022522523
2024-08-01,D2C,South,BEC-KT-002,62,62,26040,1345.39,3066.01,8,8,Kitchen Towel 6-roll,Kitchen Towel,Towel,420,205,N,6 rolls,Matched,24694.61,12710,0.485312787,8.054314891,8918.6,0.129032258
2024-04-01,Flipkart,West,BEC-KT-002,216,216,90720,18794.23,7815.7,11,11,Kitchen Towel 6-roll,Kitchen Towel,Towel,420,205,N,6 rolls,Matched,71925.77,44280,0.384365298,9.202729122,19830.07,0.050925926
2024-02-01,Zepto,West,BEC-KT-001,327,327,52320,10954.72,4318.25,9,9,Kitchen Towel 2-roll,Kitchen Towel,Towel,160,78,N,2 rolls,Matched,41365.28,25506,0.38339593,9.57917675,11541.03,0.027522936
2024-12-01,Amazon,West,BEC-TIS-002,497,497,89460,11491.95,10664.22,15,15,Bamboo Toilet Roll 4-pack,Tissues,Toilet Roll,180,95,N,4 rolls,Matched,77968.05,47215,0.394431437,7.31118169,20088.83,0.030181087
2024-05-01,D2C,South,BEC-BW-002,60,60,10500,417.5,1204.54,5,5,Parchment Paper Roll,Bake & Wrap,Bake,175,92,N,20 m,Matched,10082.5,5520,0.452516737,8.370415262,3357.96,0.083333333
2024-09-01,Zepto,South,BEC-KT-002,126,126,52920,8320.82,3857.77,2,2,Kitchen Towel 6-roll,Kitchen Towel,Towel,420,205,N,6 rolls,Matched,44599.18,25830,0.42084137,11.56087066,14911.41,0.015873016
2024-11-01,D2C,West,BEC-GB-002,166,166,29714,2543.73,2478.68,16,16,Garbage Bag Large 15s,Garbage Bags,Large,179,86,N,15 bags,Matched,27170.27,14276,0.474572759,10.96158843,10415.59,0.096385542
2024-01-01,Swiggy Instamart,South,BEC-GB-001,75,75,11175,2043.7,827.29,2,2,Garbage Bag Medium 30s,Garbage Bags,Medium,149,70,N,30 bags,Matched,9131.3,5250,0.425054483,11.03760471,3054.01,0.026666667
2024-04-01,Swiggy Instamart,North,BEC-CLN-004,182,182,18018,4209.39,2678.6,5,5,Handwash 250ml,Cleaners,Handwash,99,44,N,250 ml,Matched,13808.61,8008,0.42007197,5.155159412,3122.01,0.027472527
2024-03-01,Zepto,West,BEC-TIS-001,240,240,22800,5993.06,1774.64,12,12,Bamboo Facial Tissue 100s,Tissues,Facial,95,42,N,100 pulls,Matched,16806.94,10080,0.400247755,9.470619393,4952.3,0.05
2024-05-01,Amazon,West,BEC-BW-001,195,195,42900,10348.6,3158.24,11,11,Compostable Cling Wrap,Bake & Wrap,Wrap,220,118,N,30 m,Matched,32551.4,23010,0.293117961,10.30681645,6383.16,0.056410256
2024-12-01,Amazon,West,BEC-TIS-001,543,543,51585,8113.56,6275.82,29,29,Bamboo Facial Tissue 100s,Tissues,Facial,95,42,N,100 pulls,Matched,43471.44,22806,0.475379698,6.926814345,14389.62,0.053406998
2025-05-01,Zepto,North,BEC-OTH-001,110,110,16390,2993.99,1388.44,6,6,Bamboo Wet Wipes 72s,Others,Wipes,149,72,N,72 wipes,Matched,13396.01,7920,0.408779181,9.648245513,4087.57,0.054545455
2024-07-01,Amazon,West,BEC-OTH-001,132,132,19668,5753.63,916.89,2,2,Bamboo Wet Wipes 72s,Others,Wipes,149,72,N,72 wipes,Matched,13914.37,9504,0.316965123,15.1756154,3493.48,0.015151515
2024-08-01,Zepto,West,BEC-TIS-001,1840,1840,17480,4545.97,823,5,5,Bamboo Facial Tissue 100s,Tissues,Facial,95,42,N,100 pulls,Matched,12934.03,77280,-4.974935886,15.71571081,-65168.97,0.002717391
2024-10-01,Flipkart,North,BEC-KT-002,156,156,65520,18338.56,6509.7,5,5,Kitchen Towel 6-roll,Kitchen Towel,Towel,420,205,N,6 rolls,Matched,47181.44,31980,0.322191099,7.247867029,8691.74,0.032051282
2025-01-01,Blinkit,West,BEC-OTH-001,150,150,22350,2895.64,1083.05,7,7,Bamboo Wet Wipes 72s,Others,Wipes,149,72,N,72 wipes,Matched,19454.36,10800,0.444854521,17.96256867,7571.31,0.046666667
2024-06-01,Amazon,West,BEC-GB-002,295,295,52805,14307.75,2840.26,10,10,Garbage Bag Large 15s,Garbage Bags,Large,179,86,N,15 bags,Matched,38497.25,25370,0.340991889,13.55412885,10286.99,0.033898305
2025-02-01,Flipkart,West,BEC-KT-001,204,204,32640,5981.99,3234.51,4,4,Kitchen Towel 2-roll,Kitchen Towel,Towel,160,78,N,2 rolls,Matched,26658.01,15912,0.403106233,8.241746045,7511.5,0.019607843
2024-12-01,D2C,West,BEC-TIS-001,258,258,24510,2279.57,1534.57,40,40,Bamboo Facial Tissue 100s,Tissues,Facial,95,42,N,100 pulls,Matched,22230.43,10836,0.512560036,14.48642291,9859.86,0.15503876
2024-06-01,Blinkit,West,BEC-TIS-001,366,366,34770,3329.25,2155.31,17,17,Bamboo Facial Tissue 100s,Tissues,Facial,95,42,N,100 pulls,Matched,31440.75,15372,0.511080365,14.58757673,13913.44,0.046448087
2025-05-01,Blinkit,South,BEC-TIS-002,194,194,34920,9623.94,1927.83,8,8,Bamboo Toilet Roll 4-pack,Tissues,Toilet Roll,180,95,N,4 rolls,Matched,25296.06,18430,0.271428041,13.12152005,4938.23,0.041237113
2024-12-01,Amazon,North,BEC-KT-002,215,215,90300,20562.38,8877.43,12,12,Kitchen Towel 6-roll,Kitchen Towel,Towel,420,205,N,6 rolls,Matched,69737.62,44075,0.367988182,7.855609112,16785.19,0.055813953
2024-04-01,Zepto,North,BEC-CLN-001,264,264,52536,12181.04,8079.85,9,9,Floor Cleaner 1L,Cleaners,Floor Cleaner,199,96,N,1 L,Matched,40354.96,25344,0.371973111,4.994518463,6931.11,0.034090909
2024-02-01,Blinkit,North,BEC-CLN-003,442,442,132158,35836.04,17867.7,20,20,Laundry Liquid 1L,Cleaners,Laundry,299,150,N,1 L,Matched,96321.96,66300,0.311683442,5.390842694,12154.26,0.045248869
2024-12-01,Swiggy Instamart,West,BEC-CLN-003,214,214,63986,15551.45,15369.34,7,7,Laundry Liquid 1L,Cleaners,Laundry,299,150,N,1 L,Matched,48434.55,32100,0.337249959,3.15137475,965.21,0.03271028
2024-01-01,D2C,North,BEC-GB-002,153,153,27387,808.36,2689.58,15,15,Garbage Bag Large 15s,Garbage Bags,Large,179,86,N,15 bags,Matched,26578.64,13158,0.50494081,9.882078243,10731.06,0.098039216
2024-04-01,D2C,West,BEC-CLN-003,251,251,75049,3994.92,18663.69,26,26,Laundry Liquid 1L,Cleaners,Laundry,299,150,N,1 L,Matched,71054.08,37650,0.470121913,3.807075664,14740.39,0.103585657
2025-03-01,Amazon,South,BEC-GB-002,415,415,74285,9493.21,9617.44,22,22,Garbage Bag Large 15s,Garbage Bags,Large,179,86,N,15 bags,Matched,64791.79,35690,0.449158605,6.736906079,19484.35,0.053012048
2024-07-01,Zepto,West,BEC-TIS-001,212,212,20140,5910.06,1775.85,11,11,Bamboo Facial Tissue 100s,Tissues,Facial,95,42,N,100 pulls,Matched,14229.94,8904,0.374277052,8.01303038,3550.09,0.051886792
2024-11-01,Zepto,North,BEC-GB-001,225,225,33525,9754.3,3435.01,7,7,Garbage Bag Medium 30s,Garbage Bags,Medium,149,70,N,30 bags,Matched,23770.7,15750,0.337419596,6.920125414,4585.69,0.031111111
2025-05-01,Amazon,West,BEC-CLN-001,733,733,145867,33811.83,31756.11,18,18,Floor Cleaner 1L,Cleaners,Floor Cleaner,199,96,N,1 L,Matched,112055.17,70368,0.37202362,3.528617642,9931.06,0.024556617
2024-06-01,Flipkart,North,BEC-KT-002,169,169,70980,9972.39,8054.73,5,5,Kitchen Towel 6-roll,Kitchen Towel,Towel,420,205,N,6 rolls,Matched,61007.61,34645,0.432120026,7.574134701,18307.88,0.029585799
2024-01-01,D2C,West,BEC-KT-001,219,219,35040,4584.69,3977.7,34,34,Kitchen Towel 2-roll,Kitchen Towel,Towel,160,78,N,2 rolls,Matched,30455.31,17082,0.439112588,7.656512558,9395.61,0.155251142
2024-01-01,Zepto,West,BEC-BW-002,118,118,20650,3096.19,1786.79,4,4,Parchment Paper Roll,Bake & Wrap,Bake,175,92,N,20 m,Matched,17553.81,10856,0.381558761,9.824215493,4911.02,0.033898305
2025-01-01,Swiggy Instamart,West,BEC-GB-001,219,219,32631,3045.08,2527.06,5,5,Garbage Bag Medium 30s,Garbage Bags,Medium,149,70,N,30 bags,Matched,29585.92,15330,0.481848122,11.70764446,11728.86,0.02283105
2025-06-01,Swiggy Instamart,South,BEC-TIS-001,150,150,14250,3786.51,1360.27,6,6,Bamboo Facial Tissue 100s,Tissues,Facial,95,42,N,100 pulls,Matched,10463.49,6300,0.397906435,7.692215516,2803.22,0.04
2025-01-01,Swiggy Instamart,South,BEC-TIS-002,175,175,31500,3788.1,2037,7,7,Bamboo Toilet Roll 4-pack,Tissues,Toilet Roll,180,95,N,4 rolls,Matched,27711.9,16625,0.400077223,13.60427099,9049.9,0.04
2025-05-01,Zepto,North,BEC-TIS-001,273,273,25935,7764.79,1889.91,9,9,Bamboo Facial Tissue 100s,Tissues,Facial,95,42,N,100 pulls,Matched,18170.21,11466,0.368967117,9.61432555,4814.3,0.032967033
2024-07-01,Blinkit,South,BEC-BW-001,83,83,18260,3983.22,1958.07,4,4,Compostable Cling Wrap,Bake & Wrap,Wrap,220,118,N,30 m,Matched,14276.78,9794,0.31399097,7.291251079,2524.71,0.048192771
2024-12-01,Blinkit,North,BEC-CLN-001,403,403,80197,14828.68,18702.05,19,19,Floor Cleaner 1L,Cleaners,Floor Cleaner,199,96,N,1 L,Matched,65368.32,38688,0.408153674,3.495248917,7978.27,0.047146402
2024-03-01,Flipkart,North,BEC-CMB-001,40,40,27960,6757.78,2831.64,1,1,Home Cleaning Combo,Others,Combo,699,330,Y,4 items,Matched,21202.22,13200,0.377423685,7.48761142,5170.58,0.025
2024-09-01,Zepto,South,BEC-BW-001,82,82,18040,4155.51,1922.53,3,3,Compostable Cling Wrap,Bake & Wrap,Wrap,220,118,N,30 m,Matched,13884.49,9676,0.30310728,7.221988734,2285.96,0.036585366
2025-02-01,D2C,West,BEC-TIS-001,199,199,18905,2457.91,1925.92,18,18,Bamboo Facial Tissue 100s,Tissues,Facial,95,42,N,100 pulls,Matched,16447.09,8358,0.491824998,8.539861469,6163.17,0.090452261
2024-12-01,Flipkart,West,BEC-TIS-002,249,249,44820,11446.8,3259.23,6,6,Bamboo Toilet Roll 4-pack,Tissues,Toilet Roll,180,95,N,4 rolls,Matched,33373.2,23655,0.291197728,10.23959647,6458.97,0.024096386
2024-05-01,Swiggy Instamart,West,BEC-TIS-002,250,250,45000,10643.69,2941.74,13,13,Bamboo Toilet Roll 4-pack,Tissues,Toilet Roll,180,95,N,4 rolls,Matched,34356.31,23750,0.308715051,11.67890772,7664.57,0.052
2025-03-01,D2C,South,BEC-CLN-004,213,213,21087,910.3,4490.14,27,27,Handwash 250ml,Cleaners,Handwash,99,44,N,250 ml,Matched,20176.7,9372,0.535503824,4.493556994,6314.56,0.126760563
2025-04-01,Blinkit,West,BEC-TIS-001,364,364,34580,5665.22,4010.18,8,8,Bamboo Facial Tissue 100s,Tissues,Facial,95,42,N,100 pulls,Matched,28914.78,15288,0.471273861,7.210344673,9616.6,0.021978022
2024-12-01,Swiggy Instamart,North,BEC-GB-002,159,159,28461,6071.34,3065.01,4,4,Garbage Bag Large 15s,Garbage Bags,Large,179,86,N,15 bags,Matched,22389.66,13674,0.389271655,7.304922333,5650.65,0.025157233
2025-01-01,Zepto,North,BEC-CLN-002,250,250,46250,8856.33,10886.92,14,14,Dishwash Liquid 750ml,Cleaners,Dishwash,185,88,N,750 ml,Matched,37393.67,22000,0.411665129,3.434733607,4506.75,0.056
2025-03-01,Zepto,South,BEC-BW-002,134,134,23450,1295.34,3053.78,4,4,Parchment Paper Roll,Bake & Wrap,Bake,175,92,N,20 m,Matched,22154.66,12328,0.44354822,7.254831717,6772.88,0.029850746
2024-05-01,Flipkart,South,BEC-TIS-002,172,172,30960,2647.69,3623.91,8,8,Bamboo Toilet Roll 4-pack,Tissues,Toilet Roll,180,95,N,4 rolls,Matched,28312.31,16340,0.422865884,7.812641594,8348.4,0.046511628
2024-08-01,Flipkart,North,BEC-BW-002,72,72,12600,3331.38,1140.07,3,3,Parchment Paper Roll,Bake & Wrap,Bake,175,92,N,20 m,Matched,9268.62,6624,0.285330502,8.129869219,1504.55,0.041666667
2024-03-01,Blinkit,West,BEC-KT-001,381,381,60960,14362.95,3922.28,13,13,Kitchen Towel 2-roll,Kitchen Towel,Towel,160,78,N,2 rolls,Matched,46597.05,29718,0.362234305,11.8800927,12956.77,0.034120735
2024-12-01,Blinkit,South,BEC-KT-002,209,209,87780,17883.66,7563.48,9,9,Kitchen Towel 6-roll,Kitchen Towel,Towel,420,205,N,6 rolls,Matched,69896.34,42845,0.387020837,9.24129369,19487.86,0.043062201
2025-06-01,Amazon,South,BEC-CLN-001,370,370,73630,6926.98,16640.08,17,17,Floor Cleaner 1L,Cleaners,Floor Cleaner,199,96,N,1 L,Matched,66703.02,35520,0.467490377,4.00857568,14542.94,0.045945946
2025-02-01,Swiggy Instamart,West,BEC-OTH-001,113,113,16837,1695.6,2179.56,6,6,Bamboo Wet Wipes 72s,Others,Wipes,149,72,N,72 wipes,Matched,15141.4,8136,0.462665275,6.946998477,4825.84,0.053097345
2024-05-01,Swiggy Instamart,South,BEC-BW-001,74,74,16280,3539.44,638.95,1,1,Compostable Cling Wrap,Bake & Wrap,Wrap,220,118,N,30 m,Matched,12740.56,8732,0.314629812,19.9398388,3369.61,0.013513514
2024-04-01,D2C,North,BEC-CLN-003,160,160,47840,2397.88,10679.31,24,24,Laundry Liquid 1L,Cleaners,Laundry,299,150,N,1 L,Matched,45442.12,24000,0.471855626,4.255155062,10762.81,0.15
2024-09-01,Flipkart,North,BEC-CMB-001,19,19,13281,1884.93,1612.68,0,0,Home Cleaning Combo,Others,Combo,699,330,Y,4 items,Matched,11396.07,6270,0.449810329,7.066541409,3513.39,0
2024-10-01,Blinkit,South,BEC-KT-002,137,137,57540,10015.74,4027.64,7,7,Kitchen Towel 6-roll,Kitchen Towel,Towel,420,205,N,6 rolls,Matched,47524.26,28085,0.409038668,11.79953025,15411.62,0.051094891
2024-07-01,Blinkit,North,BEC-CLN-002,325,325,60125,5995.97,15174.76,13,13,Dishwash Liquid 750ml,Cleaners,Dishwash,185,88,N,750 ml,Matched,54129.03,28600,0.471632874,3.567043564,10354.27,0.04
2024-12-01,Flipkart,West,BEC-CLN-004,403,403,39897,8680.7,6683.6,8,8,Handwash 250ml,Cleaners,Handwash,99,44,N,250 ml,Matched,31216.3,17732,0.431963429,4.670581722,6800.7,0.019851117
2024-09-01,Swiggy Instamart,South,BEC-KT-002,86,86,36120,3636.74,4294.94,3,3,Kitchen Towel 6-roll,Kitchen Towel,Towel,420,205,N,6 rolls,Matched,32483.26,17630,0.457258908,7.5631464,10558.32,0.034883721
2025-06-01,Amazon,South,BEC-GB-002,286,286,51194,3487.71,6662.33,9,9,Garbage Bag Large 15s,Garbage Bags,Large,179,86,N,15 bags,Matched,47706.29,24596,0.484428573,7.160601471,16447.96,0.031468531
2025-04-01,Blinkit,West,BEC-CMB-001,71,71,49629,9282.36,4442.55,3,3,Home Cleaning Combo,Others,Combo,699,330,Y,4 items,Matched,40346.64,23430,0.419282498,9.081865145,12474.09,0.042253521
2025-04-01,Swiggy Instamart,South,BEC-BW-001,61,61,13420,2928.29,544.97,3,3,Compostable Cling Wrap,Bake & Wrap,Wrap,220,118,N,30 m,Matched,10491.71,7198,0.313934525,19.25190377,2748.74,0.049180328
2025-03-01,Swiggy Instamart,North,BEC-OTH-001,60,60,8940,652.1,1170.21,2,2,Bamboo Wet Wipes 72s,Others,Wipes,149,72,N,72 wipes,Matched,8287.9,4320,0.47875819,7.082404013,2797.69,0.033333333
2024-08-01,Swiggy Instamart,North,BEC-KT-002,115,115,48300,12646.45,4611.91,6,6,Kitchen Towel 6-roll,Kitchen Towel,Towel,420,205,N,6 rolls,Matched,35653.55,23575,0.338775522,7.730755804,7466.64,0.052173913
2024-08-01,Zepto,South,BEC-BW-001,93,93,20460,1890.21,1100.68,1,1,Compostable Cling Wrap,Bake & Wrap,Wrap,220,118,N,30 m,Matched,18569.79,10974,0.409040167,16.8711978,6495.11,0.010752688
2024-02-01,Amazon,South,BEC-OTH-001,99,99,14751,3578.76,1353.65,2,2,Bamboo Wet Wipes 72s,Others,Wipes,149,72,N,72 wipes,Matched,11172.24,7128,0.361990075,8.253418535,2690.59,0.02020202
2024-03-01,Amazon,South,BEC-KT-001,306,306,48960,12350.28,4479.85,11,11,Kitchen Towel 2-roll,Kitchen Towel,Towel,160,78,N,2 rolls,Matched,36609.72,23868,0.348041995,8.172086119,8261.87,0.035947712
2025-06-01,Amazon,South,BEC-GB-001,284,284,42316,3513.62,3918.39,15,15,Garbage Bag Medium 30s,Garbage Bags,Medium,149,70,N,30 bags,Matched,38802.38,19880,0.487660293,9.90263348,15003.99,0.052816901
2025-01-01,Zepto,West,BEC-GB-002,267,267,47793,5924.22,5143.82,14,14,Garbage Bag Large 15s,Garbage Bags,Large,179,86,N,15 bags,Matched,41868.78,22962,0.451572269,8.139627747,13762.96,0.052434457
2025-04-01,Flipkart,North,BEC-BW-002,140,140,24500,5655.18,1163.55,3,3,Parchment Paper Roll,Bake & Wrap,Bake,175,92,N,20 m,Matched,18844.82,12880,0.316523055,16.19596923,4801.27,0.021428571
2024-12-01,D2C,North,BEC-OTH-001,58,58,8642,453.08,1121.68,9,9,Bamboo Wet Wipes 72s,Others,Wipes,149,72,N,72 wipes,Matched,8188.92,4176,0.490042643,7.300584837,2891.24,0.155172414
2024-06-01,D2C,North,BEC-BW-001,88,88,19360,1576.89,2659.79,12,12,Compostable Cling Wrap,Bake & Wrap,Wrap,220,118,N,30 m,Matched,17783.11,10384,0.416075141,6.685907534,4739.32,0.136363636
2025-04-01,Amazon,South,BEC-CMB-001,60,60,41940,10288.23,3083.47,2,2,Home Cleaning Combo,Others,Combo,699,330,Y,4 items,Matched,31651.77,19800,0.374442567,10.26498393,8768.3,0.033333333
2025-06-01,D2C,North,BEC-OTH-001,62,62,9238,813.35,1041.41,5,5,Bamboo Wet Wipes 72s,Others,Wipes,149,72,N,72 wipes,Matched,8424.65,4464,0.470126355,8.089657292,2919.24,0.080645161
2024-02-01,Swiggy Instamart,West,BEC-CLN-001,254,254,50546,5423.7,15037.76,10,10,Floor Cleaner 1L,Cleaners,Floor Cleaner,199,96,N,1 L,Matched,45122.3,24384,0.459602015,3.000599823,5700.54,0.039370079
2024-03-01,Zepto,North,BEC-CLN-002,264,264,48840,7361.13,9341.58,7,7,Dishwash Liquid 750ml,Cleaners,Dishwash,185,88,N,750 ml,Matched,41478.87,23232,0.439907596,4.440241372,8905.29,0.026515152
2024-04-01,Amazon,West,BEC-GB-002,522,522,93438,15328.88,10650.85,18,18,Garbage Bag Large 15s,Garbage Bags,Large,179,86,N,15 bags,Matched,78109.12,44892,0.425265577,7.33360436,22566.27,0.034482759
2025-05-01,Blinkit,South,BEC-CLN-004,349,349,34551,10213.99,6627.43,13,13,Handwash 250ml,Cleaners,Handwash,99,44,N,250 ml,Matched,24337.01,15356,0.369026844,3.672164021,2353.58,0.037249284
2024-11-01,Zepto,West,BEC-CLN-003,263,263,78637,9860.36,17568.83,8,8,Laundry Liquid 1L,Cleaners,Laundry,299,150,N,1 L,Matched,68776.64,39450,0.426404081,3.914696653,11757.81,0.030418251
2024-11-01,Swiggy Instamart,South,BEC-TIS-001,101,101,9595,1685.67,502.53,3,3,Bamboo Facial Tissue 100s,Tissues,Facial,95,42,N,100 pulls,Matched,7909.33,4242,0.463671386,15.73902056,3164.8,0.02970297
2024-05-01,Blinkit,South,BEC-TIS-002,200,200,36000,8361.99,1951.41,8,8,Bamboo Toilet Roll 4-pack,Tissues,Toilet Roll,180,95,N,4 rolls,Matched,27638.01,19000,0.312540954,14.16309745,6686.6,0.04
2024-06-01,Zepto,West,BEC-CLN-001,456,456,90744,22217.53,17981.04,19,19,Floor Cleaner 1L,Cleaners,Floor Cleaner,199,96,N,1 L,Matched,68526.47,43776,0.361181161,3.811040407,6769.43,0.041666667
2024-07-01,Zepto,West,BEC-TIS-002,284,284,51120,4692.83,2758.4,8,8,Bamboo Toilet Roll 4-pack,Tissues,Toilet Roll,180,95,N,4 rolls,Matched,46427.17,26980,0.418874767,16.83119562,16688.77,0.028169014
2025-05-01,Zepto,North,BEC-CMB-001,35,35,24465,1610.71,3062.12,1,1,Home Cleaning Combo,Others,Combo,699,330,Y,4 items,Matched,22854.29,11550,0.494624423,7.463551396,8242.17,0.028571429
2025-02-01,Zepto,South,BEC-CLN-003,243,243,72657,19103.66,0,5,5,Laundry Liquid 1L,Cleaners,Laundry,299,150,N,1 L,Matched,53553.34,36450,0.319370183,,17103.34,0.020576132
2024-05-01,Amazon,South,BEC-TIS-002,349,349,62820,9909.6,5991.82,12,12,Bamboo Toilet Roll 4-pack,Tissues,Toilet Roll,180,95,N,4 rolls,Matched,52910.4,33155,0.373374611,8.830438832,13763.58,0.034383954
2024-01-01,Zepto,North,BEC-BW-001,96,96,21120,4865.9,1780.75,5,5,Compostable Cling Wrap,Bake & Wrap,Wrap,220,118,N,30 m,Matched,16254.1,11328,0.303068149,9.127670925,3145.35,0.052083333
2025-06-01,Amazon,North,BEC-CLN-004,405,405,40095,7395.58,8567.4,9,9,Handwash 250ml,Cleaners,Handwash,99,44,N,250 ml,Matched,32699.42,17820,0.455036206,3.816726195,6312.02,0.022222222
2025-06-01,Swiggy Instamart,North,BEC-CLN-004,210,210,20790,4652.4,5139.04,7,7,Handwash 250ml,Cleaners,Handwash,99,44,N,250 ml,Matched,16137.6,9240,0.427424152,3.140197391,1758.56,0.033333333
2024-01-01,Zepto,South,BEC-TIS-001,185,185,17575,4322.72,1452.07,7,7,Bamboo Facial Tissue 100s,Tissues,Facial,95,42,N,100 pulls,Matched,13252.28,7770,0.413685796,9.126474619,4030.21,0.037837838
2024-10-01,Swiggy Instamart,West,BEC-GB-001,114,114,16986,5078.02,1683.38,4,4,Garbage Bag Medium 30s,Garbage Bags,Medium,149,70,N,30 bags,Matched,11907.98,7980,0.329861152,7.073851418,2244.6,0.035087719
2024-08-01,D2C,North,BEC-TIS-002,123,123,22140,2478.28,2498.84,15,15,Bamboo Toilet Roll 4-pack,Tissues,Toilet Roll,180,95,N,4 rolls,Matched,19661.72,11685,0.405697976,7.868338909,5477.88,0.12195122
2024-05-01,Amazon,North,BEC-CLN-001,609,609,121191,23964.76,25943.92,22,22,Floor Cleaner 1L,Cleaners,Floor Cleaner,199,96,N,1 L,Matched,97226.24,58464,0.39868085,3.747553955,12818.32,0.036124795
2024-02-01,Flipkart,West,BEC-CLN-002,366,366,67710,5036.75,12973.28,17,17,Dishwash Liquid 750ml,Cleaners,Dishwash,185,88,N,750 ml,Matched,62673.25,32208,0.48609654,4.830948688,17491.97,0.046448087
2024-03-01,Blinkit,West,BEC-BW-002,209,209,36575,5914.84,3076.35,12,12,Parchment Paper Roll,Bake & Wrap,Bake,175,92,N,20 m,Matched,30660.16,19228,0.372866939,9.966408244,8355.81,0.057416268
2024-07-01,D2C,North,BEC-KT-002,108,108,45360,3874.21,5559.14,14,14,Kitchen Towel 6-roll,Kitchen Towel,Towel,420,205,N,6 rolls,Matched,41485.79,22140,0.466323288,7.462627313,13786.65,0.12962963
2024-02-01,Blinkit,North,BEC-KT-001,233,233,37280,11051.91,2152.35,8,8,Kitchen Towel 2-roll,Kitchen Towel,Towel,160,78,N,2 rolls,Matched,26228.09,18174,0.307078785,12.18579227,5901.74,0.034334764
2024-10-01,Swiggy Instamart,North,BEC-BW-002,60,60,10500,2531.13,713.9,3,3,Parchment Paper Roll,Bake & Wrap,Bake,175,92,N,20 m,Matched,7968.87,5520,0.307304549,11.16244572,1734.97,0.05
2024-02-01,Amazon,West,BEC-CLN-001,592,592,117808,23411.25,17061.49,24,24,Floor Cleaner 1L,Cleaners,Floor Cleaner,199,96,N,1 L,Matched,94396.75,56832,0.397945374,5.532737762,20503.26,0.040540541
2025-06-01,Flipkart,North,BEC-TIS-002,214,214,38520,4346.1,4898.35,6,6,Bamboo Toilet Roll 4-pack,Tissues,Toilet Roll,180,95,N,4 rolls,Matched,34173.9,20330,0.405101554,6.976614574,8945.55,0.028037383
2024-12-01,Blinkit,South,BEC-GB-001,169,169,25181,6853.72,1227.63,8,8,Garbage Bag Medium 30s,Garbage Bags,Medium,149,70,N,30 bags,Matched,18327.28,11830,0.354514145,14.92899326,5269.65,0.047337278
2025-04-01,Zepto,South,BEC-KT-001,203,203,32480,1812.37,3642.01,9,9,Kitchen Towel 2-roll,Kitchen Towel,Towel,160,78,N,2 rolls,Matched,30667.63,15834,0.483690132,8.420523282,11191.62,0.044334975
2024-12-01,Amazon,South,BEC-CLN-002,467,467,86395,15491.07,13810.43,21,21,Dishwash Liquid 750ml,Cleaners,Dishwash,185,88,N,750 ml,Matched,70903.93,41096,0.420398841,5.134085615,15997.5,0.04496788
2024-06-01,Swiggy Instamart,North,BEC-BW-001,78,78,17160,1538.73,1622.18,4,4,Compostable Cling Wrap,Bake & Wrap,Wrap,220,118,N,30 m,Matched,15621.27,9204,0.410803347,9.629800639,4795.09,0.051282051
2024-07-01,D2C,West,BEC-CLN-003,177,177,52923,1417.01,15210.82,24,24,Laundry Liquid 1L,Cleaners,Laundry,299,150,N,1 L,Matched,51505.99,26550,0.484525975,3.386141576,9745.17,0.13559322
2024-05-01,Flipkart,South,BEC-GB-002,150,150,26850,7985.62,2827.59,7,7,Garbage Bag Large 15s,Garbage Bags,Large,179,86,N,15 bags,Matched,18864.38,12900,0.316171536,6.671540075,3136.79,0.046666667
2025-01-01,Swiggy Instamart,West,BEC-TIS-002,246,246,44280,13039.69,2720.56,6,6,Bamboo Toilet Roll 4-pack,Tissues,Toilet Roll,180,95,N,4 rolls,Matched,31240.31,23370,0.251928038,11.48304393,5149.75,0.024390244
2024-03-01,Blinkit,South,BEC-GB-002,167,167,29893,8286.16,2053.17,8,8,Garbage Bag Large 15s,Garbage Bags,Large,179,86,N,15 bags,Matched,21606.84,14362,0.33530308,10.5236488,5191.67,0.047904192
2024-04-01,D2C,North,BEC-TIS-002,213,213,38340,5211.44,4652.09,27,27,Bamboo Toilet Roll 4-pack,Tissues,Toilet Roll,180,95,N,4 rolls,Matched,33128.56,20235,0.389197719,7.121220785,8241.47,0.126760563
2024-11-01,Flipkart,West,BEC-CMB-001,26,26,18174,4706.63,1859.5,1,1,Home Cleaning Combo,Others,Combo,699,330,Y,4 items,Matched,13467.37,8580,0.362904561,7.242468405,3027.87,0.038461538
2024-07-01,Zepto,South,BEC-TIS-002,190,190,34200,4998.96,4249.81,10,10,Bamboo Toilet Roll 4-pack,Tissues,Toilet Roll,180,95,N,4 rolls,Matched,29201.04,18050,0.381871331,6.871140122,6901.23,0.052631579
2025-06-01,Flipkart,West,BEC-OTH-001,83,83,12367,3131.58,999.25,3,3,Bamboo Wet Wipes 72s,Others,Wipes,149,72,N,72 wipes,Matched,9235.42,5976,0.352926017,9.242351764,2260.17,0.036144578
2024-07-01,Swiggy Instamart,North,BEC-BW-002,53,53,9275,1852.92,601.35,2,2,Parchment Paper Roll,Bake & Wrap,Bake,175,92,N,20 m,Matched,7422.08,4876,0.343041304,12.34236302,1944.73,0.037735849
2025-05-01,Swiggy Instamart,North,BEC-GB-001,114,114,16986,4539.8,1813.73,6,6,Garbage Bag Medium 30s,Garbage Bags,Medium,149,70,N,30 bags,Matched,12446.2,7980,0.358840449,6.862212126,2652.47,0.052631579
2024-05-01,Flipkart,North,BEC-TIS-001,209,209,19855,2014.88,2180.08,11,11,Bamboo Facial Tissue 100s,Tissues,Facial,95,42,N,100 pulls,Matched,17840.12,8778,0.507962951,8.183240982,6882.04,0.052631579
2025-06-01,Flipkart,South,BEC-BW-001,82,82,18040,2166.6,2250.43,3,3,Compostable Cling Wrap,Bake & Wrap,Wrap,220,118,N,30 m,Matched,15873.4,9676,0.390426752,7.053496443,3946.97,0.036585366
2024-11-01,D2C,South,BEC-BW-002,52,52,9100,1309.84,855.83,5,5,Parchment Paper Roll,Bake & Wrap,Bake,175,92,N,20 m,Matched,7790.16,4784,0.385891946,9.102461938,2150.33,0.096153846
2025-03-01,Swiggy Instamart,West,BEC-CMB-001,27,27,18873,2733.89,1513.74,1,1,Home Cleaning Combo,Others,Combo,699,330,Y,4 items,Matched,16139.11,8910,0.447924948,10.66174508,5715.37,0.037037037
2024-07-01,Amazon,South,BEC-CMB-001,41,41,28659,6762,1715.87,2,2,Home Cleaning Combo,Others,Combo,699,330,Y,4 items,Matched,21897,13530,0.382107138,12.76145629,6651.13,0.048780488
2025-06-01,Blinkit,West,BEC-TIS-001,352,352,33440,9885.34,2805.64,15,15,Bamboo Facial Tissue 100s,Tissues,Facial,95,42,N,100 pulls,Matched,23554.66,14784,0.372353496,8.395467701,5965.02,0.042613636
2025-06-01,Flipkart,South,BEC-KT-001,114,114,18240,3365.1,1304.96,4,4,Kitchen Towel 2-roll,Kitchen Towel,Towel,160,78,N,2 rolls,Matched,14874.9,8892,0.402214469,11.39874019,4677.94,0.035087719
2024-01-01,Zepto,West,BEC-KT-001,226,226,36160,2272.3,4220.16,12,12,Kitchen Towel 2-roll,Kitchen Towel,Towel,160,78,N,2 rolls,Matched,33887.7,17628,0.479811259,8.02995621,12039.54,0.053097345
2024-06-01,Blinkit,North,BEC-BW-002,114,114,19950,5456.36,1920.72,5,5,Parchment Paper Roll,Bake & Wrap,Bake,175,92,N,20 m,Matched,14493.64,10488,0.276372257,7.545941105,2084.92,0.043859649
2024-07-01,Flipkart,West,BEC-CLN-004,241,241,23859,4928.76,4799.81,13,13,Handwash 250ml,Cleaners,Handwash,99,44,N,250 ml,Matched,18930.24,10604,0.439838058,3.943956115,3526.43,0.053941909
2024-07-01,Zepto,West,BEC-OTH-001,102,102,15198,3572.57,1217.29,5,5,Bamboo Wet Wipes 72s,Others,Wipes,149,72,N,72 wipes,Matched,11625.43,7344,0.368281431,9.550255075,3064.14,0.049019608
2024-11-01,Flipkart,South,BEC-CMB-001,18,18,12582,665.69,1600.45,0,0,Home Cleaning Combo,Others,Combo,699,330,Y,4 items,Matched,11916.31,5940,0.501523542,7.445599675,4375.86,0
2025-04-01,Zepto,North,BEC-GB-001,179,179,26671,4974.25,1100.56,5,5,Garbage Bag Medium 30s,Garbage Bags,Medium,149,70,N,30 bags,Matched,21696.75,12530,0.422494152,19.71428182,8066.19,0.027932961
2024-07-01,Amazon,South,BEC-BW-002,96,96,16800,1052.05,944.08,2,2,Parchment Paper Roll,Bake & Wrap,Bake,175,92,N,20 m,Matched,15747.95,8832,0.439165098,16.6807368,5971.87,0.020833333
2024-07-01,Blinkit,South,BEC-CLN-003,215,215,64285,7421.76,18524.99,5,5,Laundry Liquid 1L,Cleaners,Laundry,299,150,N,1 L,Matched,56863.24,32250,0.432849764,3.069542278,6088.25,0.023255814
2024-10-01,Zepto,South,BEC-CLN-003,168,168,50232,13356.15,7252.95,9,9,Laundry Liquid 1L,Cleaners,Laundry,299,150,N,1 L,Matched,36875.85,25200,0.316625922,5.084255372,4422.9,0.053571429
2024-06-01,Zepto,South,BEC-CLN-003,294,294,87906,20278.98,17650.65,15,15,Laundry Liquid 1L,Cleaners,Laundry,299,150,N,1 L,Matched,67627.02,44100,0.347893786,3.831418106,5876.37,0.051020408
2025-06-01,Zepto,West,BEC-KT-001,322,322,51520,4388.25,4909.78,13,13,Kitchen Towel 2-roll,Kitchen Towel,Towel,160,78,N,2 rolls,Matched,47131.75,25116,0.467110812,9.599564543,17105.97,0.040372671
2025-04-01,Zepto,South,BEC-GB-002,199,199,35621,7056.55,3359.52,8,8,Garbage Bag Large 15s,Garbage Bags,Large,179,86,N,15 bags,Matched,28564.45,17114,0.400863661,8.502539053,8090.93,0.040201005
2025-02-01,Blinkit,South,BEC-KT-002,258,258,108360,15124.66,11423.24,12,12,Kitchen Towel 6-roll,Kitchen Towel,Towel,420,205,N,6 rolls,Matched,93235.34,52890,0.432725831,8.161899776,28922.1,0.046511628
2024-05-01,Blinkit,North,BEC-BW-001,130,130,28600,2468.19,2645.16,6,6,Compostable Cling Wrap,Bake & Wrap,Wrap,220,118,N,30 m,Matched,26131.81,15340,0.412975986,9.879103722,8146.65,0.046153846
2025-03-01,Amazon,West,BEC-CLN-002,879,879,162615,44662.66,38922.7,38,38,Dishwash Liquid 750ml,Cleaners,Dishwash,185,88,N,750 ml,Matched,117952.34,77352,0.344209704,3.030425433,1677.64,0.043230944
2024-10-01,Blinkit,South,BEC-CMB-001,27,27,18873,5612.46,1196.17,1,1,Home Cleaning Combo,Others,Combo,699,330,Y,4 items,Matched,13260.54,8910,0.328081662,11.08583228,3154.37,0.037037037
2024-09-01,Swiggy Instamart,North,BEC-OTH-001,40,40,5960,895.48,601.55,1,1,Bamboo Wet Wipes 72s,Others,Wipes,149,72,N,72 wipes,Matched,5064.52,2880,0.431338014,8.41911728,1582.97,0.025
2024-11-01,Flipkart,South,BEC-CLN-002,150,150,27750,7966.18,5092,3,3,Dishwash Liquid 750ml,Cleaners,Dishwash,185,88,N,750 ml,Matched,19783.82,13200,0.332788107,3.885274941,1491.82,0.02
2025-01-01,Amazon,South,BEC-OTH-001,113,113,16837,2319.41,884.03,2,2,Bamboo Wet Wipes 72s,Others,Wipes,149,72,N,72 wipes,Matched,14517.59,8136,0.439576404,16.42205581,5497.56,0.017699115
2024-02-01,Amazon,South,BEC-CLN-001,311,311,61889,16566.5,10089.85,11,11,Floor Cleaner 1L,Cleaners,Floor Cleaner,199,96,N,1 L,Matched,45322.5,29856,0.341254344,4.491890365,5376.65,0.035369775
2024-09-01,D2C,South,BEC-CLN-002,171,171,31635,717.86,9032.64,26,26,Dishwash Liquid 750ml,Cleaners,Dishwash,185,88,N,750 ml,Matched,30917.14,15048,0.513279689,3.422824335,6836.5,0.152046784
2024-02-01,Blinkit,North,BEC-CLN-004,385,385,38115,7892.18,9339.24,8,8,Handwash 250ml,Cleaners,Handwash,99,44,N,250 ml,Matched,30222.82,16940,0.439496381,3.23611129,3943.58,0.020779221
2025-03-01,Zepto,West,BEC-OTH-001,169,169,25181,3021.62,1764.86,4,4,Bamboo Wet Wipes 72s,Others,Wipes,149,72,N,72 wipes,Matched,22159.38,12168,0.450887164,12.55588545,8226.52,0.023668639
2024-01-01,Amazon,North,BEC-BW-002,158,158,27650,3132.11,1562.41,6,6,Parchment Paper Roll,Bake & Wrap,Bake,175,92,N,20 m,Matched,24517.89,14536,0.407126796,15.69235348,8419.48,0.037974684
2024-12-01,Zepto,North,BEC-OTH-001,68,68,10132,2322.7,808.94,1,1,Bamboo Wet Wipes 72s,Others,Wipes,149,72,N,72 wipes,Matched,7809.3,4896,0.373055203,9.653744406,2104.36,0.014705882
2024-10-01,Swiggy Instamart,South,BEC-KT-002,92,92,38640,6849.76,1951.9,2,2,Kitchen Towel 6-roll,Kitchen Towel,Towel,420,205,N,6 rolls,Matched,31790.24,18860,0.406736155,16.28681797,10978.34,0.02173913
2025-02-01,Amazon,South,BEC-BW-001,158,158,34760,8154.09,2697.62,3,3,Compostable Cling Wrap,Bake & Wrap,Wrap,220,118,N,30 m,Matched,26605.91,18644,0.299253437,9.862734559,5264.29,0.018987342
2025-06-01,Blinkit,North,BEC-CMB-001,34,34,23766,3102.35,1224.36,1,1,Home Cleaning Combo,Others,Combo,699,330,Y,4 items,Matched,20663.65,11220,0.457017516,16.87710314,8219.29,0.029411765
2024-02-01,Flipkart,North,BEC-BW-001,106,106,23320,4949.28,1663.13,4,4,Compostable Cling Wrap,Bake & Wrap,Wrap,220,118,N,30 m,Matched,18370.72,12508,0.319133926,11.04587134,4199.59,0.037735849
2024-03-01,D2C,West,BEC-CLN-004,287,287,28413,757.19,6325.39,45,45,Handwash 250ml,Cleaners,Handwash,99,44,N,250 ml,Matched,27655.81,12628,0.543387086,4.372190489,8702.42,0.156794425
2024-06-01,D2C,North,BEC-CLN-003,260,260,77740,6818.97,13876.37,37,37,Laundry Liquid 1L,Cleaners,Laundry,299,150,N,1 L,Matched,70921.03,39000,0.450092589,5.11092094,18044.66,0.142307692
2024-11-01,Blinkit,West,BEC-GB-002,244,244,43676,3479.93,5194.21,5,5,Garbage Bag Large 15s,Garbage Bags,Large,179,86,N,15 bags,Matched,40196.07,20984,0.477958915,7.738630129,14017.86,0.020491803
2024-09-01,Amazon,West,BEC-CLN-002,493,493,91205,5965.2,21163.5,21,21,Dishwash Liquid 750ml,Cleaners,Dishwash,185,88,N,750 ml,Matched,85239.8,43384,0.491035878,4.027679732,20692.3,0.042596349
2024-07-01,Flipkart,West,BEC-CMB-001,24,24,16776,1064.04,1582.34,1,1,Home Cleaning Combo,Others,Combo,699,330,Y,4 items,Matched,15711.96,7920,0.495925397,9.929572658,6209.62,0.041666667
2025-05-01,Flipkart,North,BEC-KT-001,135,135,21600,4695.05,1878.39,4,4,Kitchen Towel 2-roll,Kitchen Towel,Towel,160,78,N,2 rolls,Matched,16904.95,10530,0.377105522,8.999701872,4496.56,0.02962963
2025-01-01,Blinkit,South,BEC-CMB-001,29,29,20271,5299.25,1841.94,1,1,Home Cleaning Combo,Others,Combo,699,330,Y,4 items,Matched,14971.75,9570,0.360796166,8.128250649,3559.81,0.034482759
2024-05-01,Blinkit,North,BEC-TIS-001,253,253,24035,5315.74,1704.56,12,12,Bamboo Facial Tissue 100s,Tissues,Facial,95,42,N,100 pulls,Matched,18719.26,10626,0.432349356,10.98187215,6388.7,0.04743083
2024-07-01,Zepto,South,BEC-KT-001,115,115,18400,2615.56,1114.72,3,3,Kitchen Towel 2-roll,Kitchen Towel,Towel,160,78,N,2 rolls,Matched,15784.44,8970,0.431718832,14.16000431,5699.72,0.026086957
2024-02-01,Amazon,West,BEC-KT-001,483,483,77280,20566.24,5631.77,9,9,Kitchen Towel 2-roll,Kitchen Towel,Towel,160,78,N,2 rolls,Matched,56713.76,37674,0.335716764,10.07032603,13407.99,0.01863354
2024-04-01,Blinkit,West,BEC-BW-001,213,213,46860,7890.21,2499.13,8,8,Compostable Cling Wrap,Bake & Wrap,Wrap,220,118,N,30 m,Matched,38969.79,25134,0.355038865,15.59334248,11336.66,0.037558685
2024-07-01,Swiggy Instamart,South,BEC-KT-002,105,105,44100,13158.29,2613.08,2,2,Kitchen Towel 6-roll,Kitchen Towel,Towel,420,205,N,6 rolls,Matched,30941.71,21525,0.304337091,11.84108791,6803.63,0.019047619
2024-10-01,D2C,West,BEC-TIS-002,179,179,32220,4558.29,3749.13,22,22,Bamboo Toilet Roll 4-pack,Tissues,Toilet Roll,180,95,N,4 rolls,Matched,27661.71,17005,0.385251309,7.378167735,6907.58,0.122905028
2025-06-01,Amazon,North,BEC-GB-001,378,378,56322,15021.29,3588.92,15,15,Garbage Bag Medium 30s,Garbage Bags,Medium,149,70,N,30 bags,Matched,41300.71,26460,0.359333048,11.50783801,11251.79,0.03968254
2024-08-01,D2C,North,BEC-GB-001,150,150,22350,2772.62,2834.92,18,18,Garbage Bag Medium 30s,Garbage Bags,Medium,149,70,N,30 bags,Matched,19577.38,10500,0.463666742,6.905796283,6242.46,0.12
2025-05-01,Blinkit,South,BEC-CLN-003,234,234,69966,12306.76,17756.27,13,13,Laundry Liquid 1L,Cleaners,Laundry,299,150,N,1 L,Matched,57659.24,35100,0.391251081,3.247260827,4802.97,0.055555556
2025-05-01,Zepto,South,BEC-KT-001,156,156,24960,1668.1,1870.31,7,7,Kitchen Towel 2-roll,Kitchen Towel,Towel,160,78,N,2 rolls,Matched,23291.9,12168,0.477586629,12.45349701,9253.59,0.044871795
2024-05-01,Swiggy Instamart,West,BEC-BW-002,111,111,19425,2605.7,1536.34,5,5,Parchment Paper Roll,Bake & Wrap,Bake,175,92,N,20 m,Matched,16819.3,10212,0.392840368,10.9476418,5070.96,0.045045045
2025-02-01,Swiggy Instamart,South,BEC-CMB-001,29,29,20271,4021.79,1152.55,0,0,Home Cleaning Combo,Others,Combo,699,330,Y,4 items,Matched,16249.21,9570,0.411048291,14.09848597,5526.66,0
2024-10-01,Flipkart,North,BEC-GB-002,113,113,20227,4876.41,1616.72,4,4,Garbage Bag Large 15s,Garbage Bags,Large,179,86,N,15 bags,Matched,15350.59,9718,0.36692987,9.494897076,4015.87,0.03539823
2024-05-01,Flipkart,South,BEC-CLN-004,223,223,22077,2298.37,5359.21,8,8,Handwash 250ml,Cleaners,Handwash,99,44,N,250 ml,Matched,19778.63,9812,0.503909017,3.690586859,4607.42,0.035874439
2025-03-01,Zepto,South,BEC-KT-002,232,232,97440,15068.35,6569.79,5,5,Kitchen Towel 6-roll,Kitchen Towel,Towel,420,205,N,6 rolls,Matched,82371.65,47560,0.422616883,12.53794261,28241.86,0.021551724
2024-04-01,Blinkit,North,BEC-BW-001,134,134,29480,8525.38,2001.69,4,4,Compostable Cling Wrap,Bake & Wrap,Wrap,220,118,N,30 m,Matched,20954.62,15812,0.245417001,10.46846415,3140.93,0.029850746
2024-12-01,D2C,North,BEC-CLN-004,278,278,27522,1594.22,7539.52,41,41,Handwash 250ml,Cleaners,Handwash,99,44,N,250 ml,Matched,25927.78,12232,0.528228024,3.438916536,6156.26,0.147482014
2024-02-01,Zepto,North,BEC-KT-001,243,243,38880,9874.54,2331.1,10,10,Kitchen Towel 2-roll,Kitchen Towel,Towel,160,78,N,2 rolls,Matched,29005.46,18954,0.346536824,12.44282099,7720.36,0.041152263
2024-01-01,Amazon,North,BEC-GB-001,388,388,57812,16507.94,3137.42,16,16,Garbage Bag Medium 30s,Garbage Bags,Medium,149,70,N,30 bags,Matched,41304.06,27160,0.342437523,13.16497632,11006.64,0.041237113
2025-05-01,Swiggy Instamart,South,BEC-KT-001,83,83,13280,1265.23,1175.43,4,4,Kitchen Towel 2-roll,Kitchen Towel,Towel,160,78,N,2 rolls,Matched,12014.77,6474,0.461163218,10.2215955,4365.34,0.048192771
2024-06-01,Zepto,South,BEC-TIS-002,178,178,32040,3021.84,1718.31,10,10,Bamboo Toilet Roll 4-pack,Tissues,Toilet Roll,180,95,N,4 rolls,Matched,29018.16,16910,0.417261467,16.88761632,10389.85,0.056179775
2024-04-01,Blinkit,West,BEC-KT-001,314,314,50240,8763.9,6179.27,15,15,Kitchen Towel 2-roll,Kitchen Towel,Towel,160,78,N,2 rolls,Matched,41476.1,24492,0.409491249,6.7121359,10804.83,0.047770701
2024-04-01,Swiggy Instamart,North,BEC-CLN-001,173,173,34427,2469.53,9976.16,6,6,Floor Cleaner 1L,Cleaners,Floor Cleaner,199,96,N,1 L,Matched,31957.47,16608,0.480309299,3.203383867,5373.31,0.034682081
2024-02-01,D2C,North,BEC-KT-002,182,182,76440,8245.82,4640.74,21,21,Kitchen Towel 6-roll,Kitchen Towel,Towel,420,205,N,6 rolls,Matched,68194.18,37310,0.452885862,14.694678,26243.44,0.115384615
2024-11-01,Amazon,West,BEC-OTH-001,185,185,27565,4015.69,3140.47,8,8,Bamboo Wet Wipes 72s,Others,Wipes,149,72,N,72 wipes,Matched,23549.31,13320,0.434378332,7.498657844,7088.84,0.043243243
2024-04-01,Blinkit,South,BEC-GB-001,160,160,23840,1849.97,2851.78,3,3,Garbage Bag Medium 30s,Garbage Bags,Medium,149,70,N,30 bags,Matched,21990.03,11200,0.490678276,7.710984017,7938.25,0.01875
2024-09-01,D2C,West,BEC-KT-001,170,170,27200,803.92,1615.11,22,22,Kitchen Towel 2-roll,Kitchen Towel,Towel,160,78,N,2 rolls,Matched,26396.08,13260,0.497652682,16.34320882,11520.97,0.129411765
2025-03-01,D2C,South,BEC-BW-002,59,59,10325,241.9,722.3,8,8,Parchment Paper Roll,Bake & Wrap,Bake,175,92,N,20 m,Matched,10083.1,5428,0.461673493,13.95971203,3932.8,0.13559322
2025-02-01,Flipkart,North,BEC-GB-001,174,174,25926,7209.97,1390.82,6,6,Garbage Bag Medium 30s,Garbage Bags,Medium,149,70,N,30 bags,Matched,18716.03,12180,0.349220962,13.45683122,5145.21,0.034482759
2025-06-01,Zepto,North,BEC-GB-001,167,167,24883,2395.01,1713.97,4,4,Garbage Bag Medium 30s,Garbage Bags,Medium,149,70,N,30 bags,Matched,22487.99,11690,0.480166969,13.12041051,9084.02,0.023952096
2024-09-01,Blinkit,South,BEC-GB-001,134,134,19966,2294.32,921.3,6,6,Garbage Bag Medium 30s,Garbage Bags,Medium,149,70,N,30 bags,Matched,17671.68,9380,0.469207229,19.18124389,7370.38,0.044776119
2025-05-01,Blinkit,West,BEC-KT-002,355,355,149100,18090.44,11560.23,15,15,Kitchen Towel 6-roll,Kitchen Towel,Towel,420,205,N,6 rolls,Matched,131009.56,72775,0.444506187,11.33278144,46674.33,0.042253521
2024-01-01,Amazon,West,BEC-BW-001,255,255,56100,14196.37,2678.93,10,10,Compostable Cling Wrap,Bake & Wrap,Wrap,220,118,N,30 m,Matched,41903.63,30090,0.281923786,15.64192793,9134.7,0.039215686
2024-04-01,Swiggy Instamart,West,BEC-KT-002,121,121,50820,12157.63,3525.04,6,6,Kitchen Towel 6-roll,Kitchen Towel,Towel,420,205,N,6 rolls,Matched,38662.37,24805,0.358420087,10.96792377,10332.33,0.049586777
2024-03-01,Flipkart,North,BEC-BW-002,121,121,21175,4113.03,1459.96,5,5,Parchment Paper Roll,Bake & Wrap,Bake,175,92,N,20 m,Matched,17061.97,11132,0.347554825,11.686601,4470.01,0.041322314
2024-01-01,Flipkart,North,BEC-CLN-001,232,232,46168,8979.76,7639.33,12,12,Floor Cleaner 1L,Cleaners,Floor Cleaner,199,96,N,1 L,Matched,37188.24,22272,0.401100993,4.867997586,7276.91,0.051724138
2024-11-01,Flipkart,South,BEC-TIS-001,128,128,12160,3571.51,460.09,3,3,Bamboo Facial Tissue 100s,Tissues,Facial,95,42,N,100 pulls,Matched,8588.49,5376,0.374045962,18.6669782,2752.4,0.0234375
2024-06-01,Swiggy Instamart,North,BEC-TIS-001,132,132,12540,649.8,923.27,7,7,Bamboo Facial Tissue 100s,Tissues,Facial,95,42,N,100 pulls,Matched,11890.2,5544,0.533733663,12.87835628,5422.93,0.053030303
2024-05-01,Swiggy Instamart,North,BEC-BW-002,69,69,12075,3159.65,709.57,1,1,Parchment Paper Roll,Bake & Wrap,Bake,175,92,N,20 m,Matched,8915.35,6348,0.287969625,12.56444044,1857.78,0.014492754
2024-08-01,Swiggy Instamart,North,BEC-CLN-003,162,162,48438,13977.46,10014.93,5,5,Laundry Liquid 1L,Cleaners,Laundry,299,150,N,1 L,Matched,34460.54,24300,0.294845641,3.440916711,145.61,0.030864198
2025-06-01,Zepto,West,BEC-KT-002,329,329,138180,39441.11,13834.06,17,17,Kitchen Towel 6-roll,Kitchen Towel,Towel,420,205,N,6 rolls,Matched,98738.89,67445,0.316935809,7.137376157,17459.83,0.051671733
2024-04-01,Blinkit,South,BEC-CLN-002,337,337,62345,7331.83,11204.39,11,11,Dishwash Liquid 750ml,Cleaners,Dishwash,185,88,N,750 ml,Matched,55013.17,29656,0.460929083,4.909965647,14152.78,0.03264095
2024-05-01,Zepto,South,BEC-CMB-001,21,21,14679,3804.09,796.11,0,0,Home Cleaning Combo,Others,Combo,699,330,Y,4 items,Matched,10874.91,6930,0.362753347,13.66005954,3148.8,0
2025-06-01,D2C,South,BEC-CMB-001,19,19,13281,401.3,1573.33,2,2,Home Cleaning Combo,Others,Combo,699,330,Y,4 items,Matched,12879.7,6270,0.513187419,8.186267344,5036.37,0.105263158
2025-05-01,Zepto,South,BEC-CLN-001,282,282,56118,5414.88,15724.02,7,7,Floor Cleaner 1L,Cleaners,Floor Cleaner,199,96,N,1 L,Matched,50703.12,27072,0.46606836,3.224564711,7907.1,0.024822695
2025-01-01,Swiggy Instamart,South,BEC-CLN-004,209,209,20691,4104.48,3090.51,9,9,Handwash 250ml,Cleaners,Handwash,99,44,N,250 ml,Matched,16586.52,9196,0.445573876,5.366920023,4300.01,0.043062201
2025-01-01,Flipkart,North,BEC-BW-002,93,93,16275,2878.84,1726.4,3,3,Parchment Paper Roll,Bake & Wrap,Bake,175,92,N,20 m,Matched,13396.16,8556,0.36130951,7.759592215,3113.76,0.032258065
2024-10-01,Amazon,West,BEC-CLN-002,436,436,80660,9045.43,20627.61,17,17,Dishwash Liquid 750ml,Cleaners,Dishwash,185,88,N,750 ml,Matched,71614.57,38368,0.4642431,3.471782237,12618.96,0.038990826
2025-06-01,D2C,North,BEC-CLN-003,290,290,86710,4036.35,18051.21,38,38,Laundry Liquid 1L,Cleaners,Laundry,299,150,N,1 L,Matched,82673.65,43500,0.473834771,4.579950596,21122.44,0.131034483
2025-01-01,Zepto,South,BEC-CLN-002,341,341,63085,13713.94,14045.04,17,17,Dishwash Liquid 750ml,Cleaners,Dishwash,185,88,N,750 ml,Matched,49371.06,30008,0.392194537,3.5151954,5318.02,0.049853372
2024-04-01,D2C,South,BEC-GB-001,138,138,20562,2718.64,2060.54,18,18,Garbage Bag Medium 30s,Garbage Bags,Medium,149,70,N,30 bags,Matched,17843.36,9660,0.458622143,8.659555262,6122.82,0.130434783
2025-05-01,Flipkart,South,BEC-TIS-001,167,167,15865,1052.09,1129.37,9,9,Bamboo Facial Tissue 100s,Tissues,Facial,95,42,N,100 pulls,Matched,14812.91,7014,0.526494119,13.11608242,6669.54,0.053892216
2024-07-01,Flipkart,South,BEC-KT-002,120,120,50400,4638.01,3324.42,4,4,Kitchen Towel 6-roll,Kitchen Towel,Towel,420,205,N,6 rolls,Matched,45761.99,24600,0.462435965,13.76540569,17837.57,0.033333333
2024-01-01,Flipkart,West,BEC-CLN-001,326,326,64874,15891.64,12495.61,16,16,Floor Cleaner 1L,Cleaners,Floor Cleaner,199,96,N,1 L,Matched,48982.36,31296,0.36107611,3.919965492,5190.75,0.049079755
2024-05-01,Swiggy Instamart,West,BEC-OTH-001,96,96,14304,3351.42,1175.48,3,3,Bamboo Wet Wipes 72s,Others,Wipes,149,72,N,72 wipes,Matched,10952.58,6912,0.368915817,9.317538367,2865.1,0.03125
2025-02-01,D2C,West,BEC-KT-001,185,185,29600,1171.56,1544.85,27,27,Kitchen Towel 2-roll,Kitchen Towel,Towel,160,78,N,2 rolls,Matched,28428.44,14430,0.492409714,18.4020714,12453.59,0.145945946
2024-11-01,Zepto,North,BEC-BW-002,118,118,20650,1663.65,1148.66,4,4,Parchment Paper Roll,Bake & Wrap,Bake,175,92,N,20 m,Matched,18986.35,10856,0.428220801,16.52912959,6981.69,0.033898305
2025-02-01,Swiggy Instamart,North,BEC-GB-002,166,166,29714,8453.22,2219.56,4,4,Garbage Bag Large 15s,Garbage Bags,Large,179,86,N,15 bags,Matched,21260.78,14276,0.328528869,9.578826434,4765.22,0.024096386
2024-11-01,Blinkit,South,BEC-KT-001,119,119,19040,1950.5,1679.78,6,6,Kitchen Towel 2-roll,Kitchen Towel,Towel,160,78,N,2 rolls,Matched,17089.5,9282,0.456859475,10.17365369,6127.72,0.050420168
2025-01-01,Blinkit,South,BEC-KT-001,156,156,24960,3487.42,2623.12,8,8,Kitchen Towel 2-roll,Kitchen Towel,Towel,160,78,N,2 rolls,Matched,21472.58,12168,0.433323802,8.185893135,6681.46,0.051282051
2024-04-01,Amazon,South,BEC-BW-001,152,152,33440,2904.81,1673.69,7,7,Compostable Cling Wrap,Bake & Wrap,Wrap,220,118,N,30 m,Matched,30535.19,17936,0.412612137,18.2442328,10925.5,0.046052632
2025-01-01,Amazon,South,BEC-TIS-001,375,375,35625,2544.93,4661.24,22,22,Bamboo Facial Tissue 100s,Tissues,Facial,95,42,N,100 pulls,Matched,33080.07,15750,0.523882507,7.096839039,12668.83,0.058666667
2024-11-01,Amazon,South,BEC-CLN-001,265,265,52735,11567.83,7578.09,8,8,Floor Cleaner 1L,Cleaners,Floor Cleaner,199,96,N,1 L,Matched,41167.17,25440,0.382031847,5.432393915,8149.08,0.030188679
2024-11-01,Zepto,West,BEC-GB-001,208,208,30992,5915.44,2350.21,11,11,Garbage Bag Medium 30s,Garbage Bags,Medium,149,70,N,30 bags,Matched,25076.56,14560,0.419378097,10.66992311,8166.35,0.052884615
2024-11-01,Zepto,North,BEC-GB-002,208,208,37232,10362.24,4029.07,11,11,Garbage Bag Large 15s,Garbage Bags,Large,179,86,N,15 bags,Matched,26869.76,17888,0.334270198,6.668973237,4952.69,0.052884615
2025-01-01,Flipkart,North,BEC-KT-002,148,148,62160,6925.26,6782.16,7,7,Kitchen Towel 6-roll,Kitchen Towel,Towel,420,205,N,6 rolls,Matched,55234.74,30340,0.450708015,8.144122227,18112.58,0.047297297
2025-06-01,Zepto,West,BEC-TIS-001,266,266,25270,6386.29,2734.6,10,10,Bamboo Facial Tissue 100s,Tissues,Facial,95,42,N,100 pulls,Matched,18883.71,11172,0.408378968,6.905474292,4977.11,0.037593985
2024-06-01,Swiggy Instamart,West,BEC-CLN-001,271,271,53929,7836.48,13545.72,7,7,Floor Cleaner 1L,Cleaners,Floor Cleaner,199,96,N,1 L,Matched,46092.52,26016,0.435570023,3.402736805,6530.8,0.025830258
2024-04-01,Zepto,South,BEC-GB-001,186,186,27714,5367.14,1836.92,3,3,Garbage Bag Medium 30s,Garbage Bags,Medium,149,70,N,30 bags,Matched,22346.86,13020,0.417367809,12.16539642,7489.94,0.016129032
2025-03-01,Blinkit,North,BEC-CLN-002,387,387,71595,15316.11,11202.69,10,10,Dishwash Liquid 750ml,Cleaners,Dishwash,185,88,N,750 ml,Matched,56278.89,34056,0.394870794,5.023694309,11020.2,0.025839793
2025-06-01,Amazon,South,BEC-CMB-001,58,58,40542,8937.53,2388.37,2,2,Home Cleaning Combo,Others,Combo,699,330,Y,4 items,Matched,31604.47,19140,0.394389465,13.23265239,10076.1,0.034482759
2024-01-01,Swiggy Instamart,West,UNKNOWN,250,250,45000,12309.5,1913.77,10,10,,,,,,,,Unmatched - Review,32690.5,,,17.08172873,,0.04
2025-04-01,Flipkart,South,BEC-BW-002,81,81,14175,2407.19,1546.29,4,4,Parchment Paper Roll,Bake & Wrap,Bake,175,92,N,20 m,Matched,11767.81,7452,0.366747084,7.610351228,2769.52,0.049382716
2024-03-01,Zepto,South,BEC-CLN-004,255,255,25245,6820.09,5102.65,6,6,Handwash 250ml,Cleaners,Handwash,99,44,N,250 ml,Matched,18424.91,11220,0.391041802,3.610851224,2102.26,0.023529412
2024-10-01,D2C,South,BEC-CLN-004,157,157,15543,2325.72,4409.65,25,25,Handwash 250ml,Cleaners,Handwash,99,44,N,250 ml,Matched,13217.28,6908,0.477350862,2.997353531,1899.63,0.159235669
2024-12-01,Flipkart,South,BEC-GB-001,147,147,21903,4927.53,1582.69,4,4,Garbage Bag Medium 30s,Garbage Bags,Medium,149,70,N,30 bags,Matched,16975.47,10290,0.393831216,10.7257075,5102.78,0.027210884
2024-09-01,D2C,North,BEC-CLN-002,175,175,32375,3194.77,7852.85,18,18,Dishwash Liquid 750ml,Cleaners,Dishwash,185,88,N,750 ml,Matched,29180.23,15400,0.472245421,3.715877675,5927.38,0.102857143
2025-04-01,Amazon,South,BEC-BW-002,198,198,34650,6977.26,2490.85,6,6,Parchment Paper Roll,Bake & Wrap,Bake,175,92,N,20 m,Matched,27672.74,18216,0.341734863,11.10975771,6965.89,0.03030303
2024-05-01,D2C,North,BEC-OTH-001,75,75,11175,438.23,1298.83,10,10,Bamboo Wet Wipes 72s,Others,Wipes,149,72,N,72 wipes,Matched,10736.77,5400,0.497055446,8.26649369,4037.94,0.133333333
2024-09-01,D2C,North,BEC-CLN-001,221,221,43979,4151,10981.01,33,33,Floor Cleaner 1L,Cleaners,Floor Cleaner,199,96,N,1 L,Matched,39828,21216,0.467309431,3.626988774,7630.99,0.149321267
2024-11-01,D2C,West,BEC-GB-001,145,145,21605,2337.83,2195.96,24,24,Garbage Bag Medium 30s,Garbage Bags,Medium,149,70,N,30 bags,Matched,19267.17,10150,0.473197153,8.773916647,6921.21,0.165517241
2025-05-01,Swiggy Instamart,North,BEC-CLN-001,243,243,48357,10390.61,11808.22,11,11,Floor Cleaner 1L,Cleaners,Floor Cleaner,199,96,N,1 L,Matched,37966.39,23328,0.385561809,3.215250901,2830.17,0.04526749
2024-12-01,Amazon,West,BEC-CLN-001,589,589,117211,15626.53,20230.89,26,26,Floor Cleaner 1L,Cleaners,Floor Cleaner,199,96,N,1 L,Matched,101584.47,56544,0.443379485,5.021255615,24809.58,0.044142615
2025-05-01,Blinkit,West,BEC-CLN-004,655,655,64845,6119.13,16341.25,29,29,Handwash 250ml,Cleaners,Handwash,99,44,N,250 ml,Matched,58725.87,28820,0.509245244,3.593719575,13564.62,0.044274809
2024-10-01,Flipkart,North,BEC-TIS-001,203,203,19285,5423.42,1880.94,7,7,Bamboo Facial Tissue 100s,Tissues,Facial,95,42,N,100 pulls,Matched,13861.58,8526,0.384918602,7.369496103,3454.64,0.034482759
2024-01-01,Flipkart,West,BEC-KT-001,202,202,32320,5406.8,2858.33,5,5,Kitchen Towel 2-roll,Kitchen Towel,Towel,160,78,N,2 rolls,Matched,26913.2,15756,0.414562371,9.415707773,8298.87,0.024752475
2025-01-01,D2C,West,BEC-BW-002,138,138,24150,1561.91,2811.57,20,20,Parchment Paper Roll,Bake & Wrap,Bake,175,92,N,20 m,Matched,22588.09,12696,0.437933885,8.033977457,7080.52,0.144927536
2024-08-01,Flipkart,North,BEC-TIS-002,128,128,23040,6625.01,1107.45,6,6,Bamboo Toilet Roll 4-pack,Tissues,Toilet Roll,180,95,N,4 rolls,Matched,16414.99,12160,0.259213682,14.82233058,3147.54,0.046875
2024-07-01,Blinkit,North,BEC-CMB-001,37,37,25863,3255.83,1160.77,0,0,Home Cleaning Combo,Others,Combo,699,330,Y,4 items,Matched,22607.17,12210,0.459905862,19.47601161,9236.4,0
2025-01-01,D2C,West,BEC-KT-002,139,139,58380,6559.14,2968.39,18,18,Kitchen Towel 6-roll,Kitchen Towel,Towel,420,205,N,6 rolls,Matched,51820.86,28495,0.450124911,17.45756454,20357.47,0.129496403
2024-07-01,Flipkart,West,BEC-KT-002,117,117,49140,5762.6,4859.5,6,6,Kitchen Towel 6-roll,Kitchen Towel,Towel,420,205,N,6 rolls,Matched,43377.4,23985,0.447062295,8.926309291,14532.9,0.051282051
2024-02-01,Zepto,South,BEC-CLN-004,267,267,26433,4167.84,6704.34,7,7,Handwash 250ml,Cleaners,Handwash,99,44,N,250 ml,Matched,22265.16,11748,0.472359507,3.32100699,3812.82,0.026217228
2024-05-01,Swiggy Instamart,West,BEC-CLN-001,182,182,36218,8790.78,5255.41,6,6,Floor Cleaner 1L,Cleaners,Floor Cleaner,199,96,N,1 L,Matched,27427.22,17472,0.362968613,5.218854476,4699.81,0.032967033
2024-01-01,Flipkart,West,BEC-CLN-002,277,277,51245,5810.53,11275.78,7,7,Dishwash Liquid 750ml,Cleaners,Dishwash,185,88,N,750 ml,Matched,45434.47,24376,0.463491045,4.029385994,9782.69,0.025270758
2024-11-01,Blinkit,South,BEC-CLN-004,287,287,28413,2516.24,8664.31,9,9,Handwash 250ml,Cleaners,Handwash,99,44,N,250 ml,Matched,25896.76,12628,0.512371432,2.988900443,4604.45,0.031358885
2024-05-01,D2C,West,BEC-GB-002,245,245,43855,4640.28,3167.41,32,32,Garbage Bag Large 15s,Garbage Bags,Large,179,86,N,15 bags,Matched,39214.72,21070,0.462701761,12.38068959,14977.31,0.130612245
2025-03-01,Blinkit,South,BEC-BW-002,108,108,18900,5259.69,1552.93,3,3,Parchment Paper Roll,Bake & Wrap,Bake,175,92,N,20 m,Matched,13640.31,9936,0.271570807,8.78359617,2151.38,0.027777778
2024-11-01,D2C,West,BEC-CMB-001,32,32,22368,981.03,3091.87,3,3,Home Cleaning Combo,Others,Combo,699,330,Y,4 items,Matched,21386.97,10560,0.506241417,6.917163399,7735.1,0.09375
2025-01-01,Blinkit,West,BEC-CLN-001,485,485,96515,15339.52,22629.92,19,19,Floor Cleaner 1L,Cleaners,Floor Cleaner,199,96,N,1 L,Matched,81175.48,46560,0.426427783,3.587086477,11985.56,0.039175258
2024-01-01,D2C,West,BEC-GB-002,175,175,31325,4482.09,3287.72,18,18,Garbage Bag Large 15s,Garbage Bags,Large,179,86,N,15 bags,Matched,26842.91,15050,0.439330535,8.16459735,8505.19,0.102857143
2024-11-01,D2C,West,BEC-GB-002,166,166,29714,2543.73,2478.68,16,16,Garbage Bag Large 15s,Garbage Bags,Large,179,86,N,15 bags,Matched,27170.27,14276,0.474572759,10.96158843,10415.59,0.096385542
2024-12-01,Blinkit,South,BEC-CLN-001,334,334,66466,18029.67,15182.85,11,11,Floor Cleaner 1L,Cleaners,Floor Cleaner,199,96,N,1 L,Matched,48436.33,32064,0.338017558,3.190200127,1189.48,0.032934132
2024-05-01,Blinkit,West,BEC-TIS-001,261,261,24795,3774.57,2109.12,12,12,Bamboo Facial Tissue 100s,Tissues,Facial,95,42,N,100 pulls,Matched,21020.43,10962,0.478507338,9.966445721,7949.31,0.045977011
2024-04-01,Swiggy Instamart,South,BEC-TIS-001,107,107,10165,1769.32,1185.7,6,6,Bamboo Facial Tissue 100s,Tissues,Facial,95,42,N,100 pulls,Matched,8395.68,4494,0.464724716,7.080779286,2715.98,0.056074766
2024-08-01,Amazon,West,BEC-BW-002,230,230,40250,7895.96,3482.48,9,9,Parchment Paper Roll,Bake & Wrap,Bake,175,92,N,20 m,Matched,32354.04,21160,0.345985849,9.290517103,7711.56,0.039130435
2024-06-01,Flipkart,South,BEC-GB-002,138,138,24702,2654.65,1843.28,3,3,Garbage Bag Large 15s,Garbage Bags,Large,179,86,N,15 bags,Matched,22047.35,11868,0.461704014,11.96093377,8336.07,0.02173913
2024-12-01,D2C,West,BEC-GB-001,231,231,34419,1518.26,4294.27,21,21,Garbage Bag Medium 30s,Garbage Bags,Medium,149,70,N,30 bags,Matched,32900.74,16170,0.508521693,7.661544337,12436.47,0.090909091
2024-04-01,Swiggy Instamart,West,BEC-CLN-004,247,247,24453,6606.15,6005.82,5,5,Handwash 250ml,Cleaners,Handwash,99,44,N,250 ml,Matched,17846.85,10868,0.391040996,2.971592555,973.03,0.020242915
2025-04-01,Amazon,North,BEC-CLN-001,507,507,100893,13430.62,19007.32,26,26,Floor Cleaner 1L,Cleaners,Floor Cleaner,199,96,N,1 L,Matched,87462.38,48672,0.443509312,4.601510365,19783.06,0.051282051
2024-09-01,Amazon,South,BEC-KT-002,156,156,65520,8433.28,4790.54,4,4,Kitchen Towel 6-roll,Kitchen Towel,Towel,420,205,N,6 rolls,Matched,57086.72,31980,0.439799659,11.9165522,20316.18,0.025641026
2024-12-01,Flipkart,North,BEC-CMB-001,22,22,15378,3732.49,1063.96,0,0,Home Cleaning Combo,Others,Combo,699,330,Y,4 items,Matched,11645.51,7260,0.376583765,10.94543968,3321.55,0
2024-03-01,Blinkit,South,BEC-CLN-002,243,243,44955,11322.37,6385.61,7,7,Dishwash Liquid 750ml,Cleaners,Dishwash,185,88,N,750 ml,Matched,33632.63,21384,0.364188884,5.266940825,5863.02,0.028806584
2024-06-01,Amazon,South,BEC-TIS-001,341,341,32395,4574.81,2907.97,9,9,Bamboo Facial Tissue 100s,Tissues,Facial,95,42,N,100 pulls,Matched,27820.19,14322,0.485194026,9.56687655,10590.22,0.026392962
2024-09-01,Blinkit,North,BEC-KT-002,205,205,86100,10082.21,7315.95,4,4,Kitchen Towel 6-roll,Kitchen Towel,Towel,420,205,N,6 rolls,Matched,76017.79,42025,0.44716888,10.39069294,26676.84,0.019512195
2024-12-01,Amazon,West,BEC-CLN-002,807,807,149295,22702.22,40594.74,21,21,Dishwash Liquid 750ml,Cleaners,Dishwash,185,88,N,750 ml,Matched,126592.78,71016,0.43902014,3.118452785,14982.04,0.026022305
2024-05-01,Zepto,West,BEC-KT-002,323,323,135660,28781.11,5828.1,8,8,Kitchen Towel 6-roll,Kitchen Towel,Towel,420,205,N,6 rolls,Matched,106878.89,66215,0.380466994,18.33854773,34835.79,0.024767802
2025-05-01,Flipkart,South,BEC-CLN-001,213,213,42387,3218.46,7919.62,8,8,Floor Cleaner 1L,Cleaners,Floor Cleaner,199,96,N,1 L,Matched,39168.54,20448,0.477948374,4.945760024,10800.92,0.037558685
2025-02-01,Amazon,South,BEC-CLN-004,488,488,48312,6002.57,11577.24,16,16,Handwash 250ml,Cleaners,Handwash,99,44,N,250 ml,Matched,42309.43,21472,0.492500844,3.654535105,9260.19,0.032786885
2024-08-01,Blinkit,South,BEC-TIS-002,231,231,41580,12002.55,3663.44,12,12,Bamboo Toilet Roll 4-pack,Tissues,Toilet Roll,180,95,N,4 rolls,Matched,29577.45,21945,0.258049629,8.073682113,3969.01,0.051948052
2025-05-01,Amazon,North,BEC-CMB-001,61,61,42639,5510.88,2351.06,3,3,Home Cleaning Combo,Others,Combo,699,330,Y,4 items,Matched,37128.12,20130,0.457823343,15.79207677,14647.06,0.049180328
2024-01-01,Blinkit,North,BEC-GB-001,214,214,31886,8900.62,3288.14,4,4,Garbage Bag Medium 30s,Garbage Bags,Medium,149,70,N,30 bags,Matched,22985.38,14980,0.348281386,6.990389704,4717.24,0.018691589
2024-09-01,Zepto,South,BEC-TIS-001,143,143,13585,3406.36,878.1,8,8,Bamboo Facial Tissue 100s,Tissues,Facial,95,42,N,100 pulls,Matched,10178.64,6006,0.409940817,11.59166382,3294.54,0.055944056
2024-10-01,Amazon,West,BEC-OTH-001,178,178,26522,3895.29,2988.27,4,4,Bamboo Wet Wipes 72s,Others,Wipes,149,72,N,72 wipes,Matched,22626.71,12816,0.433589771,7.571842571,6822.44,0.02247191
2025-02-01,Blinkit,West,BEC-CLN-004,582,582,57618,6390.17,13147.42,26,26,Handwash 250ml,Cleaners,Handwash,99,44,N,250 ml,Matched,51227.83,25608,0.500115465,3.89641694,12472.41,0.04467354
2024-11-01,Amazon,West,BEC-GB-001,394,394,58706,9859.76,5551.17,10,10,Garbage Bag Medium 30s,Garbage Bags,Medium,149,70,N,30 bags,Matched,48846.24,27580,0.435371075,8.799269343,15715.07,0.025380711
2025-01-01,Zepto,South,BEC-KT-001,122,122,19520,5308.25,1443.15,6,6,Kitchen Towel 2-roll,Kitchen Towel,Towel,160,78,N,2 rolls,Matched,14211.75,9516,0.330413214,9.847728926,3252.6,0.049180328
2024-03-01,Blinkit,West,BEC-GB-002,412,412,73748,9389.08,5533.2,17,17,Garbage Bag Large 15s,Garbage Bags,Large,179,86,N,15 bags,Matched,64358.92,35432,0.449462483,11.6314104,23393.72,0.041262136
2024-05-01,D2C,North,BEC-CLN-003,215,215,64285,7694.1,17860.04,24,24,Laundry Liquid 1L,Cleaners,Laundry,299,150,N,1 L,Matched,56590.9,32250,0.43012039,3.16857633,6480.86,0.111627907
2024-08-01,Flipkart,West,BEC-CLN-002,215,215,39775,6036.96,6087.83,8,8,Dishwash Liquid 750ml,Cleaners,Dishwash,185,88,N,750 ml,Matched,33738.04,18920,0.43920868,5.54188274,8730.21,0.037209302
2024-10-01,Flipkart,North,BEC-CLN-002,194,194,35890,8028.5,9449.99,6,6,Dishwash Liquid 750ml,Cleaners,Dishwash,185,88,N,750 ml,Matched,27861.5,17072,0.387254814,2.948309998,1339.51,0.030927835
2024-10-01,Blinkit,West,BEC-CLN-004,403,403,39897,10577.19,6280.06,15,15,Handwash 250ml,Cleaners,Handwash,99,44,N,250 ml,Matched,29319.81,17732,0.395221183,4.668714949,5307.75,0.037220844
2024-09-01,Flipkart,South,BEC-KT-001,68,68,10880,1558.55,1260.93,2,2,Kitchen Towel 2-roll,Kitchen Towel,Towel,160,78,N,2 rolls,Matched,9321.45,5304,0.430989814,7.392519807,2756.52,0.029411765
2024-06-01,Blinkit,West,BEC-GB-001,225,225,33525,7718.45,2152.29,4,4,Garbage Bag Medium 30s,Garbage Bags,Medium,149,70,N,30 bags,Matched,25806.55,15750,0.389689827,11.99027547,7904.26,0.017777778
2024-04-01,Zepto,West,BEC-GB-002,280,280,50120,12929.85,3253.93,13,13,Garbage Bag Large 15s,Garbage Bags,Large,179,86,N,15 bags,Matched,37190.15,24080,0.352516728,11.42930241,9856.22,0.046428571
2025-05-01,Blinkit,West,BEC-GB-002,262,262,46898,7424.99,4835.72,5,5,Garbage Bag Large 15s,Garbage Bags,Large,179,86,N,15 bags,Matched,39473.01,22532,0.429179584,8.162798921,12105.29,0.019083969
2024-01-01,Swiggy Instamart,West,BEC-BW-001,66,66,14520,3803.21,1406.06,2,2,Compostable Cling Wrap,Bake & Wrap,Wrap,220,118,N,30 m,Matched,10716.79,7788,0.273289856,7.621858242,1522.73,0.03030303
2024-05-01,Zepto,North,BEC-TIS-001,307,307,29165,6226.14,1407.34,6,6,Bamboo Facial Tissue 100s,Tissues,Facial,95,42,N,100 pulls,Matched,22938.86,12894,0.437897088,16.29944434,8637.52,0.019543974
2024-07-01,D2C,South,BEC-TIS-001,98,98,9310,600.63,705.51,14,14,Bamboo Facial Tissue 100s,Tissues,Facial,95,42,N,100 pulls,Matched,8709.37,4116,0.527405541,12.34478604,3887.86,0.142857143
2024-06-01,Flipkart,South,BEC-TIS-001,113,113,10735,2474.81,1201.47,5,5,Bamboo Facial Tissue 100s,Tissues,Facial,95,42,N,100 pulls,Matched,8260.19,4746,0.425436945,6.875069706,2312.72,0.044247788
2024-11-01,Zepto,South,BEC-CLN-003,171,171,51129,7307.53,10113.31,4,4,Laundry Liquid 1L,Cleaners,Laundry,299,150,N,1 L,Matched,43821.47,25650,0.41467048,4.333049219,8058.16,0.023391813
2024-08-01,Flipkart,South,BEC-CLN-004,154,154,15246,3190.62,0,7,7,Handwash 250ml,Cleaners,Handwash,99,44,N,250 ml,Matched,12055.38,6776,0.437927299,,5279.38,0.045454545
2024-04-01,Swiggy Instamart,South,BEC-KT-001,87,87,13920,2683.38,1574.05,2,2,Kitchen Towel 2-roll,Kitchen Towel,Towel,160,78,N,2 rolls,Matched,11236.62,6786,0.39608174,7.138667768,2876.57,0.022988506
2024-07-01,Swiggy Instamart,South,BEC-OTH-001,32,32,4768,736.55,461.94,0,0,Bamboo Wet Wipes 72s,Others,Wipes,149,72,N,72 wipes,Matched,4031.45,2304,0.42849347,8.727215656,1265.51,0
2024-06-01,Blinkit,South,BEC-CLN-004,262,262,25938,6009.33,5018.23,8,8,Handwash 250ml,Cleaners,Handwash,99,44,N,250 ml,Matched,19928.67,11528,0.421536911,3.971254805,3382.44,0.030534351
2024-12-01,D2C,West,BEC-CMB-001,32,32,22368,507.87,2482.48,4,4,Home Cleaning Combo,Others,Combo,699,330,Y,4 items,Matched,21860.13,10560,0.516928765,8.805762786,8817.65,0.125
2025-06-01,Zepto,North,BEC-BW-001,115,115,25300,6048.27,969.19,2,2,Compostable Cling Wrap,Bake & Wrap,Wrap,220,118,N,30 m,Matched,19251.73,13570,0.295128282,19.86373157,4712.54,0.017391304
2025-05-01,D2C,South,BEC-GB-001,104,104,15496,841.75,2142.89,9,9,Garbage Bag Medium 30s,Garbage Bags,Medium,149,70,N,30 bags,Matched,14654.25,7280,0.503215791,6.838545142,5231.36,0.086538462
2025-05-01,Zepto,West,BEC-CLN-003,377,377,112723,25670.52,27019.21,10,10,Laundry Liquid 1L,Cleaners,Laundry,299,150,N,1 L,Matched,87052.48,56550,0.350391856,3.221873623,3483.27,0.026525199
2024-04-01,Amazon,North,BEC-CLN-001,545,545,108455,30373.6,19072.43,20,20,Floor Cleaner 1L,Cleaners,Floor Cleaner,199,96,N,1 L,Matched,78081.4,52320,0.329930047,4.093940835,6688.97,0.036697248
2024-10-01,Amazon,North,BEC-CLN-003,481,481,143819,15145.42,30240.41,21,21,Laundry Liquid 1L,Cleaners,Laundry,299,150,N,1 L,Matched,128673.58,72150,0.439278833,4.255021013,26283.17,0.043659044
2024-12-01,Zepto,South,BEC-CLN-002,230,230,42550,8932.78,10174.59,7,7,Dishwash Liquid 750ml,Cleaners,Dishwash,185,88,N,750 ml,Matched,33617.22,20240,0.39792761,3.304036821,3202.63,0.030434783
2024-04-01,Zepto,South,BEC-CLN-002,240,240,44400,4282.93,12241.04,11,11,Dishwash Liquid 750ml,Cleaners,Dishwash,185,88,N,750 ml,Matched,40117.07,21120,0.473540814,3.277259939,6756.03,0.045833333
2025-04-01,Zepto,West,BEC-GB-001,330,330,49170,9663.22,3933,9,9,Garbage Bag Medium 30s,Garbage Bags,Medium,149,70,N,30 bags,Matched,39506.78,23100,0.415290236,10.04494788,12473.78,0.027272727
2024-06-01,Flipkart,West,BEC-CLN-001,372,372,74028,17679.44,13666.57,15,15,Floor Cleaner 1L,Cleaners,Floor Cleaner,199,96,N,1 L,Matched,56348.56,35712,0.366230477,4.123094529,6969.99,0.040322581
2024-03-01,Swiggy Instamart,North,BEC-KT-001,123,123,19680,5479.81,1689.53,7,7,Kitchen Towel 2-roll,Kitchen Towel,Towel,160,78,N,2 rolls,Matched,14200.19,9594,0.324375237,8.404816724,2916.66,0.056910569
2024-10-01,Amazon,South,BEC-CLN-099,95,95,20900,5987.8,0,4,4,,,,,,,,Unmatched - Review,14912.2,,,,,0.042105263
2024-12-01,Flipkart,South,BEC-KT-001,118,118,18880,1731.14,1097.99,4,4,Kitchen Towel 2-roll,Kitchen Towel,Towel,160,78,N,2 rolls,Matched,17148.86,9204,0.463287939,15.61841183,6846.87,0.033898305
2024-05-01,Flipkart,West,BEC-CLN-002,316,316,58460,6321.65,13426.63,8,8,Dishwash Liquid 750ml,Cleaners,Dishwash,185,88,N,750 ml,Matched,52138.35,27808,0.466649788,3.883204497,10903.72,0.025316456
2024-07-01,Zepto,South,BEC-CLN-004,184,184,18216,1995.77,4039.61,11,11,Handwash 250ml,Cleaners,Handwash,99,44,N,250 ml,Matched,16220.23,8096,0.50087021,4.015296031,4084.62,0.059782609
2024-02-01,Blinkit,West,BEC-CLN-002,470,470,86950,6749.75,25914.45,22,22,Dishwash Liquid 750ml,Cleaners,Dishwash,185,88,N,750 ml,Matched,80200.25,41360,0.484290884,3.094808109,12925.8,0.046808511
2025-05-01,Flipkart,North,BEC-GB-002,210,210,37590,8371.49,1861.76,11,11,Garbage Bag Large 15s,Garbage Bags,Large,179,86,N,15 bags,Matched,29218.51,18060,0.381898666,15.69402608,9296.75,0.052380952
2024-04-01,Flipkart,South,BEC-GB-002,170,170,30430,3557.76,3459.64,6,6,Garbage Bag Large 15s,Garbage Bags,Large,179,86,N,15 bags,Matched,26872.24,14620,0.455944127,7.767351516,8792.6,0.035294118
2025-06-01,Flipkart,North,BEC-KT-001,111,111,17760,4148.76,2027.05,2,2,Kitchen Towel 2-roll,Kitchen Towel,Towel,160,78,N,2 rolls,Matched,13611.24,8658,0.363908064,6.714802299,2926.19,0.018018018
2024-06-01,Zepto,South,BEC-KT-001,103,103,16480,2677.32,874.91,5,5,Kitchen Towel 2-roll,Kitchen Towel,Towel,160,78,N,2 rolls,Matched,13802.68,8034,0.417939125,15.77611411,4893.77,0.048543689
2025-02-01,D2C,North,BEC-CMB-001,35,35,24465,2953.95,1111.6,5,5,Home Cleaning Combo,Others,Combo,699,330,Y,4 items,Matched,21511.05,11550,0.463066656,19.35143037,8849.45,0.142857143
2025-04-01,Flipkart,South,BEC-GB-001,165,165,24585,6049.01,1385.23,5,5,Garbage Bag Medium 30s,Garbage Bags,Medium,149,70,N,30 bags,Matched,18535.99,11550,0.376887881,13.38116414,5600.76,0.03030303
2024-12-01,Swiggy Instamart,South,BEC-GB-002,86,86,15394,1521.35,1907.72,2,2,Garbage Bag Large 15s,Garbage Bags,Large,179,86,N,15 bags,Matched,13872.65,7396,0.466864658,7.27184807,4568.93,0.023255814
2025-03-01,Swiggy Instamart,South,BEC-TIS-001,190,190,18050,2145.56,1138.85,7,7,Bamboo Facial Tissue 100s,Tissues,Facial,95,42,N,100 pulls,Matched,15904.44,7980,0.498253318,13.96535101,6785.59,0.036842105
2024-05-01,Swiggy Instamart,North,BEC-KT-002,88,88,36960,10590.85,2014.05,3,3,Kitchen Towel 6-roll,Kitchen Towel,Towel,420,205,N,6 rolls,Matched,26369.15,18040,0.315867216,13.09259949,6315.1,0.034090909
2024-10-01,Blinkit,North,BEC-CLN-003,345,345,103155,14938,22004.55,12,12,Laundry Liquid 1L,Cleaners,Laundry,299,150,N,1 L,Matched,88217,51750,0.413378374,4.009034495,14462.45,0.034782609
2024-07-01,Amazon,South,BEC-CLN-002,366,366,67710,9859.97,17412.69,8,8,Dishwash Liquid 750ml,Cleaners,Dishwash,185,88,N,750 ml,Matched,57850.03,32208,0.443250073,3.322291386,8229.34,0.021857923
2024-05-01,Zepto,South,BEC-BW-002,106,106,18550,5232.73,1168.48,5,5,Parchment Paper Roll,Bake & Wrap,Bake,175,92,N,20 m,Matched,13317.27,9752,0.267717783,11.39708853,2396.79,0.047169811
2025-03-01,Blinkit,South,BEC-KT-001,208,208,33280,2765.58,4314.66,7,7,Kitchen Towel 2-roll,Kitchen Towel,Towel,160,78,N,2 rolls,Matched,30514.42,16224,0.468316947,7.072265254,9975.76,0.033653846
2024-12-01,Swiggy Instamart,South,BEC-CMB-001,19,19,13281,3502.18,551.87,0,0,Home Cleaning Combo,Others,Combo,699,330,Y,4 items,Matched,9778.82,6270,0.358818344,17.71942668,2956.95,0
2024-03-01,Flipkart,South,BEC-OTH-001,52,52,7748,1515.69,378.86,2,2,Bamboo Wet Wipes 72s,Others,Wipes,149,72,N,72 wipes,Matched,6232.31,3744,0.399259665,16.45016629,2109.45,0.038461538
2025-06-01,Blinkit,West,BEC-GB-001,425,425,63325,6343.48,7132.37,22,22,Garbage Bag Medium 30s,Garbage Bags,Medium,149,70,N,30 bags,Matched,56981.52,29750,0.477900905,7.989142459,20099.15,0.051764706
2024-10-01,D2C,North,BEC-CLN-003,229,229,68471,5642.37,21059.41,28,28,Laundry Liquid 1L,Cleaners,Laundry,299,150,N,1 L,Matched,62828.63,34350,0.453274725,2.983399345,7419.22,0.122270742
2025-06-01,D2C,West,BEC-CLN-003,301,301,89999,12847.68,20506.9,32,32,Laundry Liquid 1L,Cleaners,Laundry,299,150,N,1 L,Matched,77151.32,45150,0.414786422,3.762212719,11494.42,0.106312292
2024-11-01,Swiggy Instamart,South,BEC-CLN-003,128,128,38272,9812.62,7099.13,3,3,Laundry Liquid 1L,Cleaners,Laundry,299,150,N,1 L,Matched,28459.38,19200,0.325354242,4.008854606,2160.25,0.0234375
2025-04-01,Blinkit,South,BEC-TIS-001,305,305,28975,4781.56,2811.75,13,13,Bamboo Facial Tissue 100s,Tissues,Facial,95,42,N,100 pulls,Matched,24193.44,12810,0.470517628,8.604406508,8571.69,0.042622951
2024-05-01,D2C,West,BEC-KT-002,199,199,83580,3053.9,7127.08,22,22,Kitchen Towel 6-roll,Kitchen Towel,Towel,420,205,N,6 rolls,Matched,80526.1,40795,0.493394067,11.29861037,32604.02,0.110552764
2025-05-01,D2C,West,BEC-GB-002,261,261,46719,3334.13,2197.26,33,33,Garbage Bag Large 15s,Garbage Bags,Large,179,86,N,15 bags,Matched,43384.87,22446,0.482630696,19.74498694,18741.61,0.126436782
2024-11-01,D2C,South,BEC-TIS-002,141,141,25380,1659.39,1316.76,20,20,Bamboo Toilet Roll 4-pack,Tissues,Toilet Roll,180,95,N,4 rolls,Matched,23720.61,13395,0.4353012,18.0143762,9008.85,0.141843972
2024-09-01,Swiggy Instamart,South,BEC-KT-001,99,99,15840,1159.14,1663.58,2,2,Kitchen Towel 2-roll,Kitchen Towel,Towel,160,78,N,2 rolls,Matched,14680.86,7722,0.474009016,8.82485964,5295.28,0.02020202
2024-07-01,Swiggy Instamart,West,BEC-TIS-002,192,192,34560,3594.85,2407.54,4,4,Bamboo Toilet Roll 4-pack,Tissues,Toilet Roll,180,95,N,4 rolls,Matched,30965.15,18240,0.410950698,12.86173854,10317.61,0.020833333
2024-01-01,Blinkit,West,BEC-KT-001,308,308,49280,10439.33,4912.57,11,11,Kitchen Towel 2-roll,Kitchen Towel,Towel,160,78,N,2 rolls,Matched,38840.67,24024,0.38147308,7.906385049,9904.1,0.035714286
2025-06-01,D2C,West,BEC-TIS-002,188,188,33840,3207.7,3782.06,24,24,Bamboo Toilet Roll 4-pack,Tissues,Toilet Roll,180,95,N,4 rolls,Matched,30632.3,17860,0.416955305,8.099369127,8990.24,0.127659574
2024-08-01,Swiggy Instamart,South,BEC-BW-001,58,58,12760,1263.9,1157.97,3,3,Compostable Cling Wrap,Bake & Wrap,Wrap,220,118,N,30 m,Matched,11496.1,6844,0.40466767,9.927804693,3494.13,0.051724138
2024-04-01,Blinkit,North,BEC-OTH-001,122,122,18178,2273.53,2336.75,3,3,Bamboo Wet Wipes 72s,Others,Wipes,149,72,N,72 wipes,Matched,15904.47,8784,0.447702438,6.806235156,4783.72,0.024590164
2024-02-01,Swiggy Instamart,North,BEC-CMB-001,22,22,15378,4171.68,591.52,0,0,Home Cleaning Combo,Others,Combo,699,330,Y,4 items,Matched,11206.32,7260,0.352151286,18.94495537,3354.8,0
2025-04-01,Blinkit,North,BEC-CLN-004,466,466,46134,2873.9,10193.68,15,15,Handwash 250ml,Cleaners,Handwash,99,44,N,250 ml,Matched,43260.1,20504,0.52602976,4.243815776,12562.42,0.032188841
2024-01-01,D2C,North,BEC-BW-001,77,77,16940,425.14,1929.29,11,11,Compostable Cling Wrap,Bake & Wrap,Wrap,220,118,N,30 m,Matched,16514.86,9086,0.449828821,8.560071322,5499.57,0.142857143
2024-06-01,Flipkart,North,BEC-CMB-001,26,26,18174,1732.94,1551.31,0,0,Home Cleaning Combo,Others,Combo,699,330,Y,4 items,Matched,16441.06,8580,0.478135838,10.59817831,6309.75,0
2024-05-01,D2C,North,BEC-CLN-004,241,241,23859,1334.96,7370.14,37,37,Handwash 250ml,Cleaners,Handwash,99,44,N,250 ml,Matched,22524.04,10604,0.52921412,3.056121051,4549.9,0.153526971
2024-02-01,D2C,South,BEC-BW-002,49,49,8575,207.14,469.06,7,7,Parchment Paper Roll,Bake & Wrap,Bake,175,92,N,20 m,Matched,8367.86,4508,0.461272058,17.83963672,3390.8,0.142857143
2024-04-01,Zepto,West,BEC-GB-001,235,235,35015,6403.63,2462.61,7,7,Garbage Bag Medium 30s,Garbage Bags,Medium,149,70,N,30 bags,Matched,28611.37,16450,0.425053746,11.61831147,9698.76,0.029787234
2025-04-01,Amazon,North,BEC-GB-002,381,381,68199,15443.04,5633.65,22,22,Garbage Bag Large 15s,Garbage Bags,Large,179,86,N,15 bags,Matched,52755.96,32766,0.378913776,9.36443691,14356.31,0.057742782
2024-10-01,Swiggy Instamart,North,BEC-BW-001,58,58,12760,2987.82,1220.82,2,2,Compostable Cling Wrap,Bake & Wrap,Wrap,220,118,N,30 m,Matched,9772.18,6844,0.299644501,8.004603463,1707.36,0.034482759
2024-02-01,D2C,West,BEC-GB-001,150,150,22350,2055.7,2632.96,15,15,Garbage Bag Medium 30s,Garbage Bags,Medium,149,70,N,30 bags,Matched,20294.3,10500,0.482613345,7.707788952,7161.34,0.1
2024-10-01,D2C,North,BEC-GB-001,114,114,16986,371.24,916.12,16,16,Garbage Bag Medium 30s,Garbage Bags,Medium,149,70,N,30 bags,Matched,16614.76,7980,0.519704167,18.13600838,7718.64,0.140350877
2024-07-01,Swiggy Instamart,West,BEC-GB-002,155,155,27745,4401.24,1541.5,6,6,Garbage Bag Large 15s,Garbage Bags,Large,179,86,N,15 bags,Matched,23343.76,13330,0.428969455,15.14353552,8472.26,0.038709677
2024-02-01,Amazon,South,BEC-BW-002,135,135,23625,1420.74,2018.24,4,4,Parchment Paper Roll,Bake & Wrap,Bake,175,92,N,20 m,Matched,22204.26,12420,0.440647876,11.00179364,7766.02,0.02962963
2024-02-01,D2C,West,BEC-BW-002,127,127,22225,1117.31,2278.77,20,20,Parchment Paper Roll,Bake & Wrap,Bake,175,92,N,20 m,Matched,21107.69,11684,0.446457665,9.262755785,7144.92,0.157480315
2024-02-01,Zepto,South,BEC-CLN-003,193,193,57707,16052.44,12390.09,9,9,Laundry Liquid 1L,Cleaners,Laundry,299,150,N,1 L,Matched,41654.56,28950,0.30499806,3.361925539,314.47,0.046632124
2024-10-01,Swiggy Instamart,West,BEC-CMB-001,26,26,18174,2963.62,2061.87,0,0,Home Cleaning Combo,Others,Combo,699,330,Y,4 items,Matched,15210.38,8580,0.435911529,7.37698303,4568.51,0
2024-11-01,Swiggy Instamart,North,BEC-GB-001,151,151,22499,3836.49,2707.86,4,4,Garbage Bag Medium 30s,Garbage Bags,Medium,149,70,N,30 bags,Matched,18662.51,10570,0.43362388,6.891977429,5384.65,0.026490066
2025-05-01,Flipkart,West,BEC-GB-001,238,238,35462,9889.01,3018.55,10,10,Garbage Bag Medium 30s,Garbage Bags,Medium,149,70,N,30 bags,Matched,25572.99,16660,0.3485314,8.471945139,5894.44,0.042016807
2025-06-01,Amazon,South,BEC-KT-002,197,197,82740,10217.5,8667.42,5,5,Kitchen Towel 6-roll,Kitchen Towel,Towel,420,205,N,6 rolls,Matched,72522.5,40385,0.443138336,8.367253462,23470.08,0.025380711
2025-03-01,Zepto,West,BEC-CMB-001,64,64,44736,9364.27,1989.68,1,1,Home Cleaning Combo,Others,Combo,699,330,Y,4 items,Matched,35371.73,21120,0.402913004,17.7775974,12262.05,0.015625
2024-09-01,Flipkart,North,BEC-TIS-002,141,141,25380,2660.07,2158.65,4,4,Bamboo Toilet Roll 4-pack,Tissues,Toilet Roll,180,95,N,4 rolls,Matched,22719.93,13395,0.410429522,10.52506428,7166.28,0.028368794
2024-01-01,Zepto,South,BEC-CLN-002,205,205,37925,4545.28,7437.89,6,6,Dishwash Liquid 750ml,Cleaners,Dishwash,185,88,N,750 ml,Matched,33379.72,18040,0.459552087,4.487794253,7901.83,0.029268293
2024-01-01,D2C,North,BEC-TIS-002,178,178,32040,4429.9,1973.29,17,17,Bamboo Toilet Roll 4-pack,Tissues,Toilet Roll,180,95,N,4 rolls,Matched,27610.1,16910,0.387542964,13.99191198,8726.81,0.095505618
2025-06-01,Blinkit,North,BEC-TIS-002,283,283,50940,8497.03,4315.46,15,15,Bamboo Toilet Roll 4-pack,Tissues,Toilet Roll,180,95,N,4 rolls,Matched,42442.97,26885,0.366561765,9.835097533,11242.51,0.053003534
2025-06-01,D2C,West,BEC-GB-002,219,219,39201,3656.53,2946.73,34,34,Garbage Bag Large 15s,Garbage Bags,Large,179,86,N,15 bags,Matched,35544.47,18834,0.470128546,12.06234368,13763.74,0.155251142
2024-09-01,Swiggy Instamart,West,BEC-KT-002,124,124,52080,2938.55,3649.67,3,3,Kitchen Towel 6-roll,Kitchen Towel,Towel,420,205,N,6 rolls,Matched,49141.45,25420,0.482717746,13.46462831,20071.78,0.024193548
2024-05-01,Amazon,West,BEC-CLN-002,476,476,88060,24778.2,20372.56,10,10,Dishwash Liquid 750ml,Cleaners,Dishwash,185,88,N,750 ml,Matched,63281.8,41888,0.338071926,3.1062272,1021.24,0.021008403
2025-04-01,Swiggy Instamart,North,BEC-CLN-004,286,286,28314,4755.86,5197.06,15,15,Handwash 250ml,Cleaners,Handwash,99,44,N,250 ml,Matched,23558.14,12584,0.465832192,4.532974412,5777.08,0.052447552
2024-03-01,Blinkit,West,BEC-KT-002,244,244,102480,27455.08,7741.01,9,9,Kitchen Towel 6-roll,Kitchen Towel,Towel,420,205,N,6 rolls,Matched,75024.92,50020,0.333288193,9.691877417,17263.91,0.036885246
2024-02-01,Blinkit,South,BEC-CMB-001,34,34,23766,6598.47,876.73,0,0,Home Cleaning Combo,Others,Combo,699,330,Y,4 items,Matched,17167.53,11220,0.346440635,19.58131922,5070.8,0
2024-10-01,Swiggy Instamart,South,BEC-CMB-001,13,13,9087,2323.95,677.09,0,0,Home Cleaning Combo,Others,Combo,699,330,Y,4 items,Matched,6763.05,4290,0.365670814,9.988406268,1795.96,0
2025-02-01,Flipkart,North,BEC-GB-002,229,229,40991,6215.55,5070.63,7,7,Garbage Bag Large 15s,Garbage Bags,Large,179,86,N,15 bags,Matched,34775.45,19694,0.433680944,6.858210913,10010.82,0.030567686
2024-09-01,Zepto,North,BEC-CLN-004,224,224,22176,1990.39,6650.73,7,7,Handwash 250ml,Cleaners,Handwash,99,44,N,250 ml,Matched,20185.61,9856,0.511731377,3.035096899,3678.88,0.03125
2025-01-01,Flipkart,South,BEC-KT-002,136,136,57120,7765.45,2677.16,3,3,Kitchen Towel 6-roll,Kitchen Towel,Towel,420,205,N,6 rolls,Matched,49354.55,27880,0.435107807,18.4354129,18797.39,0.022058824
2024-10-01,Blinkit,South,BEC-CLN-004,240,240,23760,1471.28,6799.06,11,11,Handwash 250ml,Cleaners,Handwash,99,44,N,250 ml,Matched,22288.72,10560,0.526217746,3.278206105,4929.66,0.045833333
2024-08-01,Zepto,South,BEC-CLN-003,231,231,69069,11296.53,15217.73,6,6,Laundry Liquid 1L,Cleaners,Laundry,299,150,N,1 L,Matched,57772.47,34650,0.400233364,3.796392103,7904.74,0.025974026
2024-09-01,Zepto,West,BEC-CLN-003,291,291,87009,20055.36,12188,13,13,Laundry Liquid 1L,Cleaners,Laundry,299,150,N,1 L,Matched,66953.64,43650,0.348056357,5.493406629,11115.64,0.04467354
2025-06-01,Swiggy Instamart,North,BEC-GB-002,163,163,29177,5214.02,1501.45,8,8,Garbage Bag Large 15s,Garbage Bags,Large,179,86,N,15 bags,Matched,23962.98,14018,0.415014326,15.9598921,8443.53,0.049079755
2025-03-01,Amazon,North,BEC-CMB-001,82,82,57318,7279.35,4129.64,2,2,Home Cleaning Combo,Others,Combo,699,330,Y,4 items,Matched,50038.65,27060,0.459218024,12.11695208,18849.01,0.024390244
2024-03-01,Blinkit,South,BEC-GB-001,192,192,28608,6304.89,1922.06,6,6,Garbage Bag Medium 30s,Garbage Bags,Medium,149,70,N,30 bags,Matched,22303.11,13440,0.397393458,11.60375326,6941.05,0.03125
2025-01-01,Zepto,South,BEC-OTH-001,80,80,11920,2349.67,1214.72,1,1,Bamboo Wet Wipes 72s,Others,Wipes,149,72,N,72 wipes,Matched,9570.33,5760,0.398139876,7.878630466,2595.61,0.0125
2024-08-01,Amazon,North,BEC-CMB-001,62,62,43338,9354.51,5061.75,2,2,Home Cleaning Combo,Others,Combo,699,330,Y,4 items,Matched,33983.49,20460,0.397942942,6.713782783,8461.74,0.032258065
2024-11-01,Zepto,West,BEC-GB-002,250,250,44750,11814.68,4355.63,10,10,Garbage Bag Large 15s,Garbage Bags,Large,179,86,N,15 bags,Matched,32935.32,21500,0.347205371,7.561551371,7079.69,0.04
2024-05-01,Amazon,South,BEC-BW-002,127,127,22225,5334.55,1542.91,5,5,Parchment Paper Roll,Bake & Wrap,Bake,175,92,N,20 m,Matched,16890.45,11684,0.308248152,10.94713885,3663.54,0.039370079
2024-01-01,D2C,South,BEC-KT-001,101,101,16160,1477.46,2031.16,15,15,Kitchen Towel 2-roll,Kitchen Towel,Towel,160,78,N,2 rolls,Matched,14682.54,7878,0.463444336,7.228647669,4773.38,0.148514851
2025-02-01,D2C,North,BEC-GB-002,163,163,29177,723.8,3172.81,15,15,Garbage Bag Large 15s,Garbage Bags,Large,179,86,N,15 bags,Matched,28453.2,14018,0.507331337,8.967823475,11262.39,0.09202454
2024-08-01,Swiggy Instamart,West,BEC-TIS-001,131,131,12445,2461.74,1273.07,4,4,Bamboo Facial Tissue 100s,Tissues,Facial,95,42,N,100 pulls,Matched,9983.26,5502,0.448877421,7.841878294,3208.19,0.030534351
2024-12-01,Swiggy Instamart,South,BEC-TIS-001,120,120,11400,1911.73,496.13,5,5,Bamboo Facial Tissue 100s,Tissues,Facial,95,42,N,100 pulls,Matched,9488.27,5040,0.468817814,19.12456413,3952.14,0.041666667
2024-01-01,Blinkit,North,BEC-BW-001,140,140,30800,3321.65,3840.66,5,5,Compostable Cling Wrap,Bake & Wrap,Wrap,220,118,N,30 m,Matched,27478.35,16520,0.398799418,7.154590617,7117.69,0.035714286
2024-06-01,Amazon,West,BEC-CLN-003,710,710,212290,51241.94,43004.18,35,35,Laundry Liquid 1L,Cleaners,Laundry,299,150,N,1 L,Matched,161048.06,106500,0.338706719,3.744939678,11543.88,0.049295775
2025-01-01,Zepto,South,BEC-BW-002,87,87,15225,1948.98,1717.8,3,3,Parchment Paper Roll,Bake & Wrap,Bake,175,92,N,20 m,Matched,13276.02,8004,0.397108471,7.728501572,3554.22,0.034482759
2024-04-01,Blinkit,North,BEC-KT-001,269,269,43040,4843.99,5395.61,7,7,Kitchen Towel 2-roll,Kitchen Towel,Towel,160,78,N,2 rolls,Matched,38196.01,20982,0.450675607,7.079090223,11818.4,0.026022305
2024-06-01,Blinkit,North,BEC-OTH-001,126,126,18774,5485.82,1926.68,4,4,Bamboo Wet Wipes 72s,Others,Wipes,149,72,N,72 wipes,Matched,13288.18,9072,0.317287996,6.896931509,2289.5,0.031746032
2024-12-01,Amazon,South,BEC-BW-001,107,107,23540,6973.87,1488.9,3,3,Compostable Cling Wrap,Bake & Wrap,Wrap,220,118,N,30 m,Matched,16566.13,12626,0.237842514,11.12642219,2451.23,0.028037383
2024-07-01,Swiggy Instamart,North,BEC-GB-002,147,147,26313,6768.61,2260.13,6,6,Garbage Bag Large 15s,Garbage Bags,Large,179,86,N,15 bags,Matched,19544.39,12642,0.35316477,8.647462757,4642.26,0.040816327
2025-03-01,Zepto,South,BEC-CLN-004,280,280,27720,7080.69,4729.18,15,15,Handwash 250ml,Cleaners,Handwash,99,44,N,250 ml,Matched,20639.31,12320,0.40308082,4.364247079,3590.13,0.053571429
2025-04-01,Flipkart,West,BEC-TIS-001,376,376,35720,5457.62,2192.97,9,9,Bamboo Facial Tissue 100s,Tissues,Facial,95,42,N,100 pulls,Matched,30262.38,15792,0.478163978,13.79972366,12277.41,0.02393617
2024-02-01,Flipkart,West,BEC-CLN-004,263,263,26037,5385.4,3768.03,6,6,Handwash 250ml,Cleaners,Handwash,99,44,N,250 ml,Matched,20651.6,11572,0.439656007,5.480741926,5311.57,0.022813688
2024-06-01,Blinkit,West,BEC-CLN-004,529,529,52371,14333.96,10285.11,21,21,Handwash 250ml,Cleaners,Handwash,99,44,N,250 ml,Matched,38037.04,23276,0.388070155,3.698262828,4475.93,0.039697543
2024-10-01,Flipkart,South,BEC-OTH-001,50,50,7450,1373.57,481.43,2,2,Bamboo Wet Wipes 72s,Others,Wipes,149,72,N,72 wipes,Matched,6076.43,3600,0.407546866,12.62162724,1995,0.04
2024-08-01,Blinkit,South,BEC-CLN-004,188,188,18612,2664.15,3547.93,4,4,Handwash 250ml,Cleaners,Handwash,99,44,N,250 ml,Matched,15947.85,8272,0.481309393,4.494973125,4127.92,0.021276596
2024-09-01,Swiggy Instamart,West,BEC-CLN-002,164,164,30340,8413.21,5754.98,7,7,Dishwash Liquid 750ml,Cleaners,Dishwash,185,88,N,750 ml,Matched,21926.79,14432,0.341809722,3.810054944,1739.81,0.042682927
2024-11-01,Swiggy Instamart,West,BEC-CLN-002,266,266,49210,10800.62,8330.49,15,15,Dishwash Liquid 750ml,Cleaners,Dishwash,185,88,N,750 ml,Matched,38409.38,23408,0.390565534,4.61069877,6670.89,0.056390977
2024-10-01,Zepto,South,BEC-KT-001,138,138,22080,1136.33,1375.2,5,5,Kitchen Towel 2-roll,Kitchen Towel,Towel,160,78,N,2 rolls,Matched,20943.67,10764,0.486049962,15.22954479,8804.47,0.036231884
2024-12-01,Amazon,North,BEC-TIS-001,282,282,26790,3270.17,1192.46,13,13,Bamboo Facial Tissue 100s,Tissues,Facial,95,42,N,100 pulls,Matched,23519.83,11844,0.496424932,19.72378948,10483.37,0.046099291
2025-03-01,Flipkart,North,BEC-CLN-004,300,300,29700,1485.62,5909.31,15,15,Handwash 250ml,Cleaners,Handwash,99,44,N,250 ml,Matched,28214.38,13200,0.532153462,4.774564205,9105.07,0.05
2025-02-01,Zepto,West,BEC-GB-001,263,263,39187,5200.28,4352.43,11,11,Garbage Bag Medium 30s,Garbage Bags,Medium,149,70,N,30 bags,Matched,33986.72,18410,0.458317837,7.808676992,11224.29,0.041825095
2025-01-01,Amazon,West,BEC-CMB-001,61,61,42639,9388.58,1789.57,1,1,Home Cleaning Combo,Others,Combo,699,330,Y,4 items,Matched,33250.42,20130,0.394594113,18.58011701,11330.85,0.016393443
2024-04-01,Swiggy Instamart,North,BEC-GB-001,182,182,27118,5105.36,1112.74,4,4,Garbage Bag Medium 30s,Garbage Bags,Medium,149,70,N,30 bags,Matched,22012.64,12740,0.421241614,19.78237504,8159.9,0.021978022
2024-02-01,Blinkit,West,BEC-OTH-001,155,155,23095,5811.86,971.51,3,3,Bamboo Wet Wipes 72s,Others,Wipes,149,72,N,72 wipes,Matched,17283.14,11160,0.354284002,17.78997643,5151.63,0.019354839
2025-06-01,Amazon,North,BEC-TIS-002,436,436,78480,14224.04,7380.39,18,18,Bamboo Toilet Roll 4-pack,Tissues,Toilet Roll,180,95,N,4 rolls,Matched,64255.96,41420,0.355390535,8.706309558,15455.57,0.041284404
2024-05-01,Blinkit,North,BEC-BW-002,165,165,28875,3450.63,1487.34,4,4,Parchment Paper Roll,Bake & Wrap,Bake,175,92,N,20 m,Matched,25424.37,15180,0.402935058,17.09385211,8757.03,0.024242424
2024-06-01,Swiggy Instamart,West,BEC-CMB-001,26,26,18174,2817.47,1600.72,1,1,Home Cleaning Combo,Others,Combo,699,330,Y,4 items,Matched,15356.53,8580,0.441280029,9.593514169,5175.81,0.038461538
2024-01-01,Swiggy Instamart,North,BEC-CLN-001,167,167,33233,7646.86,4932.88,8,8,Floor Cleaner 1L,Cleaners,Floor Cleaner,199,96,N,1 L,Matched,25586.14,16032,0.373410761,5.18685636,4621.26,0.047904192
2024-06-01,Zepto,South,BEC-BW-001,78,78,17160,4736.97,1694.45,4,4,Compostable Cling Wrap,Bake & Wrap,Wrap,220,118,N,30 m,Matched,12423.03,9204,0.259117945,7.331600224,1524.58,0.051282051
2024-06-01,Zepto,West,BEC-KT-001,272,272,43520,10343.4,2639.29,10,10,Kitchen Towel 2-roll,Kitchen Towel,Towel,160,78,N,2 rolls,Matched,33176.6,21216,0.360513133,12.57027458,9321.31,0.036764706
2024-09-01,Swiggy Instamart,South,BEC-CLN-003,95,95,28405,7016.47,5912.17,4,4,Laundry Liquid 1L,Cleaners,Laundry,299,150,N,1 L,Matched,21388.53,14250,0.333755055,3.617712278,1226.36,0.042105263
2025-03-01,Blinkit,South,BEC-OTH-001,122,122,18178,1494.68,1803.79,5,5,Bamboo Wet Wipes 72s,Others,Wipes,149,72,N,72 wipes,Matched,16683.32,8784,0.473486093,9.24903675,6095.53,0.040983607
2024-09-01,Blinkit,North,BEC-CLN-003,208,208,62192,8674.6,12559.63,10,10,Laundry Liquid 1L,Cleaners,Laundry,299,150,N,1 L,Matched,53517.4,31200,0.417012037,4.261065015,9757.77,0.048076923
2024-08-01,Swiggy Instamart,North,BEC-CLN-002,119,119,22015,5868.68,5027.58,6,6,Dishwash Liquid 750ml,Cleaners,Dishwash,185,88,N,750 ml,Matched,16146.32,10472,0.351431162,3.211549095,646.74,0.050420168
2024-10-01,Swiggy Instamart,West,BEC-TIS-002,151,151,27180,3317.67,1938.35,3,3,Bamboo Toilet Roll 4-pack,Tissues,Toilet Roll,180,95,N,4 rolls,Matched,23862.33,14345,0.398843281,12.31064049,7578.98,0.01986755
2025-03-01,Amazon,West,BEC-GB-001,549,549,81801,15365.05,9752.2,13,13,Garbage Bag Medium 30s,Garbage Bags,Medium,149,70,N,30 bags,Matched,66435.95,38430,0.421548123,6.812406431,18253.75,0.023679417
2025-03-01,Zepto,West,BEC-GB-001,308,308,45892,9557.76,5446,6,6,Garbage Bag Medium 30s,Garbage Bags,Medium,149,70,N,30 bags,Matched,36334.24,21560,0.406620312,6.67172971,9328.24,0.019480519
2024-02-01,Swiggy Instamart,South,BEC-OTH-001,62,62,9238,1021.84,701.95,2,2,Bamboo Wet Wipes 72s,Others,Wipes,149,72,N,72 wipes,Matched,8216.16,4464,0.456680493,11.7047653,3050.21,0.032258065
2024-05-01,Flipkart,North,BEC-BW-002,99,99,17325,1713.86,1676.52,5,5,Parchment Paper Roll,Bake & Wrap,Bake,175,92,N,20 m,Matched,15611.14,9108,0.416570475,9.311633622,4826.62,0.050505051
2025-05-01,Swiggy Instamart,South,BEC-CLN-002,144,144,26640,2243.42,8036.06,2,2,Dishwash Liquid 750ml,Cleaners,Dishwash,185,88,N,750 ml,Matched,24396.58,12672,0.480582934,3.035888234,3688.52,0.013888889
2024-02-01,Swiggy Instamart,West,BEC-BW-002,83,83,14525,3619.27,699.21,1,1,Parchment Paper Roll,Bake & Wrap,Bake,175,92,N,20 m,Matched,10905.73,7636,0.299817619,15.59721686,2570.52,0.012048193
2024-09-01,D2C,West,BEC-CLN-004,235,235,23265,0,4665.24,26,26,Handwash 250ml,Cleaners,Handwash,99,44,N,250 ml,Matched,23265,10340,0.555555556,4.986881704,8259.76,0.110638298
2024-04-01,Zepto,North,BEC-TIS-002,223,223,40140,3180.97,4833.4,5,5,Bamboo Toilet Roll 4-pack,Tissues,Toilet Roll,180,95,N,4 rolls,Matched,36959.03,21185,0.426797727,7.646590392,10940.63,0.022421525
2024-05-01,Zepto,North,BEC-BW-001,-82,,18040,1172.65,1153.11,2,2,Compostable Cling Wrap,Bake & Wrap,Wrap,220,118,N,30 m,Matched,16867.35,,,14.62770247,,
2025-04-01,Zepto,North,BEC-TIS-001,327,327,31065,4906.07,3091.24,13,13,Bamboo Facial Tissue 100s,Tissues,Facial,95,42,N,100 pulls,Matched,26158.93,13734,0.474978525,8.462277274,9333.69,0.039755352
2025-03-01,Amazon,North,BEC-CLN-004,592,592,58608,6991.64,12061.37,31,31,Handwash 250ml,Cleaners,Handwash,99,44,N,250 ml,Matched,51616.36,26048,0.495353799,4.279477373,13506.99,0.052364865
2024-07-01,Zepto,West,BEC-CLN-004,426,426,42174,6077.29,7305.31,24,24,Handwash 250ml,Cleaners,Handwash,99,44,N,250 ml,Matched,36096.71,18744,0.480728299,4.941160608,10047.4,0.056338028
2025-04-01,Amazon,South,BEC-BW-001,213,213,46860,11886.58,4969.53,6,6,Compostable Cling Wrap,Bake & Wrap,Wrap,220,118,N,30 m,Matched,34973.42,25134,0.281339943,7.037570957,4869.89,0.028169014
2024-06-01,Blinkit,North,BEC-CLN-004,356,356,35244,6362.65,5259.45,20,20,Handwash 250ml,Cleaners,Handwash,99,44,N,250 ml,Matched,28881.35,15664,0.457643081,5.491325139,7957.9,0.056179775
2024-10-01,Amazon,North,BEC-CLN-002,435,435,80475,14520.26,16234.2,18,18,Dishwash Liquid 750ml,Cleaners,Dishwash,185,88,N,750 ml,Matched,65954.74,38280,0.419601988,4.062703429,11440.54,0.04137931
2025-03-01,Swiggy Instamart,North,BEC-BW-002,82,82,14350,2930.8,1032.79,2,2,Parchment Paper Roll,Bake & Wrap,Bake,175,92,N,20 m,Matched,11419.2,7544,0.339358274,11.05665237,2842.41,0.024390244
2024-04-01,Amazon,West,BEC-GB-001,454,454,67646,11851.92,5730.18,23,23,Garbage Bag Medium 30s,Garbage Bags,Medium,149,70,N,30 bags,Matched,55794.08,31780,0.43040552,9.736880866,18283.9,0.050660793
2025-01-01,Amazon,North,BEC-CMB-001,61,61,42639,12680.3,2935.27,3,3,Home Cleaning Combo,Others,Combo,699,330,Y,4 items,Matched,29958.7,20130,0.328074983,10.2064546,6893.43,0.049180328
2024-06-01,Flipkart,South,BEC-TIS-002,187,187,33660,3422.17,2280.92,5,5,Bamboo Toilet Roll 4-pack,Tissues,Toilet Roll,180,95,N,4 rolls,Matched,30237.83,17765,0.41249091,13.25685688,10191.91,0.026737968
2024-10-01,Amazon,West,BEC-BW-001,249,249,54780,7711.12,6452.46,12,12,Compostable Cling Wrap,Bake & Wrap,Wrap,220,118,N,30 m,Matched,47068.88,29382,0.375765899,7.294718603,11234.42,0.048192771
2024-11-01,Blinkit,South,BEC-TIS-002,227,227,40860,3500.52,4064.82,6,6,Bamboo Toilet Roll 4-pack,Tissues,Toilet Roll,180,95,N,4 rolls,Matched,37359.48,21565,0.422770338,9.190930964,11729.66,0.026431718
2025-01-01,D2C,North,BEC-OTH-001,63,63,9387,660.79,1214.82,6,6,Bamboo Wet Wipes 72s,Others,Wipes,149,72,N,72 wipes,Matched,8726.21,4536,0.480186702,7.183130011,2975.39,0.095238095
2024-05-01,Amazon,South,BEC-KT-002,286,286,120120,35604.98,7425.46,17,17,Kitchen Towel 6-roll,Kitchen Towel,Towel,420,205,N,6 rolls,Matched,84515.02,58630,0.306277156,11.38178914,18459.56,0.059440559
2024-11-01,Amazon,North,BEC-OTH-001,119,119,17731,1502.88,2053.7,6,6,Bamboo Wet Wipes 72s,Others,Wipes,149,72,N,72 wipes,Matched,16228.12,8568,0.472027567,7.901894142,5606.42,0.050420168
2024-02-01,Zepto,South,BEC-KT-002,177,177,74340,8964.74,5905.86,9,9,Kitchen Towel 6-roll,Kitchen Towel,Towel,420,205,N,6 rolls,Matched,65375.26,36285,0.444973527,11.06955803,23184.4,0.050847458
2024-03-01,Flipkart,West,BEC-CLN-004,392,392,38808,6922.92,8033.13,21,21,Handwash 250ml,Cleaners,Handwash,99,44,N,250 ml,Matched,31885.08,17248,0.45905734,3.969197561,6603.95,0.053571429
2024-06-01,Zepto,South,BEC-GB-001,134,134,19966,4032.95,1429.05,5,5,Garbage Bag Medium 30s,Garbage Bags,Medium,149,70,N,30 bags,Matched,15933.05,9380,0.411286602,11.14939995,5124,0.037313433
2024-03-01,Swiggy Instamart,North,BEC-TIS-001,129,129,12255,3141.7,741.52,5,5,Bamboo Facial Tissue 100s,Tissues,Facial,95,42,N,100 pulls,Matched,9113.3,5418,0.405484292,12.29002589,2953.78,0.03875969
2024-03-01,D2C,South,BEC-KT-001,150,150,24000,2648.45,2026.93,19,19,Kitchen Towel 2-roll,Kitchen Towel,Towel,160,78,N,2 rolls,Matched,21351.55,11700,0.452030415,10.53393556,7624.62,0.126666667
2025-06-01,Swiggy Instamart,West,BEC-CLN-003,266,266,79534,20346.51,19897.28,5,5,Laundry Liquid 1L,Cleaners,Laundry,299,150,N,1 L,Matched,59187.49,39900,0.325871058,2.974652314,-609.79,0.018796992
2024-10-01,Flipkart,West,BEC-GB-001,147,147,21903,2514.72,1926.33,5,5,Garbage Bag Medium 30s,Garbage Bags,Medium,149,70,N,30 bags,Matched,19388.28,10290,0.469267,10.06487985,7171.95,0.034013605
2024-08-01,Flipkart,South,BEC-OTH-001,50,50,7450,1689.58,618.32,2,2,Bamboo Wet Wipes 72s,Others,Wipes,149,72,N,72 wipes,Matched,5760.42,3600,0.37504557,9.316244016,1542.1,0.04
2024-10-01,Swiggy Instamart,West,BEC-BW-002,89,89,15575,4406.38,773.59,4,4,Parchment Paper Roll,Bake & Wrap,Bake,175,92,N,20 m,Matched,11168.62,8188,0.266874511,14.43738931,2207.03,0.04494382
2025-01-01,Amazon,South,BEC-CLN-001,360,360,71640,12856.22,18015.44,14,14,Floor Cleaner 1L,Cleaners,Floor Cleaner,199,96,N,1 L,Matched,58783.78,34560,0.412082721,3.262966655,6208.34,0.038888889
2025-03-01,Zepto,North,BEC-OTH-001,142,142,21158,4725.31,1031.24,6,6,Bamboo Wet Wipes 72s,Others,Wipes,149,72,N,72 wipes,Matched,16432.69,10224,0.377825542,15.93488422,5177.45,0.042253521
2025-04-01,D2C,West,BEC-CLN-003,356,356,106444,4795.72,29684.71,39,39,Laundry Liquid 1L,Cleaners,Laundry,299,150,N,1 L,Matched,101648.28,53400,0.474659089,3.424263872,18563.57,0.109550562
2024-08-01,Flipkart,North,BEC-CMB-001,23,23,16077,3129.06,1179.34,0,0,Home Cleaning Combo,Others,Combo,699,330,Y,4 items,Matched,12947.94,7590,0.413806366,10.97897129,4178.6,0
2024-01-01,Swiggy Instamart,South,BEC-TIS-001,156,156,14820,1839.1,1319,5,5,Bamboo Facial Tissue 100s,Tissues,Facial,95,42,N,100 pulls,Matched,12980.9,6552,0.495258418,9.841470811,5109.9,0.032051282
2025-03-01,Flipkart,South,BEC-GB-002,148,148,26492,7288.72,2520.21,5,5,Garbage Bag Large 15s,Garbage Bags,Large,179,86,N,15 bags,Matched,19203.28,12728,0.337196562,7.61971423,3955.07,0.033783784
2024-02-01,Zepto,West,BEC-BW-001,150,150,33000,9733.55,2292.97,7,7,Compostable Cling Wrap,Bake & Wrap,Wrap,220,118,N,30 m,Matched,23266.45,17700,0.23924793,10.14686193,3273.48,0.046666667
2024-12-01,Flipkart,North,BEC-KT-002,177,177,74340,21485.2,6069.71,4,4,Kitchen Towel 6-roll,Kitchen Towel,Towel,420,205,N,6 rolls,Matched,52854.8,36285,0.313496598,8.707961336,10500.09,0.02259887
2024-02-01,Blinkit,West,BEC-BW-002,177,177,30975,5494.1,1348.03,4,4,Parchment Paper Roll,Bake & Wrap,Bake,175,92,N,20 m,Matched,25480.9,16284,0.360933091,18.90232413,7848.87,0.02259887
2024-07-01,D2C,North,BEC-CLN-004,149,149,14751,2024.41,3710.74,22,22,Handwash 250ml,Cleaners,Handwash,99,44,N,250 ml,Matched,12726.59,6556,0.484858081,3.429663625,2459.85,0.147651007
2024-05-01,Amazon,North,BEC-CLN-003,353,353,105547,9477.38,22608.12,18,18,Laundry Liquid 1L,Cleaners,Laundry,299,150,N,1 L,Matched,96069.62,52950,0.448837208,4.249341387,20511.5,0.050991501
2024-04-01,Zepto,West,BEC-KT-002,237,237,99540,14145.58,10359.05,5,5,Kitchen Towel 6-roll,Kitchen Towel,Towel,420,205,N,6 rolls,Matched,85394.42,48585,0.431051818,8.243460549,26450.37,0.021097046
2024-08-01,Flipkart,South,BEC-CLN-002,152,152,28120,3538.79,4637.36,5,5,Dishwash Liquid 750ml,Cleaners,Dishwash,185,88,N,750 ml,Matched,24581.21,13376,0.455844525,5.300690479,6567.85,0.032894737
2024-03-01,Swiggy Instamart,West,BEC-TIS-001,245,245,23275,1351.22,2517.79,12,12,Bamboo Facial Tissue 100s,Tissues,Facial,95,42,N,100 pulls,Matched,21923.78,10290,0.530646631,8.707549081,9115.99,0.048979592
2025-06-01,D2C,South,BEC-CLN-004,225,225,22275,2915.18,5573.59,31,31,Handwash 250ml,Cleaners,Handwash,99,44,N,250 ml,Matched,19359.82,9900,0.488631609,3.47349195,3886.23,0.137777778
2024-02-01,Zepto,West,BEC-CLN-004,385,385,38115,3871.77,9944.95,7,7,Handwash 250ml,Cleaners,Handwash,99,44,N,250 ml,Matched,34243.23,16940,0.505303676,3.443278247,7358.28,0.018181818
2024-01-01,Zepto,South,BEC-CLN-004,219,219,21681,6463.37,3974.42,6,6,Handwash 250ml,Cleaners,Handwash,99,44,N,250 ml,Matched,15217.63,9636,0.366787075,3.828893272,1607.21,0.02739726
2024-02-01,D2C,South,BEC-KT-001,87,87,13920,838.19,1583.07,13,13,Kitchen Towel 2-roll,Kitchen Towel,Towel,160,78,N,2 rolls,Matched,13081.81,6786,0.481264443,8.263570152,4712.74,0.149425287
2024-05-01,Blinkit,South,BEC-GB-002,240,240,42960,11905.84,2283.09,11,11,Garbage Bag Large 15s,Garbage Bags,Large,179,86,N,15 bags,Matched,31054.16,20640,0.335354748,13.60181158,8131.07,0.045833333
2024-03-01,D2C,West,BEC-GB-001,177,177,26373,1220.04,1388.71,23,23,Garbage Bag Medium 30s,Garbage Bags,Medium,149,70,N,30 bags,Matched,25152.96,12390,0.507413839,18.11246409,11374.25,0.129943503
2024-06-01,D2C,South,BEC-KT-001,93,93,14880,2162.02,1374.81,10,10,Kitchen Towel 2-roll,Kitchen Towel,Towel,160,78,N,2 rolls,Matched,12717.98,7254,0.429626403,9.250718281,4089.17,0.107526882
2025-03-01,Flipkart,West,BEC-CMB-001,60,60,41940,9499.57,2673.44,2,2,Home Cleaning Combo,Others,Combo,699,330,Y,4 items,Matched,32440.43,19800,0.389650507,12.13434003,9966.99,0.033333333
2025-06-01,Zepto,South,BEC-CMB-001,40,40,27960,6783.8,1524.51,2,2,Home Cleaning Combo,Others,Combo,699,330,Y,4 items,Matched,21176.2,13200,0.376658702,13.89049596,6451.69,0.05
2025-01-01,D2C,South,BEC-KT-002,138,138,57960,4012.23,5161.94,19,19,Kitchen Towel 6-roll,Kitchen Towel,Towel,420,205,N,6 rolls,Matched,53947.77,28290,0.475603904,10.45106491,20495.83,0.137681159
2025-06-01,Blinkit,North,BEC-BW-002,122,122,21350,4292.19,1470.72,4,4,Parchment Paper Roll,Bake & Wrap,Bake,175,92,N,20 m,Matched,17057.81,11224,0.342002285,11.59827159,4363.09,0.032786885
2025-02-01,Zepto,North,BEC-XXX-999,93,93,13857,1097.44,1443.03,2,2,,,,,,,,Unmatched - Review,12759.56,,,8.842200093,,0.021505376
2024-08-01,Blinkit,West,BEC-CLN-003,299,299,89401,24373.75,18611.33,10,10,Laundry Liquid 1L,Cleaners,Laundry,299,150,N,1 L,Matched,65027.25,44850,0.310289148,3.493960399,1565.92,0.033444816
2024-07-01,Flipkart,North,BEC-GB-002,113,113,20227,2398.95,2451,3,3,Garbage Bag Large 15s,Garbage Bags,Large,179,86,N,15 bags,Matched,17828.05,9718,0.454903929,7.27378621,5659.05,0.026548673
2024-09-01,Flipkart,North,BEC-CLN-002,163,163,30155,3467.7,8578.36,8,8,Dishwash Liquid 750ml,Cleaners,Dishwash,185,88,N,750 ml,Matched,26687.3,14344,0.462515878,3.111002569,3764.94,0.049079755
2024-12-01,Blinkit,North,BEC-CLN-003,271,271,81029,20233.03,17203.62,13,13,Laundry Liquid 1L,Cleaners,Laundry,299,150,N,1 L,Matched,60795.97,40650,0.331370155,3.533905655,2942.35,0.04797048
2024-07-01,Blinkit,North,BEC-CLN-004,219,219,21681,3675.32,4719.79,8,8,Handwash 250ml,Cleaners,Handwash,99,44,N,250 ml,Matched,18005.68,9636,0.464835541,3.814932444,3649.89,0.03652968
2024-09-01,Swiggy Instamart,South,BEC-BW-002,41,41,7175,970.93,318.22,2,2,Parchment Paper Roll,Bake & Wrap,Bake,175,92,N,20 m,Matched,6204.07,3772,0.392012018,19.49616617,2113.85,0.048780488
2025-04-01,Blinkit,North,BEC-CLN-003,440,440,131560,11748.36,39121.73,9,9,Laundry Liquid 1L,Cleaners,Laundry,299,150,N,1 L,Matched,119811.64,66000,0.449135326,3.0625343,14689.91,0.020454545
2024-08-01,D2C,West,BEC-OTH-001,78,78,11622,1677.38,956.23,10,10,Bamboo Wet Wipes 72s,Others,Wipes,149,72,N,72 wipes,Matched,9944.62,5616,0.435272539,10.39982013,3372.39,0.128205128
2025-01-01,Flipkart,South,BEC-CLN-001,250,250,49750,14922.39,6919.11,5,5,Floor Cleaner 1L,Cleaners,Floor Cleaner,199,96,N,1 L,Matched,34827.61,24000,0.31089156,5.033538996,3908.5,0.02
2025-06-01,Zepto,North,BEC-GB-002,186,186,33294,2893.66,2420.14,8,8,Garbage Bag Large 15s,Garbage Bags,Large,179,86,N,15 bags,Matched,30400.34,15996,0.473821674,12.56139727,11984.2,0.043010753
2024-02-01,Blinkit,North,BEC-CLN-002,342,342,63270,9443.86,18279.4,13,13,Dishwash Liquid 750ml,Cleaners,Dishwash,185,88,N,750 ml,Matched,53826.14,30096,0.440866464,2.94463385,5450.74,0.038011696
2025-01-01,D2C,North,BEC-CLN-003,233,233,69667,9607.22,19752.47,34,34,Laundry Liquid 1L,Cleaners,Laundry,299,150,N,1 L,Matched,60059.78,34950,0.418079787,3.040621249,5357.31,0.145922747
2024-04-01,Flipkart,North,BEC-BW-002,105,105,18375,3618.07,1801.85,3,3,Parchment Paper Roll,Bake & Wrap,Bake,175,92,N,20 m,Matched,14756.93,9660,0.3453923,8.189877071,3295.08,0.028571429
2025-04-01,Amazon,North,BEC-OTH-001,131,131,19519,3854.66,2079.09,6,6,Bamboo Wet Wipes 72s,Others,Wipes,149,72,N,72 wipes,Matched,15664.34,9432,0.397868024,7.534228917,4153.25,0.045801527
2024-11-01,Swiggy Instamart,West,BEC-GB-001,144,144,21456,2968.44,2017.06,7,7,Garbage Bag Medium 30s,Garbage Bags,Medium,149,70,N,30 bags,Matched,18487.56,10080,0.454768504,9.165597454,6390.5,0.048611111
2024-04-01,D2C,West,BEC-BW-002,126,126,22050,3297.53,1364.57,20,20,Parchment Paper Roll,Bake & Wrap,Bake,175,92,N,20 m,Matched,18752.47,11592,0.381841432,13.74240237,5795.9,0.158730159
2024-03-01,Blinkit,North,BEC-GB-002,282,282,50478,14948.05,4386.43,14,14,Garbage Bag Large 15s,Garbage Bags,Large,179,86,N,15 bags,Matched,35529.95,24252,0.317420936,8.099969679,6891.52,0.04964539
2024-02-01,Flipkart,South,BEC-KT-001,132,132,21120,5351.04,1541.51,2,2,Kitchen Towel 2-roll,Kitchen Towel,Towel,160,78,N,2 rolls,Matched,15768.96,10296,0.347071716,10.22955414,3931.45,0.015151515
2024-09-01,Amazon,North,BEC-CMB-001,56,56,39144,3924.02,3990.77,1,1,Home Cleaning Combo,Others,Combo,699,330,Y,4 items,Matched,35219.98,18480,0.475297828,8.825359517,12749.21,0.017857143
2024-01-01,Flipkart,South,BEC-TIS-001,118,118,11210,976.16,820.86,3,3,Bamboo Facial Tissue 100s,Tissues,Facial,95,42,N,100 pulls,Matched,10233.84,4956,0.515724303,12.46721731,4456.98,0.025423729
2024-05-01,Amazon,West,BEC-CLN-001,650,650,129350,21845.77,25019.68,16,16,Floor Cleaner 1L,Cleaners,Floor Cleaner,199,96,N,1 L,Matched,107504.23,62400,0.419557723,4.296786769,20084.55,0.024615385
2024-01-01,Zepto,North,BEC-CLN-004,248,248,24552,5066.36,4769.38,8,8,Handwash 250ml,Cleaners,Handwash,99,44,N,250 ml,Matched,19485.64,10912,0.439997865,4.085570871,3804.26,0.032258065
2024-11-01,Amazon,West,BEC-TIS-002,563,563,101340,5248.32,10259.16,17,17,Bamboo Toilet Roll 4-pack,Tissues,Toilet Roll,180,95,N,4 rolls,Matched,96091.68,53485,0.44339614,9.366427661,32347.52,0.030195382
2024-01-01,Amazon,South,BEC-CLN-004,477,477,47223,7293.12,13035.84,21,21,Handwash 250ml,Cleaners,Handwash,99,44,N,250 ml,Matched,39929.88,20988,0.474378586,3.063084542,5906.04,0.044025157
2024-06-01,Amazon,South,BEC-GB-001,265,265,39485,6316.84,3184.69,15,15,Garbage Bag Medium 30s,Garbage Bags,Medium,149,70,N,30 bags,Matched,33168.16,18550,0.440728699,10.41487869,11433.47,0.056603774
2024-08-01,Blinkit,West,BEC-TIS-002,266,266,47880,5499.74,3615.27,9,9,Bamboo Toilet Roll 4-pack,Tissues,Toilet Roll,180,95,N,4 rolls,Matched,42380.26,25270,0.403731832,11.7225712,13494.99,0.033834586
2024-11-01,Blinkit,South,BEC-CLN-001,258,258,51342,2896.55,12364.23,10,10,Floor Cleaner 1L,Cleaners,Floor Cleaner,199,96,N,1 L,Matched,48445.45,24768,0.488744557,3.918193854,11313.22,0.03875969
2024-11-01,Zepto,South,BEC-TIS-002,205,205,36900,3173.21,2222.81,5,5,Bamboo Toilet Roll 4-pack,Tissues,Toilet Roll,180,95,N,4 rolls,Matched,33726.79,19475,0.422565859,15.17304223,12028.98,0.024390244
2025-02-01,Zepto,South,BEC-CLN-001,217,217,43183,5675.64,11261.38,12,12,Floor Cleaner 1L,Cleaners,Floor Cleaner,199,96,N,1 L,Matched,37507.36,20832,0.444589009,3.33061845,5413.98,0.055299539
2024-08-01,Flipkart,South,BEC-BW-002,71,71,12425,3056.76,732.41,2,2,Parchment Paper Roll,Bake & Wrap,Bake,175,92,N,20 m,Matched,9368.24,6532,0.30275057,12.79097773,2103.83,0.028169014
2025-02-01,Blinkit,South,BEC-BW-002,102,102,17850,4134.15,1913.28,2,2,Parchment Paper Roll,Bake & Wrap,Bake,175,92,N,20 m,Matched,13715.85,9384,0.315828038,7.168762544,2418.57,0.019607843
2025-03-01,Flipkart,North,BEC-KT-002,170,170,71400,15396.48,7445.68,5,5,Kitchen Towel 6-roll,Kitchen Towel,Towel,420,205,N,6 rolls,Matched,56003.52,34850,0.377717686,7.521612532,13707.84,0.029411765
2024-02-01,Amazon,North,BEC-KT-002,391,391,164220,39710.41,16420.71,22,22,Kitchen Towel 6-roll,Kitchen Towel,Towel,420,205,N,6 rolls,Matched,124509.59,80155,0.356234327,7.582472987,27933.88,0.056265985
2025-04-01,Zepto,West,BEC-CLN-004,446,446,44154,8038.18,10896.8,12,12,Handwash 250ml,Cleaners,Handwash,99,44,N,250 ml,Matched,36115.82,19624,0.456637008,3.314351002,5595.02,0.02690583
2025-03-01,Zepto,North,BEC-CLN-004,386,386,38214,4086.59,7583.99,9,9,Handwash 250ml,Cleaners,Handwash,99,44,N,250 ml,Matched,34127.41,16984,0.502335513,4.499928138,9559.42,0.023316062
2024-11-01,Blinkit,North,BEC-KT-002,140,140,58800,10746.42,5417.55,2,2,Kitchen Towel 6-roll,Kitchen Towel,Towel,420,205,N,6 rolls,Matched,48053.58,28700,0.402750014,8.869983664,13936.03,0.014285714
2024-06-01,Zepto,North,BEC-BW-002,103,103,18025,5185.49,1341.12,4,4,Parchment Paper Roll,Bake & Wrap,Bake,175,92,N,20 m,Matched,12839.51,9476,0.261965605,9.573721964,2022.39,0.038834951
2024-01-01,Blinkit,North,BEC-TIS-002,201,201,36180,8473.25,2084.08,4,4,Bamboo Toilet Roll 4-pack,Tissues,Toilet Roll,180,95,N,4 rolls,Matched,27706.75,19095,0.310817761,13.29447526,6527.67,0.019900498
2025-04-01,D2C,North,BEC-CMB-001,29,29,20271,1173.35,1959.68,4,4,Home Cleaning Combo,Others,Combo,699,330,Y,4 items,Matched,19097.65,9570,0.498891225,9.745290047,7567.97,0.137931034
2024-01-01,Swiggy Instamart,West,BEC-TIS-001,171,171,16245,3061.32,1234.06,8,8,Bamboo Facial Tissue 100s,Tissues,Facial,95,42,N,100 pulls,Matched,13183.68,7182,0.455235564,10.68317586,4767.62,0.046783626
2024-10-01,Flipkart,West,BEC-BW-002,115,115,20125,5851.26,714.77,5,5,Parchment Paper Roll,Bake & Wrap,Bake,175,92,N,20 m,Matched,14273.74,10580,0.258778708,19.96969655,2978.97,0.043478261
2024-06-01,Flipkart,West,BEC-BW-002,94,94,16450,3145.07,1580.76,3,3,Parchment Paper Roll,Bake & Wrap,Bake,175,92,N,20 m,Matched,13304.93,8648,0.35001537,8.416793188,3076.17,0.031914894
2024-11-01,Swiggy Instamart,West,BEC-OTH-001,89,89,13261,3912.48,1011.46,1,1,Bamboo Wet Wipes 72s,Others,Wipes,149,72,N,72 wipes,Matched,9348.52,6408,0.314543906,9.242599806,1929.06,0.011235955
2024-02-01,Swiggy Instamart,West,BEC-TIS-001,220,220,20900,2560.43,2177.21,7,7,Bamboo Facial Tissue 100s,Tissues,Facial,95,42,N,100 pulls,Matched,18339.57,9240,0.496171393,8.42342723,6922.36,0.031818182
2024-02-01,Blinkit,South,BEC-TIS-001,189,189,17955,3348.23,2146.62,6,6,Bamboo Facial Tissue 100s,Tissues,Facial,95,42,N,100 pulls,Matched,14606.77,7938,0.456553365,6.804543888,4522.15,0.031746032
2024-10-01,Zepto,South,BEC-OTH-001,54,54,8046,2356.39,452.29,1,1,Bamboo Wet Wipes 72s,Others,Wipes,149,72,N,72 wipes,Matched,5689.61,3888,0.31664912,12.57956179,1349.32,0.018518519
2024-06-01,Swiggy Instamart,West,BEC-CLN-002,194,194,35890,3365.22,7686.79,9,9,Dishwash Liquid 750ml,Cleaners,Dishwash,185,88,N,750 ml,Matched,32524.78,17072,0.475107902,4.23125648,7765.99,0.046391753
2024-09-01,Amazon,South,BEC-CLN-003,361,361,107939,10793.83,18683.27,15,15,Laundry Liquid 1L,Cleaners,Laundry,299,150,N,1 L,Matched,97145.17,54150,0.442586801,5.199580694,24311.9,0.041551247
2024-03-01,D2C,South,BEC-BW-002,52,52,9100,709.05,749.53,6,6,Parchment Paper Roll,Bake & Wrap,Bake,175,92,N,20 m,Matched,8390.95,4784,0.429861935,11.19494883,2857.42,0.115384615
2024-03-01,Swiggy Instamart,West,BEC-CLN-002,268,268,49580,3294.89,11098.89,14,14,Dishwash Liquid 750ml,Cleaners,Dishwash,185,88,N,750 ml,Matched,46285.11,23584,0.490462484,4.170246754,11602.22,0.052238806
2024-12-01,Flipkart,South,BEC-CMB-001,28,28,19572,4103.11,2262.85,0,0,Home Cleaning Combo,Others,Combo,699,330,Y,4 items,Matched,15468.89,9240,0.402672073,6.836020947,3966.04,0
2024-09-01,Amazon,North,BEC-CLN-003,434,434,129766,20573.57,22613.45,21,21,Laundry Liquid 1L,Cleaners,Laundry,299,150,N,1 L,Matched,109192.43,65100,0.403804824,4.828649764,21478.98,0.048387097
2025-01-01,Swiggy Instamart,North,BEC-CLN-001,258,258,51342,12082.79,9387.98,13,13,Floor Cleaner 1L,Cleaners,Floor Cleaner,199,96,N,1 L,Matched,39259.21,24768,0.36911619,4.181859143,5103.23,0.050387597
2025-01-01,Zepto,West,BEC-CLN-003,562,562,168038,33998.67,25687.74,22,22,Laundry Liquid 1L,Cleaners,Laundry,299,150,N,1 L,Matched,134039.33,84300,0.371080115,5.218027355,24051.59,0.039145907
2024-12-01,Amazon,North,BEC-CLN-004,434,434,42966,12669.73,7717.19,15,15,Handwash 250ml,Cleaners,Handwash,99,44,N,250 ml,Matched,30296.27,19096,0.369691384,3.925816262,3483.08,0.034562212
2025-02-01,Swiggy Instamart,South,BEC-KT-002,94,94,39480,8518.38,3179.5,3,3,Kitchen Towel 6-roll,Kitchen Towel,Towel,420,205,N,6 rolls,Matched,30961.62,19270,0.377616546,9.737889605,8512.12,0.031914894
2024-07-01,Swiggy Instamart,West,BEC-BW-002,77,77,13475,3400.75,1011.73,2,2,Parchment Paper Roll,Bake & Wrap,Bake,175,92,N,20 m,Matched,10074.25,7084,0.296821103,9.957449122,1978.52,0.025974026
2024-05-01,D2C,North,BEC-BW-001,90,90,19800,1503.99,2529.89,12,12,Compostable Cling Wrap,Bake & Wrap,Wrap,220,118,N,30 m,Matched,18296.01,10620,0.419545573,7.231938938,5146.12,0.133333333
2024-07-01,Swiggy Instamart,South,BEC-CLN-004,138,138,13662,1163.28,3073.13,7,7,Handwash 250ml,Cleaners,Handwash,99,44,N,250 ml,Matched,12498.72,6072,0.514190253,4.067097715,3353.59,0.050724638
2025-02-01,Blinkit,South,BEC-GB-001,243,243,36207,2674.66,4005.4,10,10,Garbage Bag Medium 30s,Garbage Bags,Medium,149,70,N,30 bags,Matched,33532.34,17010,0.492728512,8.371783093,12516.94,0.041152263
2025-04-01,Zepto,West,BEC-CLN-002,425,425,78625,20489.54,13078.38,19,19,Dishwash Liquid 750ml,Cleaners,Dishwash,185,88,N,750 ml,Matched,58135.46,37400,0.356674911,4.445157581,7657.08,0.044705882
2025-03-01,D2C,South,BEC-KT-001,130,130,20800,2432.81,1547.96,19,19,Kitchen Towel 2-roll,Kitchen Towel,Towel,160,78,N,2 rolls,Matched,18367.19,10140,0.447928616,11.86541642,6679.23,0.146153846
2024-01-01,Zepto,West,BEC-GB-002,259,259,46361,2936.67,6193.04,9,9,Garbage Bag Large 15s,Garbage Bags,Large,179,86,N,15 bags,Matched,43424.33,22274,0.487061746,7.011795499,14957.29,0.034749035
2025-04-01,Flipkart,West,BEC-OTH-001,95,95,14155,3975.02,1038.51,2,2,Bamboo Wet Wipes 72s,Others,Wipes,149,72,N,72 wipes,Matched,10179.98,6840,0.328092983,9.802486254,2301.47,0.021052632
2025-01-01,Flipkart,South,BEC-BW-001,87,87,19140,2272.84,988.94,4,4,Compostable Cling Wrap,Bake & Wrap,Wrap,220,118,N,30 m,Matched,16867.16,10266,0.391361676,17.05579712,5612.22,0.045977011
2024-01-01,Flipkart,North,BEC-TIS-001,134,134,12730,2287.02,624.8,5,5,Bamboo Facial Tissue 100s,Tissues,Facial,95,42,N,100 pulls,Matched,10442.98,5628,0.461073372,16.71411652,4190.18,0.037313433
2025-05-01,Blinkit,North,BEC-TIS-001,401,401,38095,7937.44,3212.8,21,21,Bamboo Facial Tissue 100s,Tissues,Facial,95,42,N,100 pulls,Matched,30157.56,16842,0.441533068,9.386690737,10102.76,0.052369077
2025-04-01,D2C,West,BEC-TIS-002,217,217,39060,3360.78,4965.63,31,31,Bamboo Toilet Roll 4-pack,Tissues,Toilet Roll,180,95,N,4 rolls,Matched,35699.22,20615,0.422536403,7.189262994,10118.59,0.142857143
2024-03-01,Zepto,North,BEC-BW-002,110,110,19250,5092.23,1223.06,6,6,Parchment Paper Roll,Bake & Wrap,Bake,175,92,N,20 m,Matched,14157.77,10120,0.285198163,11.57569539,2814.71,0.054545455
2024-03-01,D2C,North,BEC-GB-001,117,117,17433,2560.4,1139.85,16,16,Garbage Bag Medium 30s,Garbage Bags,Medium,149,70,N,30 bags,Matched,14872.6,8190,0.449322916,13.04785717,5542.75,0.136752137
2024-08-01,Swiggy Instamart,West,BEC-CLN-003,227,227,67873,17741.18,17043.3,7,7,Laundry Liquid 1L,Cleaners,Laundry,299,150,N,1 L,Matched,50131.82,34050,0.320790667,2.941438571,-961.48,0.030837004
2024-06-01,Amazon,North,BEC-CMB-001,71,71,49629,10498.25,3478.48,2,2,Home Cleaning Combo,Others,Combo,699,330,Y,4 items,Matched,39130.75,23430,0.401238157,11.24938191,12222.27,0.028169014
2024-10-01,Zepto,South,BEC-CLN-001,245,245,48755,10192.26,11994,14,14,Floor Cleaner 1L,Cleaners,Floor Cleaner,199,96,N,1 L,Matched,38562.74,23520,0.390084833,3.215169251,3048.74,0.057142857
2025-01-01,Swiggy Instamart,North,BEC-TIS-002,222,222,39960,9866.87,3534.97,5,5,Bamboo Toilet Roll 4-pack,Tissues,Toilet Roll,180,95,N,4 rolls,Matched,30093.13,21090,0.299175593,8.512980308,5468.16,0.022522523
2025-05-01,Flipkart,West,BEC-CLN-001,279,279,55521,16521.11,10835.09,8,8,Floor Cleaner 1L,Cleaners,Floor Cleaner,199,96,N,1 L,Matched,38999.89,26784,0.313228832,3.599406189,1380.8,0.028673835
2024-05-01,Swiggy Instamart,North,BEC-CLN-004,168,168,16632,1239.38,5130.22,8,8,Handwash 250ml,Cleaners,Handwash,99,44,N,250 ml,Matched,15392.62,7392,0.519769864,3.00038205,2870.4,0.047619048
2024-06-01,Amazon,North,BEC-GB-002,307,307,54953,6302.1,3517.44,14,14,Garbage Bag Large 15s,Garbage Bags,Large,179,86,N,15 bags,Matched,48650.9,26402,0.457317336,13.83133756,18731.46,0.045602606
2024-02-01,Flipkart,South,BEC-CLN-004,245,245,24255,6493.28,5628.86,12,12,Handwash 250ml,Cleaners,Handwash,99,44,N,250 ml,Matched,17761.72,10780,0.393076797,3.155473755,1352.86,0.048979592
2024-03-01,Zepto,South,BEC-CLN-001,281,281,55919,5671.87,11001.41,15,15,Floor Cleaner 1L,Cleaners,Floor Cleaner,199,96,N,1 L,Matched,50247.13,26976,0.463133516,4.56733546,12269.72,0.053380783
2025-01-01,Amazon,North,BEC-GB-002,317,317,56743,16399.84,3529.86,16,16,Garbage Bag Large 15s,Garbage Bags,Large,179,86,N,15 bags,Matched,40343.16,27262,0.324247283,11.4291105,9551.3,0.050473186
2024-04-01,Swiggy Instamart,West,BEC-BW-002,89,89,15575,2904.12,1657.5,2,2,Parchment Paper Roll,Bake & Wrap,Bake,175,92,N,20 m,Matched,12670.88,8188,0.353793896,7.644573152,2825.38,0.02247191
2024-02-01,Swiggy Instamart,North,BEC-CLN-003,146,146,43654,0,7721.15,7,7,Laundry Liquid 1L,Cleaners,Laundry,299,150,N,1 L,Matched,43654,21900,0.498327759,5.653820998,14032.85,0.047945205
2025-02-01,Flipkart,South,BEC-KT-001,164,164,26240,3292.31,2580.93,6,6,Kitchen Towel 2-roll,Kitchen Towel,Towel,160,78,N,2 rolls,Matched,22947.69,12792,0.442558271,8.891248503,7574.76,0.036585366
2024-06-01,Swiggy Instamart,South,BEC-CLN-002,166,166,30710,6653.69,5310.67,6,6,Dishwash Liquid 750ml,Cleaners,Dishwash,185,88,N,750 ml,Matched,24056.31,14608,0.392758075,4.529806974,4137.64,0.036144578
2024-07-01,Flipkart,South,BEC-CLN-003,211,211,63089,12065.14,11947.14,9,9,Laundry Liquid 1L,Cleaners,Laundry,299,150,N,1 L,Matched,51023.86,31650,0.379701967,4.270801213,7426.72,0.042654028
2024-10-01,Flipkart,South,BEC-CLN-001,177,177,35223,9088.88,8699.92,7,7,Floor Cleaner 1L,Cleaners,Floor Cleaner,199,96,N,1 L,Matched,26134.12,16992,0.34981549,3.003949462,442.2,0.039548023
2025-04-01,Blinkit,North,BEC-TIS-001,320,320,30400,5791,1818.49,6,6,Bamboo Facial Tissue 100s,Tissues,Facial,95,42,N,100 pulls,Matched,24609,13440,0.453858345,13.53265621,9350.51,0.01875
2024-10-01,Blinkit,South,BEC-TIS-002,170,170,30600,2414.45,3749.05,4,4,Bamboo Toilet Roll 4-pack,Tissues,Toilet Roll,180,95,N,4 rolls,Matched,28185.55,16150,0.427011359,7.51805124,8286.5,0.023529412
2024-02-01,Zepto,North,BEC-CLN-002,291,291,53835,2794.46,16392.6,10,10,Dishwash Liquid 750ml,Cleaners,Dishwash,185,88,N,750 ml,Matched,51040.54,25608,0.49828117,3.113632981,9039.94,0.034364261
2024-02-01,Swiggy Instamart,South,BEC-TIS-001,103,103,9785,1905.8,831.16,5,5,Bamboo Facial Tissue 100s,Tissues,Facial,95,42,N,100 pulls,Matched,7879.2,4326,0.450959488,9.479763222,2722.04,0.048543689
2025-06-01,D2C,South,BEC-TIS-002,156,156,28080,1473.72,3920.63,22,22,Bamboo Toilet Roll 4-pack,Tissues,Toilet Roll,180,95,N,4 rolls,Matched,26606.28,14820,0.442988648,6.786225683,7865.65,0.141025641
2024-03-01,Blinkit,North,BEC-BW-002,177,177,30975,4350.6,3091.53,8,8,Parchment Paper Roll,Bake & Wrap,Bake,175,92,N,20 m,Matched,26624.4,16284,0.388380583,8.612046462,7248.87,0.04519774
2025-02-01,Zepto,North,BEC-CLN-001,342,342,68058,10455,11819.9,17,17,Floor Cleaner 1L,Cleaners,Floor Cleaner,199,96,N,1 L,Matched,57603,32832,0.430029686,4.873391484,12951.1,0.049707602
2024-12-01,Swiggy Instamart,South,BEC-BW-002,63,63,11025,2020.74,979,1,1,Parchment Paper Roll,Bake & Wrap,Bake,175,92,N,20 m,Matched,9004.26,5796,0.356304682,9.197405516,2229.26,0.015873016
2025-01-01,Swiggy Instamart,South,BEC-CLN-099,220,220,40700,10437.74,8295.92,12,12,,,,,,,,Unmatched - Review,30262.26,,,3.647848581,,0.054545455
2024-02-01,D2C,South,BEC-OTH-001,41,41,6109,369.22,705.67,4,4,Bamboo Wet Wipes 72s,Others,Wipes,149,72,N,72 wipes,Matched,5739.78,2952,0.485694574,8.133801919,2082.11,0.097560976
2024-09-01,Zepto,North,BEC-TIS-002,145,145,26100,3150.18,3087.83,7,7,Bamboo Toilet Roll 4-pack,Tissues,Toilet Roll,180,95,N,4 rolls,Matched,22949.82,13775,0.399777427,7.432345693,6086.99,0.048275862
2025-01-01,Blinkit,South,BEC-TIS-001,268,268,25460,4320.94,2749.62,7,7,Bamboo Facial Tissue 100s,Tissues,Facial,95,42,N,100 pulls,Matched,21139.06,11256,0.467525992,7.68799325,7133.44,0.026119403
2024-07-01,Amazon,West,BEC-CLN-001,405,405,80595,5388.55,20084.89,9,9,Floor Cleaner 1L,Cleaners,Floor Cleaner,199,96,N,1 L,Matched,75206.45,38880,0.483023065,3.74442927,16241.56,0.022222222
2024-11-01,D2C,West,BEC-KT-001,158,158,25280,1294.52,1574.92,18,18,Kitchen Towel 2-roll,Kitchen Towel,Towel,160,78,N,2 rolls,Matched,23985.48,12324,0.486189144,15.22964976,10086.56,0.113924051
2025-05-01,Zepto,North,BEC-GB-002,206,206,36874,3522.74,1969.61,6,6,Garbage Bag Large 15s,Garbage Bags,Large,179,86,N,15 bags,Matched,33351.26,17716,0.468805676,16.93292581,13665.65,0.029126214
2024-06-01,D2C,West,BEC-CLN-001,339,339,67461,3705.31,21272.49,41,41,Floor Cleaner 1L,Cleaners,Floor Cleaner,199,96,N,1 L,Matched,63755.69,32544,0.489551442,2.99709578,9939.2,0.120943953
2025-05-01,D2C,North,BEC-KT-001,145,145,23200,2489.76,2127.69,13,13,Kitchen Towel 2-roll,Kitchen Towel,Towel,160,78,N,2 rolls,Matched,20710.24,11310,0.45389334,9.733673608,7272.55,0.089655172
2024-02-01,Zepto,North,BEC-GB-001,155,155,23095,4990.1,1523.38,4,4,Garbage Bag Medium 30s,Garbage Bags,Medium,149,70,N,30 bags,Matched,18104.9,10850,0.400714724,11.88469062,5731.52,0.025806452
2025-01-01,Flipkart,South,BEC-KT-001,166,166,26560,2394.98,2602.39,4,4,Kitchen Towel 2-roll,Kitchen Towel,Towel,160,78,N,2 rolls,Matched,24165.02,12948,0.46418418,9.285702758,8614.63,0.024096386
2025-05-01,Zepto,South,BEC-TIS-001,182,182,17290,3046.21,1793.46,10,10,Bamboo Facial Tissue 100s,Tissues,Facial,95,42,N,100 pulls,Matched,14243.79,7644,0.463345079,7.942072865,4806.33,0.054945055
2024-08-01,Blinkit,North,BEC-TIS-002,283,283,50940,4248.27,5774.53,12,12,Bamboo Toilet Roll 4-pack,Tissues,Toilet Roll,180,95,N,4 rolls,Matched,46691.73,26885,0.424202102,8.085806118,14032.2,0.042402827
2025-05-01,Amazon,South,BEC-CLN-001,423,423,84177,14272.54,13469.85,25,25,Floor Cleaner 1L,Cleaners,Floor Cleaner,199,96,N,1 L,Matched,69904.46,40608,0.419092859,5.189698475,15826.61,0.059101655
2024-03-01,Zepto,South,BEC-OTH-001,64,64,9536,520.24,1133.39,1,1,Bamboo Wet Wipes 72s,Others,Wipes,149,72,N,72 wipes,Matched,9015.76,4608,0.488895002,7.954684619,3274.37,0.015625
2024-11-01,Flipkart,South,BEC-CLN-004,195,195,19305,4801.52,3849.35,11,11,Handwash 250ml,Cleaners,Handwash,99,44,N,250 ml,Matched,14503.48,8580,0.408417842,3.76777378,2074.13,0.056410256
2025-04-01,D2C,North,BEC-CLN-001,246,246,48954,5150.77,14189.9,33,33,Floor Cleaner 1L,Cleaners,Floor Cleaner,199,96,N,1 L,Matched,43803.23,23616,0.460861676,3.08693014,5997.33,0.134146341
2024-02-01,Amazon,North,BEC-GB-001,313,313,46637,5073.27,5073.73,8,8,Garbage Bag Medium 30s,Garbage Bags,Medium,149,70,N,30 bags,Matched,41563.73,21910,0.472857706,8.191947542,14580,0.025559105
2024-03-01,Blinkit,North,BEC-OTH-001,137,137,20413,1325.24,2203.87,5,5,Bamboo Wet Wipes 72s,Others,Wipes,149,72,N,72 wipes,Matched,19087.76,9864,0.483229043,8.661019026,7019.89,0.03649635
2024-11-01,Swiggy Instamart,South,BEC-KT-002,98,98,41160,11994.27,3325,3,3,Kitchen Towel 6-roll,Kitchen Towel,Towel,420,205,N,6 rolls,Matched,29165.73,20090,0.311177879,8.77164812,5750.73,0.030612245
2024-12-01,Zepto,West,BEC-BW-002,190,190,33250,5762.7,3721.77,10,10,Parchment Paper Roll,Bake & Wrap,Bake,175,92,N,20 m,Matched,27487.3,17480,0.364069952,7.38554505,6285.53,0.052631579
2024-06-01,Amazon,West,BEC-CLN-002,645,645,119325,23221.26,21162.91,33,33,Dishwash Liquid 750ml,Cleaners,Dishwash,185,88,N,750 ml,Matched,96103.74,56760,0.40938823,4.541140136,18180.83,0.051162791
2024-11-01,Zepto,South,BEC-KT-002,133,133,55860,16506.22,2821.74,4,4,Kitchen Towel 6-roll,Kitchen Towel,Towel,420,205,N,6 rolls,Matched,39353.78,27265,0.307182182,13.94663576,9267.04,0.030075188
2024-02-01,D2C,South,BEC-TIS-002,105,105,18900,2281.03,2350.06,14,14,Bamboo Toilet Roll 4-pack,Tissues,Toilet Roll,180,95,N,4 rolls,Matched,16618.97,9975,0.399782297,7.071721573,4293.91,0.133333333
2024-08-01,D2C,South,BEC-TIS-001,146,146,13870,516.71,1839.93,16,16,Bamboo Facial Tissue 100s,Tissues,Facial,95,42,N,100 pulls,Matched,13353.29,6132,0.540787327,7.257498927,5381.36,0.109589041
2024-02-01,Flipkart,North,BEC-BW-002,112,112,19600,4881.68,864.26,4,4,Parchment Paper Roll,Bake & Wrap,Bake,175,92,N,20 m,Matched,14718.32,10304,0.2999201,17.02996783,3550.06,0.035714286
2025-01-01,D2C,West,BEC-BW-001,111,111,24420,3634.95,3069.23,15,15,Compostable Cling Wrap,Bake & Wrap,Wrap,220,118,N,30 m,Matched,20785.05,13098,0.369835531,6.772073126,4617.82,0.135135135
2024-03-01,Swiggy Instamart,West,BEC-CLN-004,264,264,26136,2785.33,7794.31,8,8,Handwash 250ml,Cleaners,Handwash,99,44,N,250 ml,Matched,23350.67,11616,0.502541041,2.995861083,3940.36,0.03030303
2024-03-01,Amazon,South,BEC-CLN-003,443,443,132457,34332.13,22425.59,13,13,Laundry Liquid 1L,Cleaners,Laundry,299,150,N,1 L,Matched,98124.87,66450,0.322801651,4.375575849,9249.28,0.029345372
2025-05-01,Flipkart,West,BEC-BW-002,134,134,23450,6237.21,1317.63,3,3,Parchment Paper Roll,Bake & Wrap,Bake,175,92,N,20 m,Matched,17212.79,12328,0.283788392,13.06344725,3567.16,0.02238806
2025-05-01,Flipkart,North,BEC-TIS-002,179,179,32220,7789.28,1350.54,4,4,Bamboo Toilet Roll 4-pack,Tissues,Toilet Roll,180,95,N,4 rolls,Matched,24430.72,17005,0.303950109,18.08959379,6075.18,0.022346369
2024-08-01,Flipkart,West,BEC-KT-001,155,155,24800,6122.47,2143.5,8,8,Kitchen Towel 2-roll,Kitchen Towel,Towel,160,78,N,2 rolls,Matched,18677.53,12090,0.352698135,8.713566597,4444.03,0.051612903
2024-05-01,Blinkit,North,BEC-KT-002,209,209,87780,25769.9,8971.33,12,12,Kitchen Towel 6-roll,Kitchen Towel,Towel,420,205,N,6 rolls,Matched,62010.1,42845,0.309064169,6.912029766,10193.77,0.057416268
2024-04-01,D2C,South,BEC-CLN-004,225,225,22275,2372.73,4244.54,26,26,Handwash 250ml,Cleaners,Handwash,99,44,N,250 ml,Matched,19902.27,9900,0.502569305,4.68891093,5757.73,0.115555556
2024-01-01,Swiggy Instamart,South,BEC-CMB-001,24,24,16776,1935.22,1697.81,0,0,Home Cleaning Combo,Others,Combo,699,330,Y,4 items,Matched,14840.78,7920,0.466335327,8.741131222,5222.97,0
2024-02-01,Flipkart,West,BEC-GB-002,170,170,30430,5229.05,1602.3,6,6,Garbage Bag Large 15s,Garbage Bags,Large,179,86,N,15 bags,Matched,25200.95,14620,0.41986314,15.72798477,8978.65,0.035294118
2025-06-01,Amazon,North,BEC-CLN-002,570,570,105450,7204.45,32932.16,32,32,Dishwash Liquid 750ml,Cleaners,Dishwash,185,88,N,750 ml,Matched,98245.55,50160,0.489442524,2.98327076,15153.39,0.056140351
2025-04-01,Zepto,South,BEC-CLN-002,263,263,48655,3121.49,11488.04,14,14,Dishwash Liquid 750ml,Cleaners,Dishwash,185,88,N,750 ml,Matched,45533.51,23144,0.491715003,3.963557752,10901.47,0.053231939
2024-08-01,Amazon,West,BEC-KT-001,326,326,52160,13986.29,2150.24,11,11,Kitchen Towel 2-roll,Kitchen Towel,Towel,160,78,N,2 rolls,Matched,38173.71,25428,0.333887118,17.7532322,10595.47,0.033742331
2024-01-01,D2C,North,BEC-XXX-999,77,77,16940,425.14,1929.29,11,11,,,,,,,,Unmatched - Review,16514.86,,,8.560071322,,0.142857143
2024-11-01,Swiggy Instamart,North,BEC-CLN-003,171,171,51129,13522.19,10466.01,6,6,Laundry Liquid 1L,Cleaners,Laundry,299,150,N,1 L,Matched,37606.81,25650,0.317942681,3.59323276,1490.8,0.035087719
2024-11-01,Blinkit,West,BEC-BW-002,143,143,25025,6763.28,1503.71,7,7,Parchment Paper Roll,Bake & Wrap,Bake,175,92,N,20 m,Matched,18261.72,13156,0.279585932,12.14444274,3602.01,0.048951049
2024-03-01,Swiggy Instamart,North,BEC-BW-001,89,89,19580,1443.26,2597.74,2,2,Compostable Cling Wrap,Bake & Wrap,Wrap,220,118,N,30 m,Matched,18136.74,10502,0.420954372,6.981737972,5037,0.02247191
2025-02-01,Zepto,South,BEC-GB-002,243,243,43497,11227.29,4477.63,11,11,Garbage Bag Large 15s,Garbage Bags,Large,179,86,N,15 bags,Matched,32269.71,20898,0.352395792,7.206872832,6894.08,0.04526749
2024-02-01,Zepto,North,BEC-CLN-003,320,320,95680,14007.49,19969.86,7,7,Laundry Liquid 1L,Cleaners,Laundry,299,150,N,1 L,Matched,81672.51,48000,0.412286949,4.089788812,13702.65,0.021875
2024-12-01,Zepto,South,BEC-TIS-001,183,183,17385,2138.02,792.88,5,5,Bamboo Facial Tissue 100s,Tissues,Facial,95,42,N,100 pulls,Matched,15246.98,7686,0.495900172,19.22987085,6768.1,0.027322404
2025-06-01,Flipkart,North,BEC-CLN-001,224,224,44576,7158.12,10421.26,10,10,Floor Cleaner 1L,Cleaners,Floor Cleaner,199,96,N,1 L,Matched,37417.88,21504,0.425301487,3.590533198,5492.62,0.044642857
2025-01-01,Swiggy Instamart,West,BEC-CMB-001,28,28,19572,3890.31,1545.24,0,0,Home Cleaning Combo,Others,Combo,699,330,Y,4 items,Matched,15681.69,9240,0.410777792,10.14838472,4896.45,0
2024-04-01,Swiggy Instamart,North,BEC-CLN-003,257,257,76843,4273.78,0,5,5,Laundry Liquid 1L,Cleaners,Laundry,299,150,N,1 L,Matched,72569.22,38550,0.468783046,,34019.22,0.019455253
2024-08-01,Blinkit,West,BEC-GB-001,216,216,32184,9544.05,1764.08,11,11,Garbage Bag Medium 30s,Garbage Bags,Medium,149,70,N,30 bags,Matched,22639.95,15120,0.332154002,12.83385674,5755.87,0.050925926
2024-08-01,Zepto,West,BEC-TIS-002,220,220,39600,9599.88,2114.12,6,6,Bamboo Toilet Roll 4-pack,Tissues,Toilet Roll,180,95,N,4 rolls,Matched,30000.12,20900,0.30333612,14.19035816,6986,0.027272727
2024-12-01,Blinkit,North,BEC-GB-001,203,203,30247,6670.72,2166.35,10,10,Garbage Bag Medium 30s,Garbage Bags,Medium,149,70,N,30 bags,Matched,23576.28,14210,0.397275567,10.88295059,7199.93,0.049261084
2025-01-01,Blinkit,West,BEC-TIS-001,502,502,47690,7375.69,5583.31,22,22,Bamboo Facial Tissue 100s,Tissues,Facial,95,42,N,100 pulls,Matched,40314.31,21084,0.477009528,7.220503608,13647,0.043824701
2024-01-01,D2C,South,BEC-CLN-002,117,117,21645,1611.75,4789.56,15,15,Dishwash Liquid 750ml,Cleaners,Dishwash,185,88,N,750 ml,Matched,20033.25,10296,0.486054435,4.182691103,4947.69,0.128205128
2024-04-01,D2C,South,BEC-BW-002,57,57,9975,1344.67,1288.02,7,7,Parchment Paper Roll,Bake & Wrap,Bake,175,92,N,20 m,Matched,8630.33,5244,0.392375494,6.700462726,2098.31,0.122807018
2024-07-01,D2C,North,BEC-BW-001,83,83,18260,1298.09,2190.27,8,8,Compostable Cling Wrap,Bake & Wrap,Wrap,220,118,N,30 m,Matched,16961.91,9794,0.422588612,7.744209618,4977.64,0.096385542
2024-06-01,Blinkit,South,BEC-GB-001,170,170,25330,2682.57,2226.29,8,8,Garbage Bag Medium 30s,Garbage Bags,Medium,149,70,N,30 bags,Matched,22647.43,11900,0.474554066,10.17272233,8521.14,0.047058824
2025-03-01,Blinkit,West,BEC-CLN-002,392,392,72520,15552.51,10267.01,18,18,Dishwash Liquid 750ml,Cleaners,Dishwash,185,88,N,750 ml,Matched,56967.49,34496,0.394461648,5.54859594,12204.48,0.045918367
2024-06-01,Flipkart,West,BEC-CLN-003,322,322,96278,26559.88,16669.5,13,13,Laundry Liquid 1L,Cleaners,Laundry,299,150,N,1 L,Matched,69718.12,48300,0.307210235,4.182376196,4748.62,0.040372671
2024-12-01,Swiggy Instamart,North,BEC-CLN-002,220,220,40700,11432.14,8588.22,9,9,Dishwash Liquid 750ml,Cleaners,Dishwash,185,88,N,750 ml,Matched,29267.86,19360,0.338523555,3.407907576,1319.64,0.040909091
2024-07-01,Amazon,West,BEC-XXX-999,76,76,53124,8587.94,4614.27,4,4,,,,,,,,Unmatched - Review,44536.06,,,9.651810579,,0.052631579
2024-10-01,Blinkit,West,BEC-CLN-001,315,315,62685,15254.76,12521.41,17,17,Floor Cleaner 1L,Cleaners,Floor Cleaner,199,96,N,1 L,Matched,47430.24,30240,0.362432069,3.787931231,4668.83,0.053968254
2024-11-01,Amazon,West,BEC-KT-002,346,346,145320,40978.7,9352.29,9,9,Kitchen Towel 6-roll,Kitchen Towel,Towel,420,205,N,6 rolls,Matched,104341.3,70930,0.320211652,11.15676481,24059.01,0.026011561
2024-11-01,Flipkart,West,BEC-GB-002,187,187,33473,6475.15,3227.22,4,4,Garbage Bag Large 15s,Garbage Bags,Large,179,86,N,15 bags,Matched,26997.85,16082,0.404322937,8.365667664,7688.63,0.021390374
2024-12-01,Flipkart,West,BEC-CLN-001,361,361,71839,15367.43,10760.82,10,10,Floor Cleaner 1L,Cleaners,Floor Cleaner,199,96,N,1 L,Matched,56471.57,34656,0.386310669,5.247887243,11054.75,0.027700831
2024-11-01,Zepto,South,BEC-OTH-001,51,51,7599,1609.94,331.79,1,1,Bamboo Wet Wipes 72s,Others,Wipes,149,72,N,72 wipes,Matched,5989.06,3672,0.386882082,18.050755,1985.27,0.019607843
2025-05-01,Swiggy Instamart,North,BEC-CLN-004,261,261,25839,5782.85,5844.34,6,6,Handwash 250ml,Cleaners,Handwash,99,44,N,250 ml,Matched,20056.15,11484,0.427407553,3.431721974,2727.81,0.022988506
2024-03-01,Blinkit,North,BEC-BW-001,160,160,35200,3989.4,2858.98,6,6,Compostable Cling Wrap,Bake & Wrap,Wrap,220,118,N,30 m,Matched,31210.6,18880,0.395077313,10.91669057,9471.62,0.0375
2024-06-01,Swiggy Instamart,South,BEC-TIS-002,120,120,21600,1543.31,1437.18,2,2,Bamboo Toilet Roll 4-pack,Tissues,Toilet Roll,180,95,N,4 rolls,Matched,20056.69,11400,0.431611098,13.95558663,7219.51,0.016666667
2024-12-01,Zepto,South,BEC-TIS-002,202,202,36360,9350.82,1846.88,6,6,Bamboo Toilet Roll 4-pack,Tissues,Toilet Roll,180,95,N,4 rolls,Matched,27009.18,19190,0.289500829,14.62422031,5972.3,0.02970297
2024-06-01,Flipkart,South,BEC-OTH-001,43,43,6407,1887.63,520.25,1,1,Bamboo Wet Wipes 72s,Others,Wipes,149,72,N,72 wipes,Matched,4519.37,3096,0.314948765,8.68691975,903.12,0.023255814
2024-04-01,Blinkit,West,BEC-CMB-001,71,71,49629,7526.84,5589.04,1,1,Home Cleaning Combo,Others,Combo,699,330,Y,4 items,Matched,42102.16,23430,0.443496486,7.532985987,13083.12,0.014084507
2024-05-01,Blinkit,South,BEC-CLN-003,221,221,66079,7619.45,13305.34,9,9,Laundry Liquid 1L,Cleaners,Laundry,299,150,N,1 L,Matched,58459.55,33150,0.432941239,4.393690804,12004.21,0.040723982
2024-05-01,Flipkart,West,BEC-KT-001,188,188,30080,5832.38,3548.51,8,8,Kitchen Towel 2-roll,Kitchen Towel,Towel,160,78,N,2 rolls,Matched,24247.62,14664,0.395239615,6.833183505,6035.11,0.042553191
2024-11-01,Blinkit,West,BEC-KT-001,302,302,48320,5077.94,5245.55,11,11,Kitchen Towel 2-roll,Kitchen Towel,Towel,160,78,N,2 rolls,Matched,43242.06,23556,0.455252594,8.243570264,14440.51,0.036423841
2024-06-01,Amazon,North,BEC-GB-001,309,309,46041,7473.46,2132.56,7,7,Garbage Bag Medium 30s,Garbage Bags,Medium,149,70,N,30 bags,Matched,38567.54,21630,0.439165682,18.08509022,14804.98,0.022653722
2024-08-01,Flipkart,North,BEC-TIS-001,125,125,11875,1443.68,615.63,2,2,Bamboo Facial Tissue 100s,Tissues,Facial,95,42,N,100 pulls,Matched,10431.32,5250,0.496707991,16.94413852,4565.69,0.016
2024-11-01,Amazon,North,BEC-BW-002,131,131,22925,4037.11,1736.4,3,3,Parchment Paper Roll,Bake & Wrap,Bake,175,92,N,20 m,Matched,18887.89,12052,0.361919198,10.8776146,5099.49,0.022900763
2024-05-01,Flipkart,North,BEC-CMB-001,24,24,16776,2537.99,877.03,0,0,Home Cleaning Combo,Others,Combo,699,330,Y,4 items,Matched,14238.01,7920,0.443742489,16.23434774,5440.98,0
2024-11-01,D2C,North,BEC-TIS-001,176,176,16720,1428.87,1536.57,29,29,Bamboo Facial Tissue 100s,Tissues,Facial,95,42,N,100 pulls,Matched,15291.13,7392,0.516582489,9.951469832,6362.56,0.164772727
2024-03-01,Amazon,North,BEC-GB-002,336,336,60144,13215.24,2883.18,17,17,Garbage Bag Large 15s,Garbage Bags,Large,179,86,N,15 bags,Matched,46928.76,28896,0.384258182,16.2767361,15149.58,0.050595238
2024-03-01,D2C,South,BEC-CLN-003,159,159,47541,3658.22,11586.3,20,20,Laundry Liquid 1L,Cleaners,Laundry,299,150,N,1 L,Matched,43882.78,23850,0.45650663,3.78747141,8446.48,0.125786164
2024-10-01,Zepto,West,BEC-TIS-002,211,211,37980,5516.63,4598.86,10,10,Bamboo Toilet Roll 4-pack,Tissues,Toilet Roll,180,95,N,4 rolls,Matched,32463.37,20045,0.382534838,7.059003753,7819.51,0.047393365
2024-01-01,Flipkart,South,BEC-CMB-001,21,21,14679,782.79,1276.48,0,0,Home Cleaning Combo,Others,Combo,699,330,Y,4 items,Matched,13896.21,6930,0.501302873,10.88635153,5689.73,0
2024-04-01,Blinkit,South,BEC-KT-002,228,228,95760,10154.24,6082.89,5,5,Kitchen Towel 6-roll,Kitchen Towel,Towel,420,205,N,6 rolls,Matched,85605.76,46740,0.454008702,14.07320533,32782.87,0.021929825
2024-12-01,Flipkart,West,BEC-BW-001,130,130,28600,5743.36,2076.86,2,2,Compostable Cling Wrap,Bake & Wrap,Wrap,220,118,N,30 m,Matched,22856.64,15340,0.328860235,11.00538313,5439.78,0.015384615
2025-06-01,Amazon,South,BEC-TIS-002,298,298,53640,11892.1,6064.1,11,11,Bamboo Toilet Roll 4-pack,Tissues,Toilet Roll,180,95,N,4 rolls,Matched,41747.9,28310,0.321882059,6.884434623,7373.8,0.036912752
2025-05-01,Amazon,West,BEC-TIS-001,517,517,49115,8009.64,2618.26,26,26,Bamboo Facial Tissue 100s,Tissues,Facial,95,42,N,100 pulls,Matched,41105.36,21714,0.471747723,15.69949508,16773.1,0.050290135
2024-12-01,Flipkart,South,BEC-OTH-001,57,57,8493,497.16,1123.35,3,3,Bamboo Wet Wipes 72s,Others,Wipes,149,72,N,72 wipes,Matched,7995.84,4104,0.486733101,7.117852851,2768.49,0.052631579
2025-01-01,Amazon,South,BEC-CMB-001,64,64,44736,10430.42,4676.17,1,1,Home Cleaning Combo,Others,Combo,699,330,Y,4 items,Matched,34305.58,21120,0.384356714,7.336255953,8509.41,0.015625
2024-07-01,Swiggy Instamart,South,BEC-TIS-002,120,120,21600,2238.81,2385.93,5,5,Bamboo Toilet Roll 4-pack,Tissues,Toilet Roll,180,95,N,4 rolls,Matched,19361.19,11400,0.411193217,8.114735135,5575.26,0.041666667
2024-09-01,D2C,South,BEC-OTH-001,34,34,5066,558.43,598.54,4,4,Bamboo Wet Wipes 72s,Others,Wipes,149,72,N,72 wipes,Matched,4507.57,2448,0.456913592,7.530941959,1461.03,0.117647059
2024-03-01,Zepto,North,BEC-KT-002,259,259,108780,14397.72,14027.59,5,5,Kitchen Towel 6-roll,Kitchen Towel,Towel,420,205,N,6 rolls,Matched,94382.28,53095,0.437447368,6.728331809,27259.69,0.019305019
2024-02-01,Swiggy Instamart,West,BEC-CLN-004,275,275,27225,3633.04,4323.98,10,10,Handwash 250ml,Cleaners,Handwash,99,44,N,250 ml,Matched,23591.96,12100,0.487113406,5.45607519,7167.98,0.036363636
2024-09-01,Zepto,North,BEC-BW-002,112,112,19600,1285.64,1214.22,5,5,Parchment Paper Roll,Bake & Wrap,Bake,175,92,N,20 m,Matched,18314.36,10304,0.437381377,15.08323039,6796.14,0.044642857
2025-02-01,Amazon,North,BEC-TIS-001,504,504,47880,14193.7,4739.97,16,16,Bamboo Facial Tissue 100s,Tissues,Facial,95,42,N,100 pulls,Matched,33686.3,21168,0.37161398,7.106859326,7778.33,0.031746032
2025-02-01,Blinkit,West,BEC-TIS-001,516,516,49020,4807.35,2481.13,16,16,Bamboo Facial Tissue 100s,Tissues,Facial,95,42,N,100 pulls,Matched,44212.65,21672,0.509823546,17.81956205,20059.52,0.031007752
2024-09-01,Blinkit,West,BEC-GB-001,194,194,28906,1786.83,2459.95,6,6,Garbage Bag Medium 30s,Garbage Bags,Medium,149,70,N,30 bags,Matched,27119.17,13580,0.499247211,11.02427692,11079.22,0.030927835
2024-10-01,Zepto,South,BEC-TIS-002,125,125,22500,3361.13,2105.14,4,4,Bamboo Toilet Roll 4-pack,Tissues,Toilet Roll,180,95,N,4 rolls,Matched,19138.87,11875,0.379534946,9.091495102,5158.73,0.032
2024-03-01,Blinkit,West,BEC-TIS-002,315,315,56700,13082.39,5418.87,7,7,Bamboo Toilet Roll 4-pack,Tissues,Toilet Roll,180,95,N,4 rolls,Matched,43617.61,29925,0.313923895,8.049207676,8273.74,0.022222222
2024-04-01,Flipkart,South,BEC-CLN-004,210,210,20790,3718.36,3586.19,12,12,Handwash 250ml,Cleaners,Handwash,99,44,N,250 ml,Matched,17071.64,9240,0.458751473,4.760383583,4245.45,0.057142857
2024-12-01,Flipkart,West,BEC-GB-002,239,239,42781,5718.4,2359.11,4,4,Garbage Bag Large 15s,Garbage Bags,Large,179,86,N,15 bags,Matched,37062.6,20554,0.445424768,15.71041622,14149.49,0.016736402
2025-04-01,Blinkit,North,BEC-KT-002,242,242,101640,8647.59,13596.64,5,5,Kitchen Towel 6-roll,Kitchen Towel,Towel,420,205,N,6 rolls,Matched,92992.41,49610,0.466515601,6.839366932,29785.77,0.020661157
2024-08-01,Flipkart,North,BEC-KT-002,90,90,37800,11149.95,3439.16,2,2,Kitchen Towel 6-roll,Kitchen Towel,Towel,420,205,N,6 rolls,Matched,26650.05,18450,0.307693607,7.748999756,4760.89,0.022222222
2024-11-01,Amazon,North,BEC-CLN-003,447,447,133653,32957.78,31772.87,26,26,Laundry Liquid 1L,Cleaners,Laundry,299,150,N,1 L,Matched,100695.22,67050,0.334129267,3.169220155,1872.35,0.058165548
2025-02-01,Amazon,South,BEC-TIS-002,334,334,60120,4862.29,8159.17,10,10,Bamboo Toilet Roll 4-pack,Tissues,Toilet Roll,180,95,N,4 rolls,Matched,55257.71,31730,0.425781488,6.772467052,15368.54,0.02994012
2024-08-01,Blinkit,North,BEC-CLN-001,199,199,39601,4419.85,8780.98,11,11,Floor Cleaner 1L,Cleaners,Floor Cleaner,199,96,N,1 L,Matched,35181.15,19104,0.456981935,4.006517496,7296.17,0.055276382
2024-01-01,Zepto,North,BEC-TIS-001,305,305,28975,2476.72,1462.28,6,6,Bamboo Facial Tissue 100s,Tissues,Facial,95,42,N,100 pulls,Matched,26498.28,12810,0.516572396,18.12120798,12226,0.019672131
2025-01-01,Blinkit,West,BEC-BW-001,149,149,32780,6525.57,3897.52,8,8,Compostable Cling Wrap,Bake & Wrap,Wrap,220,118,N,30 m,Matched,26254.43,17582,0.33032254,6.736188653,4774.91,0.053691275
2025-02-01,Swiggy Instamart,North,BEC-OTH-001,71,71,10579,2804.15,514.02,1,1,Bamboo Wet Wipes 72s,Others,Wipes,149,72,N,72 wipes,Matched,7774.85,5112,0.342495354,15.12557877,2148.83,0.014084507
2024-04-01,Blinkit,North,BEC-TIS-001,261,261,24795,6446,2034.46,15,15,Bamboo Facial Tissue 100s,Tissues,Facial,95,42,N,100 pulls,Matched,18349,10962,0.402583247,9.019100892,5352.54,0.057471264
2025-01-01,D2C,North,BEC-BW-001,107,107,23540,927.37,1780.57,17,17,Compostable Cling Wrap,Bake & Wrap,Wrap,220,118,N,30 m,Matched,22612.63,12626,0.441639473,12.69965797,8206.06,0.158878505
2024-08-01,Amazon,West,BEC-KT-002,324,324,136080,29917.02,12089.19,15,15,Kitchen Towel 6-roll,Kitchen Towel,Towel,420,205,N,6 rolls,Matched,106162.98,66420,0.37435818,8.78164542,27653.79,0.046296296
2025-02-01,Swiggy Instamart,West,BEC-KT-001,241,241,38560,7544.79,4518.41,12,12,Kitchen Towel 2-roll,Kitchen Towel,Towel,160,78,N,2 rolls,Matched,31015.21,18798,0.393910278,6.864186738,7698.8,0.049792531
2024-08-01,Flipkart,North,BEC-OTH-001,47,47,7003,562.19,555.17,1,1,Bamboo Wet Wipes 72s,Others,Wipes,149,72,N,72 wipes,Matched,6440.81,3384,0.474600244,11.60150945,2501.64,0.021276596
2024-10-01,Flipkart,West,BEC-CLN-003,320,320,95680,6095.32,27876.82,13,13,Laundry Liquid 1L,Cleaners,Laundry,299,150,N,1 L,Matched,89584.68,48000,0.464194101,3.213590359,13707.86,0.040625
2025-03-01,D2C,North,BEC-GB-002,227,227,40633,3328.26,3885.95,33,33,Garbage Bag Large 15s,Garbage Bags,Large,179,86,N,15 bags,Matched,37304.74,19522,0.476688485,9.599902212,13896.79,0.145374449
2024-09-01,Amazon,South,BEC-BW-002,97,97,16975,4248.78,1574.67,5,5,Parchment Paper Roll,Bake & Wrap,Bake,175,92,N,20 m,Matched,12726.22,8924,0.29877057,8.081833019,2227.55,0.051546392
2025-05-01,Swiggy Instamart,West,BEC-BW-002,78,78,13650,2634.83,1043.09,2,2,Parchment Paper Roll,Bake & Wrap,Bake,175,92,N,20 m,Matched,11015.17,7176,0.348534793,10.56013383,2796.08,0.025641026
2025-02-01,Swiggy Instamart,West,BEC-KT-002,166,166,69720,6212.14,6080.8,5,5,Kitchen Towel 6-roll,Kitchen Towel,Towel,420,205,N,6 rolls,Matched,63507.86,34030,0.464160814,10.4439975,23397.06,0.030120482
2025-06-01,Amazon,West,BEC-KT-001,531,531,84960,21652.8,7064.26,17,17,Kitchen Towel 2-roll,Kitchen Towel,Towel,160,78,N,2 rolls,Matched,63307.2,41418,0.34576162,8.96161806,14824.94,0.032015066
2024-10-01,Swiggy Instamart,South,BEC-CLN-001,108,108,21492,1243.4,5748.64,5,5,Floor Cleaner 1L,Cleaners,Floor Cleaner,199,96,N,1 L,Matched,20248.6,10368,0.4879646,3.522328759,4131.96,0.046296296
2024-12-01,D2C,North,BEC-TIS-001,183,183,17385,1327.22,1593.03,17,17,Bamboo Facial Tissue 100s,Tissues,Facial,95,42,N,100 pulls,Matched,16057.78,7686,0.521353512,10.0800236,6778.75,0.092896175
2025-04-01,Zepto,South,BEC-CLN-004,322,322,31878,8622.41,7853.26,17,17,Handwash 250ml,Cleaners,Handwash,99,44,N,250 ml,Matched,23255.59,14168,0.390770133,2.961265767,1234.33,0.052795031
2024-05-01,Amazon,South,BEC-GB-001,320,320,47680,5781.96,4155.19,8,8,Garbage Bag Medium 30s,Garbage Bags,Medium,149,70,N,30 bags,Matched,41898.04,22400,0.465368786,10.08330305,15342.85,0.025
2024-07-01,Zepto,South,BEC-TIS-001,143,143,13585,3083.93,912.61,5,5,Bamboo Facial Tissue 100s,Tissues,Facial,95,42,N,100 pulls,Matched,10501.07,6006,0.428058284,11.50663482,3582.46,0.034965035
2024-06-01,Zepto,West,BEC-TIS-002,276,276,49680,4056.08,5979.25,13,13,Bamboo Toilet Roll 4-pack,Tissues,Toilet Roll,180,95,N,4 rolls,Matched,45623.92,26220,0.425301465,7.630375047,13424.67,0.047101449
2024-04-01,Amazon,West,BEC-KT-002,531,531,223020,38584.71,24504.88,11,11,Kitchen Towel 6-roll,Kitchen Towel,Towel,420,205,N,6 rolls,Matched,184435.29,108855,0.409792996,7.52647187,51075.41,0.020715631
2025-03-01,Blinkit,North,BEC-CLN-001,507,507,100893,27587.58,18195.42,17,17,Floor Cleaner 1L,Cleaners,Floor Cleaner,199,96,N,1 L,Matched,73305.42,48672,0.336038181,4.028784167,6438,0.033530572
2024-12-01,Zepto,West,BEC-CMB-001,55,55,38445,7040.65,4204.19,1,1,Home Cleaning Combo,Others,Combo,699,330,Y,4 items,Matched,31404.35,18150,0.422054588,7.469774201,9050.16,0.018181818
2025-05-01,Amazon,North,BEC-KT-002,242,242,101640,8388.42,11644.75,5,5,Kitchen Towel 6-roll,Kitchen Towel,Towel,420,205,N,6 rolls,Matched,93251.58,49610,0.46799829,8.00803624,31996.83,0.020661157
2024-03-01,Zepto,West,BEC-CLN-002,488,488,90280,7850.36,22835.35,28,28,Dishwash Liquid 750ml,Cleaners,Dishwash,185,88,N,750 ml,Matched,82429.64,42944,0.479022352,3.60973841,16650.29,0.057377049
2024-03-01,Flipkart,South,BEC-CLN-003,250,250,74750,9960.72,21273.92,7,7,Laundry Liquid 1L,Cleaners,Laundry,299,150,N,1 L,Matched,64789.28,37500,0.421200544,3.045479159,6015.36,0.028
2024-05-01,Amazon,South,BEC-OTH-001,104,104,15496,3679.91,1412.73,4,4,Bamboo Wet Wipes 72s,Others,Wipes,149,72,N,72 wipes,Matched,11816.09,7488,0.366287833,8.364011524,2915.36,0.038461538
2024-08-01,Amazon,South,BEC-GB-002,198,198,35442,2883.64,3083.94,9,9,Garbage Bag Large 15s,Garbage Bags,Large,179,86,N,15 bags,Matched,32558.36,17028,0.477000684,10.55739087,12446.42,0.045454545
2024-05-01,Flipkart,South,BEC-BW-001,88,88,19360,4337.02,815.85,3,3,Compostable Cling Wrap,Bake & Wrap,Wrap,220,118,N,30 m,Matched,15022.98,10384,0.308792264,18.41389961,3823.13,0.034090909
2025-06-01,Flipkart,North,BEC-BW-001,110,110,24200,3073.51,2215.61,3,3,Compostable Cling Wrap,Bake & Wrap,Wrap,220,118,N,30 m,Matched,21126.49,12980,0.385605465,9.535292764,5930.88,0.027272727
2024-01-01,Blinkit,West,BEC-TIS-001,351,351,33345,2276.95,4443.47,20,20,Bamboo Facial Tissue 100s,Tissues,Facial,95,42,N,100 pulls,Matched,31068.05,14742,0.525493232,6.991844212,11882.58,0.056980057
2024-11-01,Blinkit,West,BEC-TIS-002,384,384,69120,13558.9,6505.63,12,12,Bamboo Toilet Roll 4-pack,Tissues,Toilet Roll,180,95,N,4 rolls,Matched,55561.1,36480,0.343425526,8.540464183,12575.47,0.03125
2024-08-01,Flipkart,South,BEC-GB-002,87,87,15573,3416.94,1662.71,3,3,Garbage Bag Large 15s,Garbage Bags,Large,179,86,N,15 bags,Matched,12156.06,7482,0.384504519,7.310992296,3011.35,0.034482759
2024-02-01,Blinkit,South,BEC-CLN-004,333,333,32967,6476.65,6878.52,19,19,Handwash 250ml,Cleaners,Handwash,99,44,N,250 ml,Matched,26490.35,14652,0.446892925,3.851170019,4959.83,0.057057057
2024-03-01,D2C,South,BEC-KT-002,91,91,38220,4143.94,2954.14,11,11,Kitchen Towel 6-roll,Kitchen Towel,Towel,420,205,N,6 rolls,Matched,34076.06,18655,0.452548211,11.53501865,12466.92,0.120879121
2025-01-01,Amazon,South,BEC-KT-002,269,269,112980,7470.12,13644.83,5,5,Kitchen Towel 6-roll,Kitchen Towel,Towel,420,205,N,6 rolls,Matched,105509.88,55145,0.477347524,7.732590292,36720.05,0.018587361
2024-09-01,Amazon,West,BEC-OTH-001,112,112,16688,4755.78,1080.14,4,4,Bamboo Wet Wipes 72s,Others,Wipes,149,72,N,72 wipes,Matched,11932.22,8064,0.324182759,11.04691984,2788.08,0.035714286
2024-09-01,Flipkart,South,BEC-GB-001,114,114,16986,2664.53,1202.66,4,4,Garbage Bag Medium 30s,Garbage Bags,Medium,149,70,N,30 bags,Matched,14321.47,7980,0.442794629,11.90816191,5138.81,0.035087719
2024-09-01,Flipkart,South,BEC-BW-002,50,50,8750,2484.26,710.72,1,1,Parchment Paper Roll,Bake & Wrap,Bake,175,92,N,20 m,Matched,6265.74,4600,0.265848886,8.8160457,955.02,0.02
2024-01-01,Zepto,West,BEC-CLN-002,349,349,64565,15706.32,9810.63,7,7,Dishwash Liquid 750ml,Cleaners,Dishwash,185,88,N,750 ml,Matched,48858.68,30712,0.37141159,4.980177624,8336.05,0.020057307
2024-04-01,Blinkit,South,BEC-BW-002,83,83,14525,2459.98,1070.8,2,2,Parchment Paper Roll,Bake & Wrap,Bake,175,92,N,20 m,Matched,12065.02,7636,0.367095952,11.26729548,3358.22,0.024096386
2024-04-01,Swiggy Instamart,North,BEC-BW-001,79,79,17380,2505.73,1943.13,4,4,Compostable Cling Wrap,Bake & Wrap,Wrap,220,118,N,30 m,Matched,14874.27,9322,0.373280168,7.654799216,3609.14,0.050632911
2024-12-01,Amazon,West,BEC-GB-002,305,305,54595,12244.87,5934.13,10,10,Garbage Bag Large 15s,Garbage Bags,Large,179,86,N,15 bags,Matched,42350.13,26230,0.380639445,7.136704117,10186,0.032786885
2025-05-01,Blinkit,North,BEC-GB-002,325,325,58175,10167.14,3191.15,14,14,Garbage Bag Large 15s,Garbage Bags,Large,179,86,N,15 bags,Matched,48007.86,27950,0.417803668,15.04406249,16866.71,0.043076923
2025-04-01,Zepto,South,BEC-BW-002,106,106,18550,5260.37,1838.61,4,4,Parchment Paper Roll,Bake & Wrap,Bake,175,92,N,20 m,Matched,13289.63,9752,0.26619477,7.228085347,1699.02,0.037735849
2024-10-01,Zepto,West,BEC-KT-001,234,234,37440,5072.31,2485.42,5,5,Kitchen Towel 2-roll,Kitchen Towel,Towel,160,78,N,2 rolls,Matched,32367.69,18252,0.436104337,13.02302629,11630.27,0.021367521
2024-06-01,Swiggy Instamart,North,BEC-CLN-001,217,217,43183,10247.64,6875.42,6,6,Floor Cleaner 1L,Cleaners,Floor Cleaner,199,96,N,1 L,Matched,32935.36,20832,0.367488317,4.790305174,5227.94,0.02764977
2024-11-01,D2C,South,BEC-CLN-003,184,184,55016,4293.98,14011.18,23,23,Laundry Liquid 1L,Cleaners,Laundry,299,150,N,1 L,Matched,50722.02,27600,0.455857633,3.620110512,9110.84,0.125
2025-05-01,D2C,North,BEC-KT-002,156,156,65520,3481.69,5721.41,24,24,Kitchen Towel 6-roll,Kitchen Towel,Towel,420,205,N,6 rolls,Matched,62038.31,31980,0.48451207,10.84318551,24336.9,0.153846154
2025-01-01,Amazon,North,BEC-BW-001,241,241,53020,4537.55,3398.23,10,10,Compostable Cling Wrap,Bake & Wrap,Wrap,220,118,N,30 m,Matched,48482.45,28438,0.413437233,14.26697134,16646.22,0.041493776
2024-10-01,Blinkit,North,BEC-KT-001,162,162,25920,3466.68,2607.02,5,5,Kitchen Towel 2-roll,Kitchen Towel,Towel,160,78,N,2 rolls,Matched,22453.32,12636,0.437232445,8.612638185,7210.3,0.030864198
2024-02-01,Blinkit,South,BEC-GB-002,172,172,30788,4253.51,2263.27,7,7,Garbage Bag Large 15s,Garbage Bags,Large,179,86,N,15 bags,Matched,26534.49,14792,0.442536864,11.72396135,9479.22,0.040697674
2025-06-01,Flipkart,North,BEC-CLN-002,189,189,34965,5216.24,8625.61,6,6,Dishwash Liquid 750ml,Cleaners,Dishwash,185,88,N,750 ml,Matched,29748.76,16632,0.440917874,3.448887673,4491.15,0.031746032
2024-10-01,D2C,North,BEC-CLN-002,214,214,39590,1185.18,12090.23,32,32,Dishwash Liquid 750ml,Cleaners,Dishwash,185,88,N,750 ml,Matched,38404.82,18832,0.509644883,3.176516907,7482.59,0.14953271
2025-03-01,Swiggy Instamart,South,BEC-GB-002,121,121,21659,1670.72,2027.72,4,4,Garbage Bag Large 15s,Garbage Bags,Large,179,86,N,15 bags,Matched,19988.28,10406,0.479394925,9.857514844,7554.56,0.033057851
2025-01-01,Amazon,West,BEC-CLN-002,599,599,110815,15692.92,22079.16,14,14,Dishwash Liquid 750ml,Cleaners,Dishwash,185,88,N,750 ml,Matched,95122.08,52712,0.445848955,4.308229117,20330.92,0.023372287
2024-09-01,Flipkart,North,BEC-KT-001,96,96,15360,4607.13,1572.4,3,3,Kitchen Towel 2-roll,Kitchen Towel,Towel,160,78,N,2 rolls,Matched,10752.87,7488,0.303627776,6.838508013,1692.47,0.03125
2025-05-01,Swiggy Instamart,West,BEC-KT-001,159,159,25440,2919.7,2369.31,7,7,Kitchen Towel 2-roll,Kitchen Towel,Towel,160,78,N,2 rolls,Matched,22520.3,12402,0.449296857,9.505003566,7748.99,0.044025157
2025-03-01,D2C,West,BEC-CLN-003,393,393,117507,13481.74,23266.83,58,58,Laundry Liquid 1L,Cleaners,Laundry,299,150,N,1 L,Matched,104025.26,58950,0.433310717,4.470968327,21808.43,0.147582697
2025-03-01,Swiggy Instamart,North,BEC-KT-002,109,109,45780,5413.97,2173.97,5,5,Kitchen Towel 6-roll,Kitchen Towel,Towel,420,205,N,6 rolls,Matched,40366.03,22345,0.446440485,18.56788732,15847.06,0.04587156
2024-09-01,Blinkit,North,BEC-GB-001,202,202,30098,2605.04,2782.48,8,8,Garbage Bag Medium 30s,Garbage Bags,Medium,149,70,N,30 bags,Matched,27492.96,14140,0.485686518,9.880739484,10570.48,0.03960396
2024-04-01,Zepto,West,BEC-CLN-004,397,397,39303,11367.36,6641.33,14,14,Handwash 250ml,Cleaners,Handwash,99,44,N,250 ml,Matched,27935.64,17468,0.374705573,4.206332165,3826.31,0.035264484
2025-05-01,D2C,North,BEC-CLN-004,263,263,26037,3329.17,6640.58,30,30,Handwash 250ml,Cleaners,Handwash,99,44,N,250 ml,Matched,22707.83,11572,0.490396044,3.41955522,4495.25,0.114068441
2025-04-01,Flipkart,North,BEC-GB-002,168,168,30072,4380.51,2859.89,9,9,Garbage Bag Large 15s,Garbage Bags,Large,179,86,N,15 bags,Matched,25691.49,14448,0.437634797,8.983383976,8383.6,0.053571429
2025-05-01,Flipkart,North,BEC-CMB-001,44,44,30756,3544.88,2143.57,1,1,Home Cleaning Combo,Others,Combo,699,330,Y,4 items,Matched,27211.12,14520,0.466394621,12.6942997,10547.55,0.022727273
2024-10-01,Amazon,North,BEC-CLN-001,513,513,102087,13290.77,29542.79,10,10,Floor Cleaner 1L,Cleaners,Floor Cleaner,199,96,N,1 L,Matched,88796.23,49248,0.445381859,3.005681928,10005.44,0.019493177
2025-06-01,Amazon,South,BEC-TIS-001,412,412,39140,3919.25,4884.89,11,11,Bamboo Facial Tissue 100s,Tissues,Facial,95,42,N,100 pulls,Matched,35220.75,17304,0.508698707,7.210141887,13031.86,0.026699029
2024-02-01,Flipkart,South,BEC-TIS-002,153,153,27540,5085.68,2444.13,6,6,Bamboo Toilet Roll 4-pack,Tissues,Toilet Roll,180,95,N,4 rolls,Matched,22454.32,14535,0.352685808,9.187039969,5475.19,0.039215686
2024-05-01,Zepto,North,BEC-CMB-001,34,34,23766,2614.99,1839.77,1,1,Home Cleaning Combo,Others,Combo,699,330,Y,4 items,Matched,21151.01,11220,0.469528878,11.4965512,8091.24,0.029411765
2025-05-01,Flipkart,North,BEC-KT-002,209,209,87780,18525.28,5525.29,9,9,Kitchen Towel 6-roll,Kitchen Towel,Towel,420,205,N,6 rolls,Matched,69254.72,42845,0.381341806,12.53413305,20884.43,0.043062201
2025-04-01,Swiggy Instamart,West,BEC-CLN-003,331,331,98969,11441.07,25905.3,12,12,Laundry Liquid 1L,Cleaners,Laundry,299,150,N,1 L,Matched,87527.93,49650,0.432752494,3.378765349,11972.63,0.036253776
2024-08-01,Blinkit,West,BEC-CLN-002,379,379,70115,8423.48,19694.55,17,17,Dishwash Liquid 750ml,Cleaners,Dishwash,185,88,N,750 ml,Matched,61691.52,33352,0.459374643,3.132415821,8644.97,0.044854881
2024-07-01,Swiggy Instamart,West,BEC-CLN-003,278,278,83122,4986.55,22576.96,6,6,Laundry Liquid 1L,Cleaners,Laundry,299,150,N,1 L,Matched,78135.45,41700,0.466311386,3.460849025,13858.49,0.021582734
2025-05-01,Amazon,West,BEC-GB-002,466,466,83414,6136.52,6709.07,10,10,Garbage Bag Large 15s,Garbage Bags,Large,179,86,N,15 bags,Matched,77277.48,40076,0.481401309,11.51835947,30492.41,0.021459227
2024-01-01,Flipkart,West,BEC-BW-002,105,105,18375,3374.21,1664.36,4,4,Parchment Paper Roll,Bake & Wrap,Bake,175,92,N,20 m,Matched,15000.79,9660,0.356033916,9.01294792,3676.43,0.038095238
2025-05-01,D2C,South,BEC-KT-001,113,113,18080,2155.44,1729.07,16,16,Kitchen Towel 2-roll,Kitchen Towel,Towel,160,78,N,2 rolls,Matched,15924.56,8814,0.44651532,9.209898963,5381.49,0.14159292
2024-02-01,Zepto,South,BEC-BW-001,109,109,23980,5128.24,2641.27,5,5,Compostable Cling Wrap,Bake & Wrap,Wrap,220,118,N,30 m,Matched,18851.76,12862,0.317729485,7.137384667,3348.49,0.04587156
2025-02-01,D2C,West,BEC-BW-001,121,121,26620,1797.43,3593.32,14,14,Compostable Cling Wrap,Bake & Wrap,Wrap,220,118,N,30 m,Matched,24822.57,14278,0.424797674,6.907976467,6951.25,0.115702479
2024-01-01,Blinkit,South,BEC-TIS-001,203,203,19285,5158.6,814.25,11,11,Bamboo Facial Tissue 100s,Tissues,Facial,95,42,N,100 pulls,Matched,14126.4,8526,0.396449201,17.34897145,4786.15,0.054187192
2025-05-01,Zepto,West,BEC-CLN-004,538,538,53262,5370.88,16201.38,23,23,Handwash 250ml,Cleaners,Handwash,99,44,N,250 ml,Matched,47891.12,23672,0.505712124,2.955990169,8017.74,0.042750929
2025-01-01,Swiggy Instamart,North,BEC-CLN-002,168,168,31080,4695.31,5265.03,7,7,Dishwash Liquid 750ml,Cleaners,Dishwash,185,88,N,750 ml,Matched,26384.69,14784,0.439675054,5.011308578,6335.66,0.041666667
2025-02-01,Zepto,West,BEC-CLN-001,467,467,92933,8931.78,18779.98,27,27,Floor Cleaner 1L,Cleaners,Floor Cleaner,199,96,N,1 L,Matched,84001.22,44832,0.466293466,4.472913177,20389.24,0.057815846
2025-01-01,Flipkart,North,BEC-BW-001,127,127,27940,6961.05,1997.76,7,7,Compostable Cling Wrap,Bake & Wrap,Wrap,220,118,N,30 m,Matched,20978.95,14986,0.285664916,10.50123638,3995.19,0.05511811
2025-03-01,D2C,North,BEC-GB-001,149,149,22201,860.01,1117.31,13,13,Garbage Bag Medium 30s,Garbage Bags,Medium,149,70,N,30 bags,Matched,21340.99,10430,0.511269159,19.10033026,9793.68,0.087248322
2024-12-01,Flipkart,North,BEC-KT-001,131,131,20960,4440.97,2149.62,7,7,Kitchen Towel 2-roll,Kitchen Towel,Towel,160,78,N,2 rolls,Matched,16519.03,10218,0.381440678,7.684627981,4151.41,0.053435115
2024-09-01,Flipkart,South,BEC-BW-001,70,70,15400,4273.56,1604.12,1,1,Compostable Cling Wrap,Bake & Wrap,Wrap,220,118,N,30 m,Matched,11126.44,8260,0.257624182,6.936164377,1262.32,0.014285714
2024-05-01,D2C,South,BEC-GB-001,139,139,20711,2495.88,2065.11,21,21,Garbage Bag Medium 30s,Garbage Bags,Medium,149,70,N,30 bags,Matched,18215.12,9730,0.465828389,8.820411504,6420.01,0.151079137
2024-06-01,Swiggy Instamart,South,BEC-CLN-004,109,109,10791,1669.73,2616.7,5,5,Handwash 250ml,Cleaners,Handwash,99,44,N,250 ml,Matched,9121.27,4796,0.474196028,3.485791264,1708.57,0.04587156
2024-05-01,Blinkit,South,BEC-BW-002,124,124,21700,5368.61,1413.36,4,4,Parchment Paper Roll,Bake & Wrap,Bake,175,92,N,20 m,Matched,16331.39,11408,0.301467909,11.55501075,3510.03,0.032258065
2024-06-01,Amazon,North,BEC-KT-002,217,217,91140,26155.44,7512.15,10,10,Kitchen Towel 6-roll,Kitchen Towel,Towel,420,205,N,6 rolls,Matched,64984.56,44485,0.315452778,8.650594038,12987.41,0.046082949
2025-03-01,D2C,South,BEC-TIS-001,143,143,13585,391.68,1429.25,15,15,Bamboo Facial Tissue 100s,Tissues,Facial,95,42,N,100 pulls,Matched,13193.32,6006,0.544769626,9.230939304,5758.07,0.104895105
2025-03-01,Flipkart,West,BEC-GB-002,267,267,47793,12205.77,4330.69,15,15,Garbage Bag Large 15s,Garbage Bags,Large,179,86,N,15 bags,Matched,35587.23,22962,0.35476855,8.217450337,8294.54,0.056179775
2024-10-01,Swiggy Instamart,North,BEC-GB-002,-92,,16468,3009.79,1144.19,3,3,Garbage Bag Large 15s,Garbage Bags,Large,179,86,N,15 bags,Matched,13458.21,,,11.76221607,,
2025-06-01,Swiggy Instamart,West,BEC-BW-002,85,85,14875,1129.7,1799.66,4,4,Parchment Paper Roll,Bake & Wrap,Bake,175,92,N,20 m,Matched,13745.3,7820,0.431078259,7.637720458,4125.64,0.047058824
2024-02-01,D2C,North,BEC-CMB-001,30,30,20970,2128.16,2254.24,4,4,Home Cleaning Combo,Others,Combo,699,330,Y,4 items,Matched,18841.84,9900,0.474573609,8.35840017,6687.6,0.133333333
2025-03-01,Swiggy Instamart,South,BEC-CLN-003,232,232,69368,9979.13,18457.38,7,7,Laundry Liquid 1L,Cleaners,Laundry,299,150,N,1 L,Matched,59388.87,34800,0.414031619,3.217621894,6131.49,0.030172414
2024-03-01,Amazon,South,BEC-CLN-004,314,314,31086,5409.97,6823.61,7,7,Handwash 250ml,Cleaners,Handwash,99,44,N,250 ml,Matched,25676.03,13816,0.461910584,3.762822025,5036.42,0.022292994
2024-01-01,Amazon,North,BEC-KT-002,227,227,95340,8141.06,9758.44,5,5,Kitchen Towel 6-roll,Kitchen Towel,Towel,420,205,N,6 rolls,Matched,87198.94,46535,0.466335256,8.935745877,30905.5,0.022026432
2025-03-01,Amazon,North,BEC-GB-001,358,358,53342,14269.43,2748.02,7,7,Garbage Bag Medium 30s,Garbage Bags,Medium,149,70,N,30 bags,Matched,39072.57,25060,0.35862934,14.21844455,11264.55,0.019553073
2024-07-01,Flipkart,North,BEC-CLN-002,152,152,28120,7406.76,5281.02,8,8,Dishwash Liquid 750ml,Cleaners,Dishwash,185,88,N,750 ml,Matched,20713.24,13376,0.354229469,3.922204423,2056.22,0.052631579
2025-04-01,Blinkit,West,BEC-CLN-003,403,403,120497,21368.4,29907.1,19,19,Laundry Liquid 1L,Cleaners,Laundry,299,150,N,1 L,Matched,99128.6,60450,0.390186082,3.314550725,8771.5,0.047146402
2024-01-01,Blinkit,West,BEC-KT-002,210,210,88200,16964.88,3829.54,10,10,Kitchen Towel 6-roll,Kitchen Towel,Towel,420,205,N,6 rolls,Matched,71235.12,43050,0.395663263,18.60148216,24355.58,0.047619048
2024-01-01,Amazon,West,BEC-OTH-001,208,208,30992,3331.18,1469.23,5,5,Bamboo Wet Wipes 72s,Others,Wipes,149,72,N,72 wipes,Matched,27660.82,14976,0.45858438,18.82674598,11215.59,0.024038462
2025-03-01,Blinkit,South,BEC-TIS-002,297,297,53460,8899.39,2468.24,13,13,Bamboo Toilet Roll 4-pack,Tissues,Toilet Roll,180,95,N,4 rolls,Matched,44560.61,28215,0.366817465,18.05359689,13877.37,0.043771044
2024-06-01,Blinkit,West,BEC-KT-002,318,318,133560,12054.44,9879.02,17,17,Kitchen Towel 6-roll,Kitchen Towel,Towel,420,205,N,6 rolls,Matched,121505.56,65190,0.463481342,12.29935358,46436.54,0.053459119
2024-01-01,Swiggy Instamart,South,BEC-CLN-002,177,177,32745,7428.8,6383.14,3,3,Dishwash Liquid 750ml,Cleaners,Dishwash,185,88,N,750 ml,Matched,25316.2,15576,0.384741786,3.966104456,3357.06,0.016949153
2025-06-01,Blinkit,West,BEC-GB-002,325,325,58175,9695.34,4039.55,12,12,Garbage Bag Large 15s,Garbage Bags,Large,179,86,N,15 bags,Matched,48479.66,27950,0.423469554,12.00125261,16490.11,0.036923077
2025-06-01,Flipkart,West,BEC-CLN-001,290,290,57710,13288.03,8350.18,13,13,Floor Cleaner 1L,Cleaners,Floor Cleaner,199,96,N,1 L,Matched,44421.97,27840,0.373283085,5.319881727,8231.79,0.044827586
2024-05-01,D2C,South,BEC-KT-001,86,86,13760,1077.13,1704.84,14,14,Kitchen Towel 2-roll,Kitchen Towel,Towel,160,78,N,2 rolls,Matched,12682.87,6708,0.47109763,7.43933155,4270.03,0.162790698
2024-08-01,Blinkit,North,BEC-TIS-001,199,199,18905,3498.12,2263.66,11,11,Bamboo Facial Tissue 100s,Tissues,Facial,95,42,N,100 pulls,Matched,15406.88,8358,0.457515084,6.80618114,4785.22,0.055276382
2025-03-01,Flipkart,South,BEC-CMB-001,34,34,23766,4467.53,2814.88,0,0,Home Cleaning Combo,Others,Combo,699,330,Y,4 items,Matched,19298.47,11220,0.41860676,6.855876627,5263.59,0
2024-11-01,Amazon,West,BEC-TIS-001,404,404,38380,8391.56,1960.9,17,17,Bamboo Facial Tissue 100s,Tissues,Facial,95,42,N,100 pulls,Matched,29988.44,16968,0.434181971,15.2932021,11059.54,0.042079208
2025-06-01,Swiggy Instamart,West,BEC-GB-002,226,226,40454,3273.93,4292.24,8,8,Garbage Bag Large 15s,Garbage Bags,Large,179,86,N,15 bags,Matched,37180.07,19436,0.477246815,8.662160084,13451.83,0.03539823
2025-06-01,Zepto,North,BEC-CLN-001,350,350,69650,10986.18,19283.96,11,11,Floor Cleaner 1L,Cleaners,Floor Cleaner,199,96,N,1 L,Matched,58663.82,33600,0.427244936,3.042104423,5779.86,0.031428571
2025-02-01,Flipkart,North,BEC-CLN-004,365,365,36135,9490.57,5076.69,8,8,Handwash 250ml,Cleaners,Handwash,99,44,N,250 ml,Matched,26644.43,16060,0.39724738,5.248386252,5507.74,0.021917808
2025-05-01,Blinkit,West,BEC-CLN-001,502,502,99898,20362.16,24446.81,11,11,Floor Cleaner 1L,Cleaners,Floor Cleaner,199,96,N,1 L,Matched,79535.84,48192,0.394084478,3.253424066,6897.03,0.021912351
2025-04-01,Blinkit,South,BEC-KT-001,248,248,39680,9929.65,3419.49,13,13,Kitchen Towel 2-roll,Kitchen Towel,Towel,160,78,N,2 rolls,Matched,29750.35,19344,0.349789162,8.700230151,6986.86,0.052419355
2025-02-01,D2C,North,BEC-TIS-002,201,201,36180,4209.13,3742.36,34,34,Bamboo Toilet Roll 4-pack,Tissues,Toilet Roll,180,95,N,4 rolls,Matched,31970.87,19095,0.402737555,8.542970211,9133.51,0.169154229
2025-01-01,Flipkart,North,BEC-GB-002,152,152,27208,6416.39,1492.8,4,4,Garbage Bag Large 15s,Garbage Bags,Large,179,86,N,15 bags,Matched,20791.61,13072,0.37128486,13.92792738,6226.81,0.026315789
2025-05-01,Swiggy Instamart,North,BEC-TIS-001,153,153,14535,3932.65,795.14,8,8,Bamboo Facial Tissue 100s,Tissues,Facial,95,42,N,100 pulls,Matched,10602.35,6426,0.393907954,13.33394119,3381.21,0.052287582
2025-04-01,Amazon,West,BEC-KT-001,336,336,53760,11590.56,3612.92,11,11,Kitchen Towel 2-roll,Kitchen Towel,Towel,160,78,N,2 rolls,Matched,42169.44,26208,0.378507279,11.67184438,12348.52,0.032738095
2025-02-01,Swiggy Instamart,North,BEC-CMB-001,34,34,23766,4290.41,1156.57,0,0,Home Cleaning Combo,Others,Combo,699,330,Y,4 items,Matched,19475.59,11220,0.423894218,16.83909318,7099.02,0
2024-09-01,D2C,South,BEC-TIS-002,100,100,18000,2685.28,1711.56,9,9,Bamboo Toilet Roll 4-pack,Tissues,Toilet Roll,180,95,N,4 rolls,Matched,15314.72,9500,0.37968177,8.94781369,4103.16,0.09
2024-08-01,Amazon,West,BEC-CLN-003,359,359,107341,9656.11,31875.43,18,18,Laundry Liquid 1L,Cleaners,Laundry,299,150,N,1 L,Matched,97684.89,53850,0.448737671,3.064582658,11959.46,0.050139276
2024-03-01,Swiggy Instamart,South,BEC-CLN-003,165,165,49335,3821.99,12236.07,6,6,Laundry Liquid 1L,Cleaners,Laundry,299,150,N,1 L,Matched,45513.01,24750,0.456199447,3.719577446,8526.94,0.036363636
2025-02-01,Amazon,North,BEC-CMB-001,87,87,60813,10417.7,4169.2,3,3,Home Cleaning Combo,Others,Combo,699,330,Y,4 items,Matched,50395.3,28710,0.430304016,12.08752279,17516.1,0.034482759
2025-01-01,Zepto,South,BEC-TIS-001,192,192,18240,2844.53,1446.07,4,4,Bamboo Facial Tissue 100s,Tissues,Facial,95,42,N,100 pulls,Matched,15395.47,8064,0.47620956,10.64642099,5885.4,0.020833333
2024-04-01,Flipkart,West,BEC-BW-002,89,89,15575,4039.77,1515.25,1,1,Parchment Paper Roll,Bake & Wrap,Bake,175,92,N,20 m,Matched,11535.23,8188,0.290174535,7.612756971,1831.98,0.011235955
2024-10-01,D2C,West,BEC-CLN-001,298,298,59302,4590.85,13444.77,35,35,Floor Cleaner 1L,Cleaners,Floor Cleaner,199,96,N,1 L,Matched,54711.15,28608,0.477108414,4.069325842,12658.38,0.117449664
2024-01-01,Zepto,West,BEC-TIS-001,318,318,30210,1988.35,1697.22,11,11,Bamboo Facial Tissue 100s,Tissues,Facial,95,42,N,100 pulls,Matched,28221.65,13356,0.52674631,16.62816252,13168.43,0.034591195
2025-01-01,Amazon,North,BEC-OTH-001,154,154,22946,5664.13,2298.9,4,4,Bamboo Wet Wipes 72s,Others,Wipes,149,72,N,72 wipes,Matched,17281.87,11088,0.358402765,7.517451825,3894.97,0.025974026
2025-06-01,Swiggy Instamart,West,BEC-KT-002,158,158,66360,7842.99,7499.66,9,9,Kitchen Towel 6-roll,Kitchen Towel,Towel,420,205,N,6 rolls,Matched,58517.01,32390,0.446485731,7.802621719,18627.35,0.056962025
2024-01-01,Swiggy Instamart,North,BEC-CMB-001,24,24,16776,2349.69,1824.41,0,0,Home Cleaning Combo,Others,Combo,699,330,Y,4 items,Matched,14426.31,7920,0.451003063,7.907383757,4681.9,0
2024-11-01,Flipkart,North,BEC-CLN-003,238,238,71162,5885.78,15134.4,11,11,Laundry Liquid 1L,Cleaners,Laundry,299,150,N,1 L,Matched,65276.22,35700,0.453093332,4.313102601,14441.82,0.046218487
2024-09-01,Zepto,South,BEC-OTH-001,74,74,11026,2494.76,768.95,3,3,Bamboo Wet Wipes 72s,Others,Wipes,149,72,N,72 wipes,Matched,8531.24,5328,0.375471795,11.09466155,2434.29,0.040540541
2024-09-01,Swiggy Instamart,North,BEC-CLN-004,196,196,19404,1218.06,4592.12,5,5,Handwash 250ml,Cleaners,Handwash,99,44,N,250 ml,Matched,18185.94,8624,0.525787504,3.960249297,4969.82,0.025510204
2025-04-01,D2C,South,BEC-GB-002,101,101,18079,2291.88,799.5,16,16,Garbage Bag Large 15s,Garbage Bags,Large,179,86,N,15 bags,Matched,15787.12,8686,0.449804651,19.7462414,6301.62,0.158415842
2025-04-01,D2C,South,BEC-CLN-004,185,185,18315,2420.43,3834.7,29,29,Handwash 250ml,Cleaners,Handwash,99,44,N,250 ml,Matched,15894.57,8140,0.487875419,4.144931807,3919.87,0.156756757
2024-07-01,Amazon,North,BEC-BW-002,182,182,31850,7337.08,3049.84,5,5,Parchment Paper Roll,Bake & Wrap,Bake,175,92,N,20 m,Matched,24512.92,16744,0.316931643,8.037444587,4719.08,0.027472527
2025-05-01,D2C,South,BEC-TIS-001,144,144,13680,942.65,761.23,13,13,Bamboo Facial Tissue 100s,Tissues,Facial,95,42,N,100 pulls,Matched,12737.35,6048,0.525175959,16.73259068,5928.12,0.090277778
2025-06-01,Amazon,West,BEC-TIS-001,660,660,62700,4245.82,4719.09,30,30,Bamboo Facial Tissue 100s,Tissues,Facial,95,42,N,100 pulls,Matched,58454.18,27720,0.525782416,12.38674829,26015.09,0.045454545
2024-07-01,Swiggy Instamart,South,BEC-KT-001,103,103,16480,3112.33,1551.4,5,5,Kitchen Towel 2-roll,Kitchen Towel,Towel,160,78,N,2 rolls,Matched,13367.67,8034,0.398997731,8.616520562,3782.27,0.048543689
2024-09-01,Flipkart,South,BEC-CLN-004,168,168,16632,1416.74,3853.68,3,3,Handwash 250ml,Cleaners,Handwash,99,44,N,250 ml,Matched,15215.26,7392,0.514171956,3.948241681,3969.58,0.017857143
2024-10-01,D2C,North,BEC-KT-001,100,100,16000,2081.16,1105.73,15,15,Kitchen Towel 2-roll,Kitchen Towel,Towel,160,78,N,2 rolls,Matched,13918.84,7800,0.439608473,12.58791929,5013.11,0.15
2024-02-01,Flipkart,South,BEC-CMB-001,21,21,14679,4382.82,737.83,0,0,Home Cleaning Combo,Others,Combo,699,330,Y,4 items,Matched,10296.18,6930,0.326934844,13.95467791,2628.35,0
2024-08-01,Flipkart,West,BEC-TIS-002,250,250,45000,12360.5,2663.1,13,13,Bamboo Toilet Roll 4-pack,Tissues,Toilet Roll,180,95,N,4 rolls,Matched,32639.5,23750,0.27235405,12.25620517,6226.4,0.052
2024-07-01,D2C,West,BEC-BW-002,75,75,13125,595.46,760.14,11,11,Parchment Paper Roll,Bake & Wrap,Bake,175,92,N,20 m,Matched,12529.54,6900,0.449301411,16.48320046,4869.4,0.146666667
2024-04-01,D2C,South,BEC-CMB-001,18,18,12582,1146.13,1143.94,2,2,Home Cleaning Combo,Others,Combo,699,330,Y,4 items,Matched,11435.87,5940,0.480581714,9.996914174,4351.93,0.111111111
2025-01-01,D2C,North,BEC-KT-002,173,173,72660,6996.04,6438.44,19,19,Kitchen Towel 6-roll,Kitchen Towel,Towel,420,205,N,6 rolls,Matched,65663.96,35465,0.459901596,10.19873758,23760.52,0.10982659
2024-12-01,Amazon,South,BEC-TIS-002,291,291,52380,12983.91,3948.48,16,16,Bamboo Toilet Roll 4-pack,Tissues,Toilet Roll,180,95,N,4 rolls,Matched,39396.09,27645,0.298280616,9.977533127,7802.61,0.054982818
2025-02-01,Amazon,West,BEC-CLN-001,876,876,174324,13463.52,42452.28,45,45,Floor Cleaner 1L,Cleaners,Floor Cleaner,199,96,N,1 L,Matched,160860.48,84096,0.477211556,3.789207081,34312.2,0.051369863
2024-05-01,Swiggy Instamart,West,BEC-GB-002,202,202,36158,3853.22,2663.86,6,6,Garbage Bag Large 15s,Garbage Bags,Large,179,86,N,15 bags,Matched,32304.78,17372,0.462246763,12.12705623,12268.92,0.02970297
2024-11-01,Swiggy Instamart,South,BEC-GB-002,98,98,17542,4955.29,872.52,3,3,Garbage Bag Large 15s,Garbage Bags,Large,179,86,N,15 bags,Matched,12586.71,8428,0.330404848,14.42569798,3286.19,0.030612245
2024-08-01,Blinkit,West,BEC-KT-002,205,205,86100,20417.93,9103.46,6,6,Kitchen Towel 6-roll,Kitchen Towel,Towel,420,205,N,6 rolls,Matched,65682.07,42025,0.360175463,7.215066579,14553.61,0.029268293
2024-03-01,D2C,West,BEC-CLN-003,226,226,67574,4722.35,17990.2,25,25,Laundry Liquid 1L,Cleaners,Laundry,299,150,N,1 L,Matched,62851.65,33900,0.460634685,3.493660437,10961.45,0.110619469
2025-04-01,Swiggy Instamart,North,BEC-OTH-001,79,79,11771,2950.76,1179.96,3,3,Bamboo Wet Wipes 72s,Others,Wipes,149,72,N,72 wipes,Matched,8820.24,5688,0.355119589,7.475033052,1952.28,0.037974684
2024-07-01,Flipkart,North,BEC-OTH-001,71,71,10579,1285.49,564.18,1,1,Bamboo Wet Wipes 72s,Others,Wipes,149,72,N,72 wipes,Matched,9293.51,5112,0.449938721,16.4725974,3617.33,0.014084507
2025-04-01,Flipkart,North,BEC-CLN-001,368,368,73232,5330.69,16332.39,19,19,Floor Cleaner 1L,Cleaners,Floor Cleaner,199,96,N,1 L,Matched,67901.31,35328,0.479715487,4.157463176,16240.92,0.051630435
2025-02-01,D2C,South,BEC-BW-001,67,67,14740,1132.56,843.64,7,7,Compostable Cling Wrap,Bake & Wrap,Wrap,220,118,N,30 m,Matched,13607.44,7906,0.418994315,16.1294391,4857.8,0.104477612
2024-09-01,D2C,North,BEC-BW-001,70,70,15400,567.45,2056.28,11,11,Compostable Cling Wrap,Bake & Wrap,Wrap,220,118,N,30 m,Matched,14832.55,8260,0.443116659,7.213292937,4516.27,0.157142857
2024-10-01,D2C,North,BEC-GB-002,115,115,20585,2378.58,1195.25,16,16,Garbage Bag Large 15s,Garbage Bags,Large,179,86,N,15 bags,Matched,18206.42,9890,0.456785024,15.23231123,7121.17,0.139130435
2024-06-01,Swiggy Instamart,South,BEC-KT-001,114,114,18240,4125.94,1408.12,2,2,Kitchen Towel 2-roll,Kitchen Towel,Towel,160,78,N,2 rolls,Matched,14114.06,8892,0.369989925,10.02333608,3813.94,0.01754386
2024-08-01,Swiggy Instamart,South,BEC-OTH-001,42,42,6258,1420.32,424.79,1,1,Bamboo Wet Wipes 72s,Others,Wipes,149,72,N,72 wipes,Matched,4837.68,3024,0.37490698,11.38840368,1388.89,0.023809524
2025-06-01,Amazon,West,BEC-GB-002,345,345,61755,11733.78,5662.62,15,15,Garbage Bag Large 15s,Garbage Bags,Large,179,86,N,15 bags,Matched,50021.22,29670,0.406851732,8.833582335,14688.6,0.043478261
2024-02-01,D2C,North,BEC-TIS-001,218,218,20710,1688.31,2010.98,28,28,Bamboo Facial Tissue 100s,Tissues,Facial,95,42,N,100 pulls,Matched,19021.69,9156,0.518654757,9.458915554,7854.71,0.128440367
2024-03-01,Amazon,North,BEC-CLN-002,406,406,75110,12136.13,18974.47,22,22,Dishwash Liquid 750ml,Cleaners,Dishwash,185,88,N,750 ml,Matched,62973.87,35728,0.432653575,3.318873729,8271.4,0.054187192
2025-06-01,Swiggy Instamart,North,BEC-CLN-003,199,199,59501,8640.82,15892.34,6,6,Laundry Liquid 1L,Cleaners,Laundry,299,150,N,1 L,Matched,50860.18,29850,0.413096847,3.200295237,5117.84,0.030150754
2025-02-01,Flipkart,North,BEC-KT-001,193,193,30880,8050.7,1273.93,10,10,Kitchen Towel 2-roll,Kitchen Towel,Towel,160,78,N,2 rolls,Matched,22829.3,15054,0.340584249,17.92037239,6501.37,0.051813472
2024-12-01,Swiggy Instamart,West,BEC-BW-002,98,98,17150,2544.49,1973.18,2,2,Parchment Paper Roll,Bake & Wrap,Bake,175,92,N,20 m,Matched,14605.51,9016,0.382698721,7.402016035,3616.33,0.020408163
2025-01-01,Flipkart,South,BEC-TIS-002,172,172,30960,4981.34,2397.75,4,4,Bamboo Toilet Roll 4-pack,Tissues,Toilet Roll,180,95,N,4 rolls,Matched,25978.66,16340,0.371022216,10.8345991,7240.91,0.023255814
2024-07-01,Zepto,South,BEC-BW-002,59,59,10325,1723.17,455.75,1,1,Parchment Paper Roll,Bake & Wrap,Bake,175,92,N,20 m,Matched,8601.83,5428,0.368971486,18.87400987,2718.08,0.016949153
2024-11-01,Swiggy Instamart,West,BEC-BW-001,79,79,17380,2987.02,1424.81,4,4,Compostable Cling Wrap,Bake & Wrap,Wrap,220,118,N,30 m,Matched,14392.98,9322,0.352323146,10.10168373,3646.17,0.050632911
2024-09-01,Zepto,West,BEC-KT-002,165,165,69300,19057.54,3381.12,6,6,Kitchen Towel 6-roll,Kitchen Towel,Towel,420,205,N,6 rolls,Matched,50242.46,33825,0.326764653,14.85970921,13036.34,0.036363636
2025-03-01,Blinkit,North,BEC-TIS-001,411,411,39045,11601.95,2031.65,11,11,Bamboo Facial Tissue 100s,Tissues,Facial,95,42,N,100 pulls,Matched,27443.05,17262,0.370988283,13.50776462,8149.4,0.02676399
2024-02-01,Swiggy Instamart,North,BEC-CLN-001,256,256,50944,8843.62,10942.93,6,6,Floor Cleaner 1L,Cleaners,Floor Cleaner,199,96,N,1 L,Matched,42100.38,24576,0.4162523,3.847267597,6581.45,0.0234375
2025-02-01,Amazon,West,BEC-GB-002,578,578,103462,8197.88,11141.24,20,20,Garbage Bag Large 15s,Garbage Bags,Large,179,86,N,15 bags,Matched,95264.12,49708,0.478208585,8.550585034,34414.88,0.034602076
2024-07-01,D2C,South,BEC-OTH-001,41,41,6109,597.71,383.06,6,6,Bamboo Wet Wipes 72s,Others,Wipes,149,72,N,72 wipes,Matched,5511.29,2952,0.464372225,14.3875372,2176.23,0.146341463
2024-06-01,Swiggy Instamart,North,BEC-KT-002,130,130,54600,11170.66,4970.28,6,6,Kitchen Towel 6-roll,Kitchen Towel,Towel,420,205,N,6 rolls,Matched,43429.34,26650,0.386359544,8.737805516,11809.06,0.046153846
2024-10-01,Zepto,North,BEC-KT-001,179,179,28640,4812.67,3087.24,9,9,Kitchen Towel 2-roll,Kitchen Towel,Towel,160,78,N,2 rolls,Matched,23827.33,13962,0.41403422,7.718003783,6778.09,0.05027933
2024-09-01,Flipkart,West,BEC-CMB-001,28,28,19572,1905.43,1845.35,1,1,Home Cleaning Combo,Others,Combo,699,330,Y,4 items,Matched,17666.57,9240,0.47697827,9.573560571,6581.22,0.035714286
2024-10-01,Amazon,West,BEC-CLN-003,599,599,179101,29618.14,27075.88,26,26,Laundry Liquid 1L,Cleaners,Laundry,299,150,N,1 L,Matched,149482.86,89850,0.398927743,5.520886486,32556.98,0.043405676
2025-02-01,Zepto,South,BEC-TIS-001,270,270,25650,4173.15,1160.47,6,6,Bamboo Facial Tissue 100s,Tissues,Facial,95,42,N,100 pulls,Matched,21476.85,11340,0.471989607,18.50702733,8976.38,0.022222222
2024-08-01,Amazon,West,BEC-BW-001,186,186,40920,12119.81,4298.78,3,3,Compostable Cling Wrap,Bake & Wrap,Wrap,220,118,N,30 m,Matched,28800.19,21948,0.237921694,6.699619427,2553.41,0.016129032
2024-02-01,D2C,South,BEC-TIS-001,105,105,9975,1021.11,1007.56,10,10,Bamboo Facial Tissue 100s,Tissues,Facial,95,42,N,100 pulls,Matched,8953.89,4410,0.507476639,8.886706499,3536.33,0.095238095
2025-03-01,Blinkit,South,BEC-GB-001,295,295,43955,6581.05,5581.22,12,12,Garbage Bag Medium 30s,Garbage Bags,Medium,149,70,N,30 bags,Matched,37373.95,20650,0.447476116,6.696376419,11142.73,0.040677966
2025-04-01,Amazon,North,BEC-CLN-003,669,669,200031,24982.84,39682.95,17,17,Laundry Liquid 1L,Cleaners,Laundry,299,150,N,1 L,Matched,175048.16,100350,0.426729193,4.411168021,35015.21,0.025411061
2024-09-01,Blinkit,North,BEC-TIS-002,261,261,46980,7308.07,3822.21,5,5,Bamboo Toilet Roll 4-pack,Tissues,Toilet Roll,180,95,N,4 rolls,Matched,39671.93,24795,0.374998897,10.3793172,11054.72,0.019157088
2024-02-01,D2C,North,BEC-GB-001,184,184,27416,1987.24,2552.41,20,20,Garbage Bag Medium 30s,Garbage Bags,Medium,149,70,N,30 bags,Matched,25428.76,12880,0.493486902,9.962647067,9996.35,0.108695652
2024-09-01,Blinkit,South,BEC-CLN-001,231,231,45969,9752.47,7956.73,5,5,Floor Cleaner 1L,Cleaners,Floor Cleaner,199,96,N,1 L,Matched,36216.53,22176,0.387682917,4.551685177,6083.8,0.021645022
2024-03-01,Flipkart,West,BEC-GB-001,210,210,31290,5059.94,3744.52,12,12,Garbage Bag Medium 30s,Garbage Bags,Medium,149,70,N,30 bags,Matched,26230.06,14700,0.43957429,7.004919189,7785.54,0.057142857
2024-12-01,Flipkart,North,BEC-TIS-002,246,246,44280,9981.97,3873.52,14,14,Bamboo Toilet Roll 4-pack,Tissues,Toilet Roll,180,95,N,4 rolls,Matched,34298.03,23370,0.318619757,8.854486359,7054.51,0.056910569
2024-03-01,Zepto,North,BEC-GB-001,212,212,31588,8177.05,2672.53,10,10,Garbage Bag Medium 30s,Garbage Bags,Medium,149,70,N,30 bags,Matched,23410.95,14840,0.366108594,8.75984554,5898.42,0.047169811
2024-07-01,Flipkart,South,BEC-CLN-002,136,136,25160,7121.64,4018.36,5,5,Dishwash Liquid 750ml,Cleaners,Dishwash,185,88,N,750 ml,Matched,18038.36,11968,0.33652505,4.488985556,2052,0.036764706
2024-04-01,Flipkart,West,BEC-CLN-001,390,390,77610,6875.89,18841.2,11,11,Floor Cleaner 1L,Cleaners,Floor Cleaner,199,96,N,1 L,Matched,70734.11,37440,0.470693842,3.754225315,14452.91,0.028205128
2024-11-01,Blinkit,West,BEC-CLN-004,483,483,47817,6065.7,7897.88,26,26,Handwash 250ml,Cleaners,Handwash,99,44,N,250 ml,Matched,41751.3,21252,0.490985909,5.286393311,12601.42,0.053830228
2024-04-01,Blinkit,West,BEC-KT-002,350,350,147000,17820.39,6970.86,7,7,Kitchen Towel 6-roll,Kitchen Towel,Towel,420,205,N,6 rolls,Matched,129179.61,71750,0.444571787,18.53137346,50458.75,0.02
2024-03-01,Amazon,North,BEC-GB-001,306,306,45594,9743.77,4281.21,8,8,Garbage Bag Medium 30s,Garbage Bags,Medium,149,70,N,30 bags,Matched,35850.23,21420,0.402514293,8.373854588,10149.02,0.026143791
2025-06-01,Zepto,West,BEC-CMB-001,45,45,31455,6472.98,2256.46,1,1,Home Cleaning Combo,Others,Combo,699,330,Y,4 items,Matched,24982.02,14850,0.405572488,11.07133297,7875.56,0.022222222
2024-01-01,Blinkit,South,BEC-TIS-002,189,189,34020,2140.01,3704.39,8,8,Bamboo Toilet Roll 4-pack,Tissues,Toilet Roll,180,95,N,4 rolls,Matched,31879.99,17955,0.436794052,8.606002608,10220.6,0.042328042
2024-11-01,Swiggy Instamart,South,BEC-GB-001,74,74,11026,3139.47,1003.26,2,2,Garbage Bag Medium 30s,Garbage Bags,Medium,149,70,N,30 bags,Matched,7886.53,5180,0.343183884,7.860903455,1703.27,0.027027027
2024-05-01,Flipkart,South,BEC-OTH-001,48,48,7152,1151.43,508.93,1,1,Bamboo Wet Wipes 72s,Others,Wipes,149,72,N,72 wipes,Matched,6000.57,3456,0.424054715,11.79056059,2035.64,0.020833333
2024-03-01,Swiggy Instamart,North,BEC-GB-001,106,106,15794,2990.2,1565.19,4,4,Garbage Bag Medium 30s,Garbage Bags,Medium,149,70,N,30 bags,Matched,12803.8,7420,0.420484544,8.180348712,3818.61,0.037735849
2024-04-01,Blinkit,West,BEC-GB-001,268,268,39932,4623.5,3984.38,9,9,Garbage Bag Medium 30s,Garbage Bags,Medium,149,70,N,30 bags,Matched,35308.5,18760,0.468683178,8.861730056,12564.12,0.03358209
2024-04-01,Blinkit,West,BEC-TIS-002,308,308,55440,7004.07,3992.53,17,17,Bamboo Toilet Roll 4-pack,Tissues,Toilet Roll,180,95,N,4 rolls,Matched,48435.93,29260,0.395903,12.13163833,15183.4,0.055194805
2024-05-01,Zepto,West,BEC-CLN-001,375,375,74625,8072.79,18952.99,17,17,Floor Cleaner 1L,Cleaners,Floor Cleaner,199,96,N,1 L,Matched,66552.21,36000,0.459071307,3.511435926,11599.22,0.045333333
2024-07-01,Swiggy Instamart,North,BEC-KT-001,102,102,16320,4815.91,927.84,4,4,Kitchen Towel 2-roll,Kitchen Towel,Towel,160,78,N,2 rolls,Matched,11504.09,7956,0.308419875,12.39878643,2620.25,0.039215686
2024-01-01,Zepto,West,BEC-OTH-001,152,152,22648,5750.61,1170.31,8,8,Bamboo Wet Wipes 72s,Others,Wipes,149,72,N,72 wipes,Matched,16897.39,10944,0.35232601,14.43838812,4783.08,0.052631579
2024-06-01,Zepto,North,BEC-BW-001,113,113,24860,3799.27,1321.79,4,4,Compostable Cling Wrap,Bake & Wrap,Wrap,220,118,N,30 m,Matched,21060.73,13334,0.366878546,15.9334917,6404.94,0.03539823
2024-01-01,Swiggy Instamart,North,BEC-CLN-002,220,220,40700,2298.09,7320.21,9,9,Dishwash Liquid 750ml,Cleaners,Dishwash,185,88,N,750 ml,Matched,38401.91,19360,0.495858409,5.246012068,11721.7,0.040909091
2024-04-01,Amazon,West,BEC-TIS-002,637,637,114660,34133.78,9566.59,20,20,Bamboo Toilet Roll 4-pack,Tissues,Toilet Roll,180,95,N,4 rolls,Matched,80526.22,60515,0.248505642,8.41744237,10444.63,0.031397174
2024-02-01,Zepto,North,BEC-CMB-001,45,45,31455,6903.23,1452.16,2,2,Home Cleaning Combo,Others,Combo,699,330,Y,4 items,Matched,24551.77,14850,0.395155624,16.90706947,8249.61,0.044444444
2025-04-01,Blinkit,North,BEC-GB-002,319,319,57101,12853.52,5827.51,16,16,Garbage Bag Large 15s,Garbage Bags,Large,179,86,N,15 bags,Matched,44247.48,27434,0.37998729,7.592862132,10985.97,0.05015674
2025-05-01,Flipkart,West,BEC-CLN-002,270,270,49950,12408.98,8797.7,12,12,Dishwash Liquid 750ml,Cleaners,Dishwash,185,88,N,750 ml,Matched,37541.02,23760,0.367092317,4.267140275,4983.32,0.044444444
2025-03-01,D2C,North,BEC-CLN-001,250,250,49750,6677.45,8332.92,39,39,Floor Cleaner 1L,Cleaners,Floor Cleaner,199,96,N,1 L,Matched,43072.55,24000,0.442800577,5.168962381,10739.63,0.156
2025-01-01,Swiggy Instamart,North,BEC-GB-001,182,182,27118,4070.33,1891.74,4,4,Garbage Bag Medium 30s,Garbage Bags,Medium,149,70,N,30 bags,Matched,23047.67,12740,0.447232627,12.183318,8415.93,0.021978022
2024-04-01,Swiggy Instamart,South,BEC-GB-001,89,89,13261,1269.61,1292.05,2,2,Garbage Bag Medium 30s,Garbage Bags,Medium,149,70,N,30 bags,Matched,11991.39,6230,0.480460564,9.280902442,4469.34,0.02247191
2025-04-01,Blinkit,North,BEC-OTH-001,150,150,22350,6027.16,2244.65,7,7,Bamboo Wet Wipes 72s,Others,Wipes,149,72,N,72 wipes,Matched,16322.84,10800,0.338350434,7.271886486,3278.19,0.046666667
2024-02-01,Amazon,West,BEC-CMB-001,63,63,44037,8508.4,4428.92,1,1,Home Cleaning Combo,Others,Combo,699,330,Y,4 items,Matched,35528.6,20790,0.414837624,8.021955691,10309.68,0.015873016
2024-04-01,Amazon,North,BEC-OTH-001,142,142,21158,5402.95,1040.19,6,6,Bamboo Wet Wipes 72s,Others,Wipes,149,72,N,72 wipes,Matched,15755.05,10224,0.351065214,15.14631942,4490.86,0.042253521
2024-12-01,Flipkart,South,BEC-GB-002,167,167,29893,4178.51,3443.29,8,8,Garbage Bag Large 15s,Garbage Bags,Large,179,86,N,15 bags,Matched,25714.49,14362,0.441482215,7.468000081,7909.2,0.047904192
2024-03-01,Blinkit,North,BEC-CLN-003,293,293,87607,8047.06,18795.87,15,15,Laundry Liquid 1L,Cleaners,Laundry,299,150,N,1 L,Matched,79559.94,43950,0.44758631,4.232841576,16814.07,0.051194539
2025-04-01,Blinkit,North,BEC-BW-002,137,137,23975,4807.48,2413.19,6,6,Parchment Paper Roll,Bake & Wrap,Bake,175,92,N,20 m,Matched,19167.52,12604,0.342429276,7.942814283,4150.33,0.04379562
2025-02-01,Amazon,North,BEC-CLN-001,585,585,116415,19762.26,20977.71,32,32,Floor Cleaner 1L,Cleaners,Floor Cleaner,199,96,N,1 L,Matched,96652.74,56160,0.418950772,4.607401857,19515.03,0.054700855
2024-03-01,Blinkit,West,BEC-CMB-001,61,61,42639,4586.79,4020.6,3,3,Home Cleaning Combo,Others,Combo,699,330,Y,4 items,Matched,38052.21,20130,0.47098999,9.464311297,13901.61,0.049180328
2025-01-01,Flipkart,North,BEC-TIS-002,262,262,47160,3604.59,3931.57,9,9,Bamboo Toilet Roll 4-pack,Tissues,Toilet Roll,180,95,N,4 rolls,Matched,43555.41,24890,0.428544009,11.07837581,14733.84,0.034351145
2024-08-01,Zepto,South,BEC-KT-002,107,107,44940,7942.3,2789.3,6,6,Kitchen Towel 6-roll,Kitchen Towel,Towel,420,205,N,6 rolls,Matched,36997.7,21935,0.407125308,13.2641523,12273.4,0.056074766
2025-01-01,Swiggy Instamart,North,BEC-BW-002,65,65,11375,1720.43,705.69,2,2,Parchment Paper Roll,Bake & Wrap,Bake,175,92,N,20 m,Matched,9654.57,5980,0.380604211,13.68103558,2968.88,0.030769231
2024-12-01,Amazon,South,BEC-KT-001,282,282,45120,12496.49,2125.4,13,13,Kitchen Towel 2-roll,Kitchen Towel,Towel,160,78,N,2 rolls,Matched,32623.51,21996,0.325762311,15.34935071,8502.11,0.046099291
2024-08-01,Amazon,North,BEC-BW-001,130,130,28600,7366.8,2424.43,2,2,Compostable Cling Wrap,Bake & Wrap,Wrap,220,118,N,30 m,Matched,21233.2,15340,0.277546484,8.758017348,3468.77,0.015384615
2025-05-01,Amazon,West,BEC-OTH-001,162,162,24138,1667.11,1378.96,6,6,Bamboo Wet Wipes 72s,Others,Wipes,149,72,N,72 wipes,Matched,22470.89,11664,0.480928437,16.29553432,9427.93,0.037037037
2024-07-01,Swiggy Instamart,South,BEC-CLN-003,102,102,30498,3991.95,8014.12,5,5,Laundry Liquid 1L,Cleaners,Laundry,299,150,N,1 L,Matched,26506.05,15300,0.422773291,3.307418656,3191.93,0.049019608
2025-04-01,Amazon,South,BEC-CLN-002,503,503,93055,6593.29,22932.2,19,19,Dishwash Liquid 750ml,Cleaners,Dishwash,185,88,N,750 ml,Matched,86461.71,44264,0.488050838,3.770319027,19265.51,0.03777336
2024-10-01,Swiggy Instamart,West,BEC-KT-001,98,98,15680,4510.34,1358.34,4,4,Kitchen Towel 2-roll,Kitchen Towel,Towel,160,78,N,2 rolls,Matched,11169.66,7644,0.315646134,8.223022218,2167.32,0.040816327
2024-02-01,D2C,North,BEC-BW-001,88,88,19360,1984.92,2231.33,8,8,Compostable Cling Wrap,Bake & Wrap,Wrap,220,118,N,30 m,Matched,17375.08,10384,0.402362464,7.786871507,4759.75,0.090909091
2024-10-01,Swiggy Instamart,South,BEC-BW-001,40,40,8800,1726.88,903.78,1,1,Compostable Cling Wrap,Bake & Wrap,Wrap,220,118,N,30 m,Matched,7073.12,4720,0.332684869,7.826152382,1449.34,0.025
2025-01-01,Blinkit,North,BEC-GB-001,322,322,47978,4660.92,3778.68,8,8,Garbage Bag Medium 30s,Garbage Bags,Medium,149,70,N,30 bags,Matched,43317.08,22540,0.479650983,11.46354812,16998.4,0.02484472
2025-01-01,Swiggy Instamart,West,BEC-CLN-001,354,354,70446,14559.79,14980.23,7,7,Floor Cleaner 1L,Cleaners,Floor Cleaner,199,96,N,1 L,Matched,55886.21,33984,0.391907234,3.730664349,6921.98,0.019774011
2025-02-01,D2C,West,BEC-GB-002,267,267,47793,1087.01,6142.11,41,41,Garbage Bag Large 15s,Garbage Bags,Large,179,86,N,15 bags,Matched,46705.99,22962,0.50837141,7.604225584,17601.88,0.153558052
2024-01-01,Amazon,North,BEC-CLN-002,375,375,69375,4200.64,12750.66,14,14,Dishwash Liquid 750ml,Cleaners,Dishwash,185,88,N,750 ml,Matched,65174.36,33000,0.493665914,5.111449917,19423.7,0.037333333
2024-05-01,Blinkit,North,BEC-CLN-002,370,370,68450,17364.26,11444.92,7,7,Dishwash Liquid 750ml,Cleaners,Dishwash,185,88,N,750 ml,Matched,51085.74,32560,0.362640142,4.463617046,7080.82,0.018918919
2025-01-01,Blinkit,North,BEC-CLN-002,273,273,50505,8516.81,13854.53,16,16,Dishwash Liquid 750ml,Cleaners,Dishwash,185,88,N,750 ml,Matched,41988.19,24024,0.427839114,3.030647016,4109.66,0.058608059
2025-04-01,Zepto,West,BEC-BW-002,173,173,30275,3002.94,2369.47,10,10,Parchment Paper Roll,Bake & Wrap,Bake,175,92,N,20 m,Matched,27272.06,15916,0.416399055,11.50977223,8986.59,0.057803468
2024-08-01,D2C,North,BEC-BW-001,65,65,14300,1513.78,1800.19,8,8,Compostable Cling Wrap,Bake & Wrap,Wrap,220,118,N,30 m,Matched,12786.22,7670,0.400135458,7.102705825,3316.03,0.123076923
2025-03-01,Flipkart,West,BEC-GB-001,285,285,42465,10145.41,4765.5,13,13,Garbage Bag Medium 30s,Garbage Bags,Medium,149,70,N,30 bags,Matched,32319.59,19950,0.382727318,6.781993495,7604.09,0.045614035
2025-01-01,Blinkit,North,BEC-TIS-002,348,348,62640,16828.11,4936.62,10,10,Bamboo Toilet Roll 4-pack,Tissues,Toilet Roll,180,95,N,4 rolls,Matched,45811.89,33060,0.278353283,9.280011425,7815.27,0.028735632
2025-01-01,Blinkit,South,BEC-GB-002,266,266,47614,12712.06,2754.74,5,5,Garbage Bag Large 15s,Garbage Bags,Large,179,86,N,15 bags,Matched,34901.94,22876,0.344563655,12.66977646,9271.2,0.018796992
2025-01-01,Amazon,North,BEC-TIS-002,380,380,68400,16787.18,5884.94,17,17,Bamboo Toilet Roll 4-pack,Tissues,Toilet Roll,180,95,N,4 rolls,Matched,51612.82,36100,0.300561372,8.770322212,9627.88,0.044736842
2024-06-01,Swiggy Instamart,West,BEC-GB-001,129,129,19221,1361.41,1827.23,5,5,Garbage Bag Medium 30s,Garbage Bags,Medium,149,70,N,30 bags,Matched,17859.59,9030,0.494389289,9.774133525,7002.36,0.03875969
2024-01-01,Zepto,West,BEC-TIS-002,233,233,41940,3813.28,4557.69,8,8,Bamboo Toilet Roll 4-pack,Tissues,Toilet Roll,180,95,N,4 rolls,Matched,38126.72,22135,0.419436028,8.365360523,11434.03,0.034334764
2024-11-01,D2C,West,BEC-OTH-001,100,100,14900,1189.33,859.6,14,14,Bamboo Wet Wipes 72s,Others,Wipes,149,72,N,72 wipes,Matched,13710.67,7200,0.474861549,15.95005817,5651.07,0.14
2025-06-01,Zepto,West,BEC-OTH-001,121,121,18029,1828.77,1193.07,4,4,Bamboo Wet Wipes 72s,Others,Wipes,149,72,N,72 wipes,Matched,16200.23,8712,0.462229857,13.57860813,6295.16,0.033057851
2025-04-01,Swiggy Instamart,West,BEC-CLN-002,259,259,47915,12410.12,10462.5,6,6,Dishwash Liquid 750ml,Cleaners,Dishwash,185,88,N,750 ml,Matched,35504.88,22792,0.358060075,3.393536918,2250.38,0.023166023
2024-12-01,Blinkit,West,BEC-CLN-003,458,458,136942,18141.78,36976.59,22,22,Laundry Liquid 1L,Cleaners,Laundry,299,150,N,1 L,Matched,118800.22,68700,0.421718243,3.212849535,13123.63,0.048034934
2024-07-01,Blinkit,North,BEC-GB-002,154,154,27566,7089.81,2579.31,4,4,Garbage Bag Large 15s,Garbage Bags,Large,179,86,N,15 bags,Matched,20476.19,13244,0.353199985,7.938630874,4652.88,0.025974026
2024-11-01,Swiggy Instamart,South,BEC-KT-001,68,68,10880,1383.68,1389.93,3,3,Kitchen Towel 2-roll,Kitchen Towel,Towel,160,78,N,2 rolls,Matched,9496.32,5304,0.441467853,6.832228961,2802.39,0.044117647
2024-08-01,D2C,North,BEC-OTH-001,40,40,5960,622.31,423.75,5,5,Bamboo Wet Wipes 72s,Others,Wipes,149,72,N,72 wipes,Matched,5337.69,2880,0.460440752,12.59631858,2033.94,0.125
2025-02-01,D2C,West,BEC-GB-001,184,184,27416,2637.99,3125.44,23,23,Garbage Bag Medium 30s,Garbage Bags,Medium,149,70,N,30 bags,Matched,24778.01,12880,0.480184244,7.927846959,8772.57,0.125
2025-05-01,D2C,West,BEC-GB-001,175,175,26075,2044.81,2291.73,22,22,Garbage Bag Medium 30s,Garbage Bags,Medium,149,70,N,30 bags,Matched,24030.19,12250,0.490224588,10.48561131,9488.46,0.125714286
2024-08-01,Flipkart,South,BEC-GB-001,88,88,13112,3322.09,1229.45,3,3,Garbage Bag Medium 30s,Garbage Bags,Medium,149,70,N,30 bags,Matched,9789.91,6160,0.370780732,7.962837041,2400.46,0.034090909
2024-03-01,Amazon,West,BEC-CLN-001,545,545,108455,0,22588.63,26,26,Floor Cleaner 1L,Cleaners,Floor Cleaner,199,96,N,1 L,Matched,108455,52320,0.51758794,4.801309331,33546.37,0.047706422
2024-11-01,Swiggy Instamart,North,BEC-OTH-001,63,63,9387,2337.92,909.09,1,1,Bamboo Wet Wipes 72s,Others,Wipes,149,72,N,72 wipes,Matched,7049.08,4536,0.356511772,7.753995754,1603.99,0.015873016
2025-04-01,Swiggy Instamart,West,BEC-CMB-001,42,42,29358,7680.2,1514.36,2,2,Home Cleaning Combo,Others,Combo,699,330,Y,4 items,Matched,21677.8,13860,0.360636227,14.31482607,6303.44,0.047619048
2024-11-01,Zepto,South,BEC-BW-001,81,81,17820,3543.78,0,2,2,Compostable Cling Wrap,Bake & Wrap,Wrap,220,118,N,30 m,Matched,14276.22,9558,0.330495047,,4718.22,0.024691358
2025-01-01,Zepto,West,BEC-BW-002,196,196,34300,6284.96,3399.11,9,9,Parchment Paper Roll,Bake & Wrap,Bake,175,92,N,20 m,Matched,28015.04,18032,0.356345734,8.241875079,6583.93,0.045918367
2024-04-01,Blinkit,West,BEC-CLN-002,468,468,86580,19515.75,19173.54,11,11,Dishwash Liquid 750ml,Cleaners,Dishwash,185,88,N,750 ml,Matched,67064.25,41184,0.385902325,3.497750024,6706.71,0.023504274
2025-05-01,Zepto,North,BEC-KT-001,212,212,33920,0,1567.99,8,8,Kitchen Towel 2-roll,Kitchen Towel,Towel,160,78,N,2 rolls,Matched,33920,16536,0.5125,21.63279103,15816.01,0.037735849
2024-09-01,Amazon,North,BEC-CLN-001,472,472,93928,22376.33,17606.63,15,15,Floor Cleaner 1L,Cleaners,Floor Cleaner,199,96,N,1 L,Matched,71551.67,45312,0.366723376,4.063904904,8633.04,0.031779661
2024-08-01,Blinkit,North,BEC-BW-002,116,116,20300,5106.65,1442.37,5,5,Parchment Paper Roll,Bake & Wrap,Bake,175,92,N,20 m,Matched,15193.35,10672,0.297587431,10.53360095,3078.98,0.043103448
2024-05-01,Zepto,North,BEC-CLN-004,391,391,38709,6930.4,7221.35,16,16,Handwash 250ml,Cleaners,Handwash,99,44,N,250 ml,Matched,31778.6,17204,0.458629392,4.400645309,7353.25,0.040920716
2025-02-01,Swiggy Instamart,North,BEC-BW-001,75,75,16500,982.02,1679.94,1,1,Compostable Cling Wrap,Bake & Wrap,Wrap,220,118,N,30 m,Matched,15517.98,8850,0.429693813,9.237222758,4988.04,0.013333333
2024-04-01,Amazon,North,BEC-CLN-002,552,552,102120,24166.81,14080.48,26,26,Dishwash Liquid 750ml,Cleaners,Dishwash,185,88,N,750 ml,Matched,77953.19,48576,0.376856803,5.536259417,15296.71,0.047101449
2024-12-01,Zepto,West,BEC-GB-002,297,297,53163,11194.5,5032.12,8,8,Garbage Bag Large 15s,Garbage Bags,Large,179,86,N,15 bags,Matched,41968.5,25542,0.391400693,8.34012305,11394.38,0.026936027
2024-04-01,Swiggy Instamart,North,BEC-BW-002,88,88,15400,3970.26,854.7,4,4,Parchment Paper Roll,Bake & Wrap,Bake,175,92,N,20 m,Matched,11429.74,8096,0.291672426,13.37280917,2479.04,0.045454545
2024-11-01,Amazon,North,BEC-TIS-002,308,308,55440,2942.93,3467.21,17,17,Bamboo Toilet Roll 4-pack,Tissues,Toilet Roll,180,95,N,4 rolls,Matched,52497.07,29260,0.44263556,15.14101251,19769.86,0.055194805
2024-09-01,Blinkit,West,BEC-CLN-002,413,413,76405,8012.44,20008.66,11,11,Dishwash Liquid 750ml,Cleaners,Dishwash,185,88,N,750 ml,Matched,68392.56,36344,0.468597169,3.418147942,12039.9,0.026634383
2025-01-01,Zepto,North,BEC-KT-002,201,201,84420,11499.26,10489.6,7,7,Kitchen Towel 6-roll,Kitchen Towel,Towel,420,205,N,6 rolls,Matched,72920.74,41205,0.434934423,6.951717892,21226.14,0.034825871
2024-12-01,Flipkart,North,BEC-TIS-001,183,183,17385,2183.08,1198.31,5,5,Bamboo Facial Tissue 100s,Tissues,Facial,95,42,N,100 pulls,Matched,15201.92,7686,0.49440597,12.68613297,6317.61,0.027322404
2024-10-01,Swiggy Instamart,North,BEC-CLN-003,120,120,35880,2006.53,9041.88,7,7,Laundry Liquid 1L,Cleaners,Laundry,299,150,N,1 L,Matched,33873.47,18000,0.468610686,3.746286171,6831.59,0.058333333
2024-07-01,Flipkart,South,BEC-BW-002,51,51,8925,645.48,649.51,1,1,Parchment Paper Roll,Bake & Wrap,Bake,175,92,N,20 m,Matched,8279.52,4692,0.433300481,12.7473326,2938.01,0.019607843
2025-05-01,Blinkit,South,BEC-KT-002,160,160,67200,3913.11,4732.84,4,4,Kitchen Towel 6-roll,Kitchen Towel,Towel,420,205,N,6 rolls,Matched,63286.89,32800,0.481725204,13.37186341,25754.05,0.025
2025-05-01,Zepto,West,BEC-BW-002,158,158,27650,1862.47,2129.33,5,5,Parchment Paper Roll,Bake & Wrap,Bake,175,92,N,20 m,Matched,25787.53,14536,0.4363167,12.11063104,9122.2,0.03164557
2024-06-01,Amazon,West,BEC-KT-002,319,319,133980,22834.88,9439.69,14,14,Kitchen Towel 6-roll,Kitchen Towel,Towel,420,205,N,6 rolls,Matched,111145.12,65395,0.41162509,11.77423411,36310.43,0.043887147
2025-06-01,Flipkart,South,BEC-CLN-002,156,156,28860,5521.67,6986.38,5,5,Dishwash Liquid 750ml,Cleaners,Dishwash,185,88,N,750 ml,Matched,23338.33,13728,0.411783105,3.340546893,2623.95,0.032051282
2025-06-01,Zepto,South,BEC-OTH-001,84,84,12516,1321.04,1612.63,3,3,Bamboo Wet Wipes 72s,Others,Wipes,149,72,N,72 wipes,Matched,11194.96,6048,0.459756891,6.942051183,3534.33,0.035714286
2024-08-01,Amazon,South,BEC-KT-001,179,179,28640,6201.17,1183.99,4,4,Kitchen Towel 2-roll,Kitchen Towel,Towel,160,78,N,2 rolls,Matched,22438.83,13962,0.377775044,18.95187459,7292.84,0.022346369
2025-03-01,Flipkart,South,BEC-CLN-002,189,189,34965,5747.49,7682.12,5,5,Dishwash Liquid 750ml,Cleaners,Dishwash,185,88,N,750 ml,Matched,29217.51,16632,0.430752313,3.803313408,4903.39,0.026455026
2024-01-01,Blinkit,South,BEC-GB-002,148,148,26492,5006.15,1760.31,5,5,Garbage Bag Large 15s,Garbage Bags,Large,179,86,N,15 bags,Matched,21485.85,12728,0.407610125,12.20571945,6997.54,0.033783784
2024-03-01,Blinkit,North,BEC-TIS-002,374,374,67320,10545.54,4569,11,11,Bamboo Toilet Roll 4-pack,Tissues,Toilet Roll,180,95,N,4 rolls,Matched,56774.46,35530,0.374190437,12.42601445,16675.46,0.029411765
2024-08-01,Zepto,North,BEC-TIS-002,242,242,43560,8092.33,4579.06,5,5,Bamboo Toilet Roll 4-pack,Tissues,Toilet Roll,180,95,N,4 rolls,Matched,35467.67,22990,0.351804051,7.745622464,7898.61,0.020661157
2024-04-01,Swiggy Instamart,North,BEC-KT-001,141,141,22560,1728.63,2316.15,3,3,Kitchen Towel 2-roll,Kitchen Towel,Towel,160,78,N,2 rolls,Matched,20831.37,10998,0.472046246,8.993964121,7517.22,0.021276596
2024-12-01,Amazon,North,BEC-CLN-002,496,496,91760,17790.54,15520.96,17,17,Dishwash Liquid 750ml,Cleaners,Dishwash,185,88,N,750 ml,Matched,73969.46,43648,0.409918634,4.765778663,14800.5,0.034274194
2024-01-01,Swiggy Instamart,North,BEC-KT-001,139,139,22240,3337.9,1071.98,4,4,Kitchen Towel 2-roll,Kitchen Towel,Towel,160,78,N,2 rolls,Matched,18902.1,10842,0.426412938,17.63288494,6988.12,0.028776978
2024-04-01,Flipkart,North,BEC-KT-001,172,172,27520,3182.31,3466.45,4,4,Kitchen Towel 2-roll,Kitchen Towel,Towel,160,78,N,2 rolls,Matched,24337.69,13416,0.44875623,7.020926308,7455.24,0.023255814
2024-12-01,Blinkit,South,BEC-TIS-001,284,284,26980,3706.9,3291.63,12,12,Bamboo Facial Tissue 100s,Tissues,Facial,95,42,N,100 pulls,Matched,23273.1,11928,0.487476958,7.07038762,8053.47,0.042253521
2024-02-01,Zepto,South,BEC-BW-002,104,104,18200,1078.95,1401.45,5,5,Parchment Paper Roll,Bake & Wrap,Bake,175,92,N,20 m,Matched,17121.05,9568,0.44115577,12.21666845,6151.6,0.048076923
2024-12-01,D2C,South,BEC-TIS-002,160,160,28800,3933.34,2543.22,15,15,Bamboo Toilet Roll 4-pack,Tissues,Toilet Roll,180,95,N,4 rolls,Matched,24866.66,15200,0.388739783,9.777628361,7123.44,0.09375
2025-05-01,Amazon,South,BEC-KT-001,226,226,36160,2954.44,3226.77,11,11,Kitchen Towel 2-roll,Kitchen Towel,Towel,160,78,N,2 rolls,Matched,33205.56,17628,0.46912505,10.29064978,12350.79,0.048672566
2025-04-01,Flipkart,South,BEC-GB-002,144,144,25776,4609.74,2437.33,4,4,Garbage Bag Large 15s,Garbage Bags,Large,179,86,N,15 bags,Matched,21166.26,12384,0.414917893,8.684199513,6344.93,0.027777778
2024-09-01,D2C,South,BEC-BW-001,47,47,10340,1432.6,1014.76,4,4,Compostable Cling Wrap,Bake & Wrap,Wrap,220,118,N,30 m,Matched,8907.4,5546,0.377371624,8.777839095,2346.64,0.085106383
2025-04-01,Swiggy Instamart,North,BEC-CLN-001,227,227,45173,3390.33,10746.01,6,6,Floor Cleaner 1L,Cleaners,Floor Cleaner,199,96,N,1 L,Matched,41782.67,21792,0.478444053,3.888203156,9244.66,0.026431718
2024-07-01,D2C,West,BEC-GB-002,159,159,28461,2691.27,2196.49,17,17,Garbage Bag Large 15s,Garbage Bags,Large,179,86,N,15 bags,Matched,25769.73,13674,0.469377444,11.73223188,9899.24,0.106918239
2024-03-01,Zepto,South,BEC-BW-001,125,125,27500,6893.7,1108.75,2,2,Compostable Cling Wrap,Bake & Wrap,Wrap,220,118,N,30 m,Matched,20606.3,14750,0.284199492,18.58516347,4747.55,0.016
2024-04-01,Amazon,West,BEC-TIS-001,660,660,62700,6126.78,8449.28,18,18,Bamboo Facial Tissue 100s,Tissues,Facial,95,42,N,100 pulls,Matched,56573.22,27720,0.510015516,6.695626136,20403.94,0.027272727
2024-04-01,D2C,North,BEC-BW-001,93,93,20460,548.09,2766.78,9,9,Compostable Cling Wrap,Bake & Wrap,Wrap,220,118,N,30 m,Matched,19911.91,10974,0.448872559,7.196781096,6171.13,0.096774194
2024-10-01,Amazon,South,BEC-TIS-002,200,200,36000,2590.81,4628.64,10,10,Bamboo Toilet Roll 4-pack,Tissues,Toilet Roll,180,95,N,4 rolls,Matched,33409.19,19000,0.431294204,7.217927944,9780.55,0.05
2024-10-01,Zepto,North,BEC-TIS-001,189,189,17955,1731.34,1765.74,4,4,Bamboo Facial Tissue 100s,Tissues,Facial,95,42,N,100 pulls,Matched,16223.66,7938,0.510714598,9.188023152,6519.92,0.021164021
2025-03-01,Zepto,South,BEC-GB-002,264,264,47256,9949.59,2833.52,14,14,Garbage Bag Large 15s,Garbage Bags,Large,179,86,N,15 bags,Matched,37306.41,22704,0.391418258,13.16610082,11768.89,0.053030303
2024-12-01,Amazon,West,BEC-OTH-001,216,216,32184,5882.33,3766.73,4,4,Bamboo Wet Wipes 72s,Others,Wipes,149,72,N,72 wipes,Matched,26301.67,15552,0.408706748,6.982626841,6982.94,0.018518519
2025-05-01,Flipkart,North,BEC-OTH-001,90,90,13410,2202.93,1061.23,2,2,Bamboo Wet Wipes 72s,Others,Wipes,149,72,N,72 wipes,Matched,11207.07,6480,0.421793564,10.56045344,3665.84,0.022222222
2025-05-01,Amazon,South,BEC-TIS-001,379,379,36005,8339.87,3757.22,11,11,Bamboo Facial Tissue 100s,Tissues,Facial,95,42,N,100 pulls,Matched,27665.13,15918,0.424618644,7.363191402,7989.91,0.029023747
2024-04-01,Zepto,South,BEC-GB-002,214,214,38306,2777.25,3411.54,6,6,Garbage Bag Large 15s,Garbage Bags,Large,179,86,N,15 bags,Matched,35528.75,18404,0.481996974,10.41428504,13713.21,0.028037383
2024-09-01,Swiggy Instamart,South,BEC-CLN-004,148,148,14652,2665.32,3117.19,7,7,Handwash 250ml,Cleaners,Handwash,99,44,N,250 ml,Matched,11986.68,6512,0.456730304,3.845347893,2357.49,0.047297297
2025-01-01,Blinkit,North,BEC-BW-001,181,181,39820,8464.51,1580.61,9,9,Compostable Cling Wrap,Bake & Wrap,Wrap,220,118,N,30 m,Matched,31355.49,21358,0.318843367,19.83758802,8416.88,0.049723757
2024-12-01,Flipkart,South,BEC-CLN-002,177,177,32745,9711.23,4404.8,8,8,Dishwash Liquid 750ml,Cleaners,Dishwash,185,88,N,750 ml,Matched,23033.77,15576,0.323775483,5.229243098,3052.97,0.04519774
2025-04-01,Amazon,West,BEC-CLN-004,957,957,94743,18726.41,15575.52,19,19,Handwash 250ml,Cleaners,Handwash,99,44,N,250 ml,Matched,76016.59,42108,0.446068286,4.880516991,18333.07,0.01985371
2025-04-01,D2C,West,BEC-CLN-001,431,431,85769,9657.59,20347.45,55,55,Floor Cleaner 1L,Cleaners,Floor Cleaner,199,96,N,1 L,Matched,76111.41,41376,0.456375857,3.74058715,14387.96,0.127610209
2024-10-01,Zepto,West,BEC-GB-002,276,276,49404,6425.65,4304.04,16,16,Garbage Bag Large 15s,Garbage Bags,Large,179,86,N,15 bags,Matched,42978.35,23736,0.447721934,9.985583312,14938.31,0.057971014
2025-02-01,Flipkart,West,BEC-TIS-001,211,211,20045,5550.41,857.82,9,9,Bamboo Facial Tissue 100s,Tissues,Facial,95,42,N,100 pulls,Matched,14494.59,8862,0.388599471,16.89700636,4774.77,0.042654028
2024-02-01,D2C,North,BEC-BW-002,79,79,13825,1308.2,1124.61,7,7,Parchment Paper Roll,Bake & Wrap,Bake,175,92,N,20 m,Matched,12516.8,7268,0.419340406,11.12990281,4124.19,0.088607595
2024-06-01,Blinkit,North,BEC-CMB-001,49,49,34251,8580.88,2450.25,1,1,Home Cleaning Combo,Others,Combo,699,330,Y,4 items,Matched,25670.12,16170,0.370084752,10.47653097,7049.87,0.020408163
2024-12-01,Amazon,North,BEC-KT-001,330,330,52800,15711.85,4096.97,15,15,Kitchen Towel 2-roll,Kitchen Towel,Towel,160,78,N,2 rolls,Matched,37088.15,25740,0.305977785,9.052580322,7251.18,0.045454545
2024-05-01,Zepto,North,BEC-GB-002,207,207,37053,2241.2,4632.96,4,4,Garbage Bag Large 15s,Garbage Bags,Large,179,86,N,15 bags,Matched,34811.8,17802,0.488621674,7.51394357,12376.84,0.019323671
2024-01-01,D2C,South,BEC-GB-002,91,91,16289,540.64,1360.04,8,8,Garbage Bag Large 15s,Garbage Bags,Large,179,86,N,15 bags,Matched,15748.36,7826,0.503059366,11.5793359,6562.32,0.087912088
2024-11-01,Swiggy Instamart,West,BEC-GB-002,130,130,23270,3938,2893.05,3,3,Garbage Bag Large 15s,Garbage Bags,Large,179,86,N,15 bags,Matched,19332,11180,0.421684254,6.682221185,5258.95,0.023076923
2025-02-01,Flipkart,South,BEC-CLN-001,158,158,31442,7646.82,5534.33,4,4,Floor Cleaner 1L,Cleaners,Floor Cleaner,199,96,N,1 L,Matched,23795.18,15168,0.362559981,4.299559296,3092.85,0.025316456
2024-04-01,Flipkart,West,BEC-KT-001,179,179,28640,8377.83,1767.34,10,10,Kitchen Towel 2-roll,Kitchen Towel,Towel,160,78,N,2 rolls,Matched,20262.17,13962,0.310932639,11.46478323,4532.83,0.055865922
2024-02-01,Swiggy Instamart,South,BEC-CLN-001,179,179,35621,8908.23,5382.24,7,7,Floor Cleaner 1L,Cleaners,Floor Cleaner,199,96,N,1 L,Matched,26712.77,17184,0.356712164,4.96313245,4146.53,0.039106145
2025-05-01,Flipkart,North,BEC-CLN-002,228,228,42180,3229.52,7462.83,5,5,Dishwash Liquid 750ml,Cleaners,Dishwash,185,88,N,750 ml,Matched,38950.48,20064,0.484884397,5.219264006,11423.65,0.021929825
2024-04-01,Swiggy Instamart,North,BEC-CLN-002,170,170,31450,8637.45,5342.97,3,3,Dishwash Liquid 750ml,Cleaners,Dishwash,185,88,N,750 ml,Matched,22812.55,14960,0.344220615,4.269638422,2509.58,0.017647059
2025-06-01,Blinkit,North,BEC-CLN-004,434,434,42966,10578.2,10624.55,14,14,Handwash 250ml,Cleaners,Handwash,99,44,N,250 ml,Matched,32387.8,19096,0.410395272,3.048392638,2667.25,0.032258065
2025-05-01,Flipkart,West,BEC-GB-002,305,305,54595,3660.3,4702.07,18,18,Garbage Bag Large 15s,Garbage Bags,Large,179,86,N,15 bags,Matched,50934.7,26230,0.485026907,10.83239935,20002.63,0.059016393
2025-04-01,Amazon,North,BEC-TIS-002,407,407,73260,19312.59,7665.03,9,9,Bamboo Toilet Roll 4-pack,Tissues,Toilet Roll,180,95,N,4 rolls,Matched,53947.41,38665,0.283283479,7.038121182,7617.38,0.022113022
2025-05-01,Blinkit,West,BEC-TIS-001,304,304,28880,4936.45,3389.46,11,11,Bamboo Facial Tissue 100s,Tissues,Facial,95,42,N,100 pulls,Matched,23943.55,12768,0.466745742,7.064119358,7786.09,0.036184211
2025-05-01,Swiggy Instamart,North,BEC-BW-002,61,61,10675,1744.3,957.01,1,1,Parchment Paper Roll,Bake & Wrap,Bake,175,92,N,20 m,Matched,8930.7,5612,0.371605809,9.33187741,2361.69,0.016393443
2024-08-01,Amazon,North,BEC-KT-002,170,170,71400,13153.41,6558.89,5,5,Kitchen Towel 6-roll,Kitchen Towel,Towel,420,205,N,6 rolls,Matched,58246.59,34850,0.401681712,8.880556009,16837.7,0.029411765
2024-08-01,Flipkart,West,BEC-CMB-001,38,38,26562,1358.23,3635.05,1,1,Home Cleaning Combo,Others,Combo,699,330,Y,4 items,Matched,25203.77,12540,0.502455387,6.933541492,9028.72,0.026315789
2024-03-01,Blinkit,North,BEC-GB-001,180,180,26820,7063.66,1192.77,5,5,Garbage Bag Medium 30s,Garbage Bags,Medium,149,70,N,30 bags,Matched,19756.34,12600,0.362230049,16.56341122,5963.57,0.027777778
2024-04-01,Zepto,West,BEC-BW-002,160,160,28000,1872.29,1762.3,4,4,Parchment Paper Roll,Bake & Wrap,Bake,175,92,N,20 m,Matched,26127.71,14720,0.436613465,14.825915,9645.41,0.025
2024-06-01,Flipkart,West,BEC-GB-002,216,216,38664,9837.93,2280.19,6,6,Garbage Bag Large 15s,Garbage Bags,Large,179,86,N,15 bags,Matched,28826.07,18576,0.355583331,12.64195966,7969.88,0.027777778
2025-04-01,Swiggy Instamart,North,BEC-GB-002,194,194,34726,2807.92,2973.03,6,6,Garbage Bag Large 15s,Garbage Bags,Large,179,86,N,15 bags,Matched,31918.08,16684,0.477286854,10.73587552,12261.05,0.030927835
2025-06-01,Swiggy Instamart,North,BEC-TIS-001,182,182,17290,4962.24,1208.71,6,6,Bamboo Facial Tissue 100s,Tissues,Facial,95,42,N,100 pulls,Matched,12327.76,7644,0.379936014,10.19910483,3475.05,0.032967033
2025-04-01,D2C,South,BEC-CLN-002,171,171,31635,1374.52,6538.76,17,17,Dishwash Liquid 750ml,Cleaners,Dishwash,185,88,N,750 ml,Matched,30260.48,15048,0.502717736,4.627862163,8673.72,0.099415205
2025-03-01,Swiggy Instamart,West,BEC-BW-002,139,139,24325,4053.79,1212.57,5,5,Parchment Paper Roll,Bake & Wrap,Bake,175,92,N,20 m,Matched,20271.21,12788,0.369154579,16.71755857,6270.64,0.035971223
2025-03-01,Amazon,South,BEC-GB-002,415,415,74285,9493.21,9617.44,22,22,Garbage Bag Large 15s,Garbage Bags,Large,179,86,N,15 bags,Matched,64791.79,35690,0.449158605,6.736906079,19484.35,0.053012048
2024-08-01,D2C,West,BEC-KT-002,155,155,65100,2592.56,4304.85,24,24,Kitchen Towel 6-roll,Kitchen Towel,Towel,420,205,N,6 rolls,Matched,62507.44,31775,0.491660513,14.52023648,26427.59,0.15483871
2024-10-01,Blinkit,North,BEC-OTH-001,82,82,12218,919.54,1461.73,3,3,Bamboo Wet Wipes 72s,Others,Wipes,149,72,N,72 wipes,Matched,11298.46,5904,0.477450909,7.72951229,3932.73,0.036585366
2024-12-01,Amazon,North,BEC-GB-002,315,315,56385,11825.93,4829.86,16,16,Garbage Bag Large 15s,Garbage Bags,Large,179,86,N,15 bags,Matched,44559.07,27090,0.392042967,9.225747744,12639.21,0.050793651
2024-06-01,Swiggy Instamart,North,BEC-GB-002,104,104,18616,4890.29,1651.42,2,2,Garbage Bag Large 15s,Garbage Bags,Large,179,86,N,15 bags,Matched,13725.71,8944,0.34837615,8.311459229,3130.29,0.019230769
2024-12-01,Zepto,West,BEC-KT-001,182,182,29120,5519.5,2204.83,3,3,Kitchen Towel 2-roll,Kitchen Towel,Towel,160,78,N,2 rolls,Matched,23600.5,14196,0.39848732,10.70399985,7199.67,0.016483516
2024-08-01,D2C,North,BEC-CLN-003,166,166,49634,2393.57,9014.54,26,26,Laundry Liquid 1L,Cleaners,Laundry,299,150,N,1 L,Matched,47240.43,24900,0.472909116,5.240470396,13325.89,0.156626506
2025-04-01,Zepto,West,BEC-BW-001,129,129,28380,2049.86,2238.97,3,3,Compostable Cling Wrap,Bake & Wrap,Wrap,220,118,N,30 m,Matched,26330.14,15222,0.421879261,11.75993426,8869.17,0.023255814
2024-07-01,Swiggy Instamart,South,BEC-TIS-001,119,119,11305,1233.54,1174.78,3,3,Bamboo Facial Tissue 100s,Tissues,Facial,95,42,N,100 pulls,Matched,10071.46,4998,0.503746229,8.573060488,3898.68,0.025210084
2024-11-01,Blinkit,South,BEC-TIS-001,166,166,15770,1622.84,1576.27,6,6,Bamboo Facial Tissue 100s,Tissues,Facial,95,42,N,100 pulls,Matched,14147.16,6972,0.50718024,8.975086755,5598.89,0.036144578
2024-06-01,Amazon,West,BEC-CLN-004,733,733,72567,5750.46,12820.3,26,26,Handwash 250ml,Cleaners,Handwash,99,44,N,250 ml,Matched,66816.54,32252,0.517305146,5.211776635,21744.24,0.035470668
2025-03-01,Zepto,South,BEC-BW-001,118,118,25960,4402.85,1921.37,4,4,Compostable Cling Wrap,Bake & Wrap,Wrap,220,118,N,30 m,Matched,21557.15,13924,0.354089015,11.21967658,5711.78,0.033898305
2024-09-01,Zepto,West,BEC-OTH-001,70,70,10430,2322.06,712.13,3,3,Bamboo Wet Wipes 72s,Others,Wipes,149,72,N,72 wipes,Matched,8107.94,5040,0.378387112,11.38547737,2355.81,0.042857143
2024-08-01,Zepto,West,BEC-BW-001,152,152,33440,7864.24,3756.92,5,5,Compostable Cling Wrap,Bake & Wrap,Wrap,220,118,N,30 m,Matched,25575.76,17936,0.298710967,6.807640301,3882.84,0.032894737
2024-07-01,Flipkart,North,BEC-CLN-001,185,185,36815,4389.98,8455.67,8,8,Floor Cleaner 1L,Cleaners,Floor Cleaner,199,96,N,1 L,Matched,32425.02,17760,0.452274817,3.834707362,6209.35,0.043243243
2025-01-01,D2C,South,BEC-GB-002,118,118,21122,539.59,2009.49,19,19,Garbage Bag Large 15s,Garbage Bags,Large,179,86,N,15 bags,Matched,20582.41,10148,0.50695764,10.24260384,8424.92,0.161016949
2024-11-01,Amazon,South,BEC-KT-002,267,267,112140,10908.11,8952.63,12,12,Kitchen Towel 6-roll,Kitchen Towel,Towel,420,205,N,6 rolls,Matched,101231.89,54735,0.459310697,11.30750293,37544.26,0.04494382
2025-06-01,Zepto,South,BEC-KT-001,208,208,33280,2071.56,4117.05,6,6,Kitchen Towel 2-roll,Kitchen Towel,Towel,160,78,N,2 rolls,Matched,31208.44,16224,0.480140629,7.580291714,10867.39,0.028846154
2025-06-01,Blinkit,West,BEC-OTH-001,107,107,15943,1879.15,1167.89,5,5,Bamboo Wet Wipes 72s,Others,Wipes,149,72,N,72 wipes,Matched,14063.85,7704,0.452212588,12.04210157,5191.96,0.046728972
2024-11-01,D2C,West,BEC-TIS-001,263,263,24985,746.35,3188.07,23,23,Bamboo Facial Tissue 100s,Tissues,Facial,95,42,N,100 pulls,Matched,24238.65,11046,0.54428155,7.602922771,10004.58,0.087452471
2025-04-01,Swiggy Instamart,West,BEC-CLN-099,107,107,15943,2652.66,835.48,6,6,,,,,,,,Unmatched - Review,13290.34,,,15.90743046,,0.056074766
2024-02-01,Swiggy Instamart,North,BEC-CLN-004,215,215,21285,5499.71,4132.69,5,5,Handwash 250ml,Cleaners,Handwash,99,44,N,250 ml,Matched,15785.29,9460,0.400707874,3.819616279,2192.6,0.023255814
2024-09-01,Zepto,North,BEC-KT-001,178,178,28480,2896.9,1863.79,6,6,Kitchen Towel 2-roll,Kitchen Towel,Towel,160,78,N,2 rolls,Matched,25583.1,13884,0.457297982,13.72638548,9835.31,0.033707865
2025-05-01,Zepto,West,BEC-CLN-002,451,451,83435,7317.34,20707.98,9,9,Dishwash Liquid 750ml,Cleaners,Dishwash,185,88,N,750 ml,Matched,76117.66,39688,0.478596688,3.675764609,15721.68,0.019955654
2025-02-01,Flipkart,West,BEC-GB-001,190,190,28310,6532.45,2084.6,4,4,Garbage Bag Medium 30s,Garbage Bags,Medium,149,70,N,30 bags,Matched,21777.55,13300,0.389279327,10.4468723,6392.95,0.021052632
2024-10-01,Zepto,West,BEC-TIS-001,194,194,18430,4083.42,1945.47,5,5,Bamboo Facial Tissue 100s,Tissues,Facial,95,42,N,100 pulls,Matched,14346.58,8148,0.432059766,7.374351699,4253.11,0.025773196
2024-05-01,Zepto,North,BEC-CLN-002,265,265,49025,3514.39,15362.8,5,5,Dishwash Liquid 750ml,Cleaners,Dishwash,185,88,N,750 ml,Matched,45510.61,23320,0.487592014,2.962390319,6827.81,0.018867925
2024-10-01,Blinkit,South,BEC-TIS-001,175,175,16625,2419.4,2125.06,6,6,Bamboo Facial Tissue 100s,Tissues,Facial,95,42,N,100 pulls,Matched,14205.6,7350,0.482598412,6.684799488,4730.54,0.034285714
2024-03-01,Blinkit,South,BEC-TIS-001,277,277,26315,1546.71,2043.87,7,7,Bamboo Facial Tissue 100s,Tissues,Facial,95,42,N,100 pulls,Matched,24768.29,11634,0.530286507,12.11832944,11090.42,0.025270758
2025-05-01,Zepto,South,BEC-KT-002,130,130,54600,14203.84,5475.22,4,4,Kitchen Towel 6-roll,Kitchen Towel,Towel,420,205,N,6 rolls,Matched,40396.16,26650,0.340283829,7.377997596,8270.94,0.030769231
2024-08-01,Swiggy Instamart,West,BEC-CLN-002,161,161,29785,4292.12,5174.52,5,5,Dishwash Liquid 750ml,Cleaners,Dishwash,185,88,N,750 ml,Matched,25492.88,14168,0.444236979,4.926617348,6150.36,0.031055901
2024-05-01,Swiggy Instamart,West,BEC-KT-001,183,183,29280,6589.23,1455.71,3,3,Kitchen Towel 2-roll,Kitchen Towel,Towel,160,78,N,2 rolls,Matched,22690.77,14274,0.370933644,15.58742469,6961.06,0.016393443
2024-05-01,Blinkit,West,BEC-CMB-001,48,48,33552,4120.02,2296.04,1,1,Home Cleaning Combo,Others,Combo,699,330,Y,4 items,Matched,29431.98,15840,0.461809909,12.8185833,11295.94,0.020833333
2025-04-01,Amazon,West,BEC-CMB-001,69,69,48231,12244.55,3149.15,2,2,Home Cleaning Combo,Others,Combo,699,330,Y,4 items,Matched,35986.45,22770,0.367261844,11.42735341,10067.3,0.028985507
2024-07-01,D2C,West,BEC-CLN-004,198,198,19602,2032.25,3714.39,27,27,Handwash 250ml,Cleaners,Handwash,99,44,N,250 ml,Matched,17569.75,8712,0.504147754,4.730184499,5143.36,0.136363636
2024-06-01,Swiggy Instamart,West,BEC-KT-002,115,115,48300,3689.21,5881.27,4,4,Kitchen Towel 6-roll,Kitchen Towel,Towel,420,205,N,6 rolls,Matched,44610.79,23575,0.471540405,7.585230741,15154.52,0.034782609
2024-05-01,Zepto,South,BEC-TIS-002,212,212,38160,3357.61,2882.74,11,11,Bamboo Toilet Roll 4-pack,Tissues,Toilet Roll,180,95,N,4 rolls,Matched,34802.39,20140,0.421304112,12.07267738,11779.65,0.051886792
2024-03-01,Swiggy Instamart,South,BEC-CLN-004,164,164,16236,1517.32,3192.77,6,6,Handwash 250ml,Cleaners,Handwash,99,44,N,250 ml,Matched,14718.68,7216,0.509738645,4.610003226,4309.91,0.036585366
2024-04-01,Zepto,North,BEC-GB-002,269,269,48151,10945.34,3553.19,6,6,Garbage Bag Large 15s,Garbage Bags,Large,179,86,N,15 bags,Matched,37205.66,23134,0.378212885,10.4710584,10518.47,0.022304833
2025-06-01,Amazon,West,BEC-GB-001,531,531,79119,9009.98,6805.88,22,22,Garbage Bag Medium 30s,Garbage Bags,Medium,149,70,N,30 bags,Matched,70109.02,37170,0.469825709,10.30124246,26133.14,0.041431262
2024-09-01,D2C,South,BEC-CMB-001,18,18,12582,1880.21,1220.02,2,2,Home Cleaning Combo,Others,Combo,699,330,Y,4 items,Matched,10701.79,5940,0.444952667,8.771815216,3541.77,0.111111111
2024-02-01,Flipkart,West,BEC-OTH-001,86,86,12814,1208.42,887.42,1,1,Bamboo Wet Wipes 72s,Others,Wipes,149,72,N,72 wipes,Matched,11605.58,6192,0.466463546,13.07788871,4526.16,0.011627907
2025-01-01,Swiggy Instamart,North,BEC-TIS-001,225,225,21375,6000.53,1661.3,5,5,Bamboo Facial Tissue 100s,Tissues,Facial,95,42,N,100 pulls,Matched,15374.47,9450,0.385344666,9.25448143,4263.17,0.022222222
2024-06-01,Blinkit,West,BEC-BW-002,139,139,24325,5789.31,956.38,6,6,Parchment Paper Roll,Bake & Wrap,Bake,175,92,N,20 m,Matched,18535.69,12788,0.310087728,19.38109329,4791.31,0.043165468
2024-08-01,D2C,West,BEC-TIS-001,135,135,12825,1082.21,1641.98,15,15,Bamboo Facial Tissue 100s,Tissues,Facial,95,42,N,100 pulls,Matched,11742.79,5670,0.517150524,7.151603552,4430.81,0.111111111
2025-02-01,Zepto,North,BEC-CLN-003,455,455,136045,8091.32,38263.27,14,14,Laundry Liquid 1L,Cleaners,Laundry,299,150,N,1 L,Matched,127953.68,68250,0.466603852,3.344034109,21440.41,0.030769231
2024-04-01,Zepto,West,BEC-KT-001,197,197,31520,4483.16,2521.43,7,7,Kitchen Towel 2-roll,Kitchen Towel,Towel,160,78,N,2 rolls,Matched,27036.84,15366,0.431664351,10.72281999,9149.41,0.035532995
2024-02-01,Swiggy Instamart,South,BEC-CMB-001,21,21,14679,1150.75,704.76,0,0,Home Cleaning Combo,Others,Combo,699,330,Y,4 items,Matched,13528.25,6930,0.487738621,19.19554174,5893.49,0
2024-07-01,Swiggy Instamart,North,BEC-TIS-002,117,117,21060,1869.29,1928.37,4,4,Bamboo Toilet Roll 4-pack,Tissues,Toilet Roll,180,95,N,4 rolls,Matched,19190.71,11115,0.420813508,9.951777926,6147.34,0.034188034
2025-06-01,Amazon,North,BEC-CMB-001,69,69,48231,12227.58,3629.91,2,2,Home Cleaning Combo,Others,Combo,699,330,Y,4 items,Matched,36003.42,22770,0.367560082,9.918543435,9603.51,0.028985507
2024-02-01,Zepto,West,BEC-TIS-001,367,367,34865,3538.53,3674.97,19,19,Bamboo Facial Tissue 100s,Tissues,Facial,95,42,N,100 pulls,Matched,31326.47,15414,0.507956051,8.52427911,12237.5,0.051771117
2024-05-01,Blinkit,South,BEC-CLN-002,218,218,40330,6310.23,8416.91,8,8,Dishwash Liquid 750ml,Cleaners,Dishwash,185,88,N,750 ml,Matched,34019.77,19184,0.436092601,4.041836018,6418.86,0.036697248
2024-12-01,Amazon,North,BEC-OTH-001,145,145,21605,2801.36,1849.9,6,6,Bamboo Wet Wipes 72s,Others,Wipes,149,72,N,72 wipes,Matched,18803.64,10440,0.444788349,10.16467917,6513.74,0.04137931
2025-02-01,Flipkart,South,BEC-GB-001,201,201,29949,1690.26,2609.33,5,5,Garbage Bag Medium 30s,Garbage Bags,Medium,149,70,N,30 bags,Matched,28258.74,14070,0.502100943,10.82988353,11579.41,0.024875622
2025-03-01,Swiggy Instamart,South,BEC-CLN-004,199,199,19701,4544.62,2905.05,9,9,Handwash 250ml,Cleaners,Handwash,99,44,N,250 ml,Matched,15156.38,8756,0.422289491,5.217252715,3495.33,0.045226131
2025-02-01,Swiggy Instamart,South,BEC-GB-002,111,111,19869,3873.43,2128.12,4,4,Garbage Bag Large 15s,Garbage Bags,Large,179,86,N,15 bags,Matched,15995.57,9546,0.403209764,7.516291375,4321.45,0.036036036
2024-05-01,Flipkart,South,BEC-CLN-002,203,203,37555,6850.58,7197.42,11,11,Dishwash Liquid 750ml,Cleaners,Dishwash,185,88,N,750 ml,Matched,30704.42,17864,0.418194514,4.266031439,5643,0.054187192
2024-09-01,Amazon,West,BEC-CLN-003,539,539,161161,9943.45,50733.75,15,15,Laundry Liquid 1L,Cleaners,Laundry,299,150,N,1 L,Matched,151217.55,80850,0.465339837,2.98061054,19633.8,0.027829314
2024-06-01,Zepto,North,BEC-KT-002,219,219,91980,11597.75,9737.45,11,11,Kitchen Towel 6-roll,Kitchen Towel,Towel,420,205,N,6 rolls,Matched,80382.25,44895,0.441481173,8.254958947,25749.8,0.050228311
2025-04-01,Swiggy Instamart,North,BEC-BW-001,98,98,21560,1290.17,2955.22,5,5,Compostable Cling Wrap,Bake & Wrap,Wrap,220,118,N,30 m,Matched,20269.83,11564,0.429496942,6.858991886,5750.61,0.051020408
2024-04-01,Blinkit,South,BEC-GB-002,211,211,37769,7180.49,2791.81,8,8,Garbage Bag Large 15s,Garbage Bags,Large,179,86,N,15 bags,Matched,30588.51,18146,0.406770712,10.95651567,9650.7,0.037914692
2024-02-01,Blinkit,West,BEC-KT-001,221,221,35360,5077.83,2728.1,9,9,Kitchen Towel 2-roll,Kitchen Towel,Towel,160,78,N,2 rolls,Matched,30282.17,17238,0.430754137,11.1000953,10316.07,0.040723982
2024-04-01,Zepto,South,BEC-CLN-003,231,231,69069,15187.92,15082.96,6,6,Laundry Liquid 1L,Cleaners,Laundry,299,150,N,1 L,Matched,53881.08,34650,0.356917122,3.572314718,4148.12,0.025974026
2025-01-01,Blinkit,North,BEC-CLN-001,404,404,80396,17542.46,19650.44,18,18,Floor Cleaner 1L,Cleaners,Floor Cleaner,199,96,N,1 L,Matched,62853.54,38784,0.38294645,3.198581813,4419.1,0.044554455
2024-01-01,D2C,West,BEC-CLN-001,222,222,44178,4358.96,9360.86,34,34,Floor Cleaner 1L,Cleaners,Floor Cleaner,199,96,N,1 L,Matched,39819.04,21312,0.464778659,4.253780101,9146.18,0.153153153
2024-12-01,D2C,West,BEC-CLN-004,216,216,21384,2412.87,3926.73,29,29,Handwash 250ml,Cleaners,Handwash,99,44,N,250 ml,Matched,18971.13,9504,0.49902826,4.831279462,5540.4,0.134259259
2024-07-01,Zepto,North,BEC-CLN-002,242,242,44770,10458.8,6721.74,7,7,Dishwash Liquid 750ml,Cleaners,Dishwash,185,88,N,750 ml,Matched,34311.2,21296,0.379328033,5.104511629,6293.46,0.02892562
2025-02-01,Swiggy Instamart,West,BEC-CLN-002,216,216,39960,7347.16,9339.12,8,8,Dishwash Liquid 750ml,Cleaners,Dishwash,185,88,N,750 ml,Matched,32612.84,19008,0.417162075,3.492067775,4265.72,0.037037037
2025-05-01,D2C,South,BEC-CLN-002,195,195,36075,2251.71,7494.32,20,20,Dishwash Liquid 750ml,Cleaners,Dishwash,185,88,N,750 ml,Matched,33823.29,17160,0.492657278,4.513189989,9168.97,0.102564103
2024-08-01,Swiggy Instamart,West,BEC-CLN-004,1850,1850,18315,2092.45,3683.17,10,10,Handwash 250ml,Cleaners,Handwash,99,44,N,250 ml,Matched,16222.55,81400,-4.017706834,4.40450753,-68860.62,0.005405405
2024-07-01,Zepto,North,BEC-CLN-003,312,312,93288,14792.7,19036.67,14,14,Laundry Liquid 1L,Cleaners,Laundry,299,150,N,1 L,Matched,78495.3,46800,0.403785959,4.123373468,12658.63,0.044871795
2024-04-01,Amazon,North,BEC-BW-002,223,223,39025,2606.82,4772.26,10,10,Parchment Paper Roll,Bake & Wrap,Bake,175,92,N,20 m,Matched,36418.18,20516,0.436654989,7.631222943,11129.92,0.044843049
2024-02-01,Zepto,South,BEC-CLN-001,202,202,40198,5693.86,10623.91,9,9,Floor Cleaner 1L,Cleaners,Floor Cleaner,199,96,N,1 L,Matched,34504.14,19392,0.437980486,3.247781655,4488.23,0.044554455
2024-12-01,Blinkit,North,BEC-TIS-002,249,249,44820,8970.89,4656.5,7,7,Bamboo Toilet Roll 4-pack,Tissues,Toilet Roll,180,95,N,4 rolls,Matched,35849.11,23655,0.340150983,7.698724364,7537.61,0.02811245
2024-01-01,Blinkit,North,BEC-TIS-001,270,270,25650,1303.75,3159.41,13,13,Bamboo Facial Tissue 100s,Tissues,Facial,95,42,N,100 pulls,Matched,24346.25,11340,0.534219849,7.705948262,9846.84,0.048148148
2024-05-01,D2C,South,BEC-GB-002,93,93,16647,733.61,1919.46,11,11,Garbage Bag Large 15s,Garbage Bags,Large,179,86,N,15 bags,Matched,15913.39,7998,0.497404387,8.290555677,5995.93,0.11827957
2025-03-01,D2C,South,BEC-KT-002,105,105,44100,3935.32,4703.14,13,13,Kitchen Towel 6-roll,Kitchen Towel,Towel,420,205,N,6 rolls,Matched,40164.68,21525,0.464081377,8.539971168,13936.54,0.123809524
2024-11-01,D2C,South,BEC-CLN-004,132,132,13068,1813.76,3184.49,17,17,Handwash 250ml,Cleaners,Handwash,99,44,N,250 ml,Matched,11254.24,5808,0.483927835,3.53407924,2261.75,0.128787879
2024-04-01,D2C,South,BEC-CLN-001,217,217,43183,6219.58,8486.1,30,30,Floor Cleaner 1L,Cleaners,Floor Cleaner,199,96,N,1 L,Matched,36963.42,20832,0.436415786,4.355760597,7645.32,0.138248848
2025-02-01,Swiggy Instamart,South,BEC-GB-001,128,128,19072,4191.86,1059.48,5,5,Garbage Bag Medium 30s,Garbage Bags,Medium,149,70,N,30 bags,Matched,14880.14,8960,0.397855128,14.04475781,4860.66,0.0390625
2024-09-01,Zepto,South,BEC-CLN-002,197,197,36445,7259.95,9848.56,7,7,Dishwash Liquid 750ml,Cleaners,Dishwash,185,88,N,750 ml,Matched,29185.05,17336,0.405997249,2.963382464,2000.49,0.035532995
2025-01-01,Swiggy Instamart,West,BEC-CLN-004,207,207,20493,3352.55,5459.73,8,8,Handwash 250ml,Cleaners,Handwash,99,44,N,250 ml,Matched,17140.45,9108,0.468625386,3.139431803,2572.72,0.038647343
2024-10-01,Amazon,North,BEC-TIS-001,292,292,27740,4602.75,2811.28,11,11,Bamboo Facial Tissue 100s,Tissues,Facial,95,42,N,100 pulls,Matched,23137.25,12264,0.46994565,8.230147833,8061.97,0.037671233
2025-01-01,Flipkart,North,BEC-CLN-001,226,226,44974,4843.71,13442.82,9,9,Floor Cleaner 1L,Cleaners,Floor Cleaner,199,96,N,1 L,Matched,40130.29,21696,0.459360996,2.985258301,4991.47,0.039823009
2024-12-01,Amazon,West,BEC-CMB-001,58,58,40542,8905.38,4372.27,3,3,Home Cleaning Combo,Others,Combo,699,330,Y,4 items,Matched,31636.62,19140,0.395004903,7.235742532,8124.35,0.051724138
2024-10-01,Blinkit,West,BEC-TIS-002,285,285,51300,11788.29,2595.4,11,11,Bamboo Toilet Roll 4-pack,Tissues,Toilet Roll,180,95,N,4 rolls,Matched,39511.71,27075,0.314760105,15.22374586,9841.31,0.038596491
2024-02-01,D2C,West,BEC-BW-001,115,115,25300,536.82,2191.48,15,15,Compostable Cling Wrap,Bake & Wrap,Wrap,220,118,N,30 m,Matched,24763.18,13570,0.452008991,11.29975177,9001.7,0.130434783
2024-12-01,Amazon,South,BEC-TIS-001,345,345,32775,3553.43,4245.14,7,7,Bamboo Facial Tissue 100s,Tissues,Facial,95,42,N,100 pulls,Matched,29221.57,14490,0.504133419,6.883535054,10486.43,0.020289855
2024-04-01,D2C,North,BEC-CMB-001,35,35,24465,931.66,3384.68,5,5,Home Cleaning Combo,Others,Combo,699,330,Y,4 items,Matched,23533.34,11550,0.509206938,6.952899536,8598.66,0.142857143
2024-01-01,Swiggy Instamart,North,BEC-OTH-001,60,60,8940,2361.5,814.37,2,2,Bamboo Wet Wipes 72s,Others,Wipes,149,72,N,72 wipes,Matched,6578.5,4320,0.343315345,8.078023503,1444.13,0.033333333
2024-09-01,Flipkart,West,BEC-TIS-002,186,186,33480,7238.41,1608.94,6,6,Bamboo Toilet Roll 4-pack,Tissues,Toilet Roll,180,95,N,4 rolls,Matched,26241.59,17670,0.326641412,16.30986239,6962.65,0.032258065
2025-03-01,Blinkit,West,BEC-CMB-001,55,55,38445,11513.74,1906.9,1,1,Home Cleaning Combo,Others,Combo,699,330,Y,4 items,Matched,26931.26,18150,0.326061982,14.12305837,6874.36,0.018181818
2024-01-01,Blinkit,North,BEC-BW-002,159,159,27825,6132.55,1964.08,7,7,Parchment Paper Roll,Bake & Wrap,Bake,175,92,N,20 m,Matched,21692.45,14628,0.325663998,11.04458576,5100.37,0.044025157
2024-03-01,Flipkart,West,BEC-TIS-001,224,224,21280,2611.09,2127.87,10,10,Bamboo Facial Tissue 100s,Tissues,Facial,95,42,N,100 pulls,Matched,18668.91,9408,0.496060563,8.773519999,7133.04,0.044642857
2025-05-01,Zepto,North,BEC-CLN-004,382,382,37818,2099.64,10354.52,14,14,Handwash 250ml,Cleaners,Handwash,99,44,N,250 ml,Matched,35718.36,16808,0.529429683,3.449542808,8555.84,0.036649215
2024-01-01,Blinkit,South,BEC-CLN-004,295,295,29205,2334.52,7602,6,6,Handwash 250ml,Cleaners,Handwash,99,44,N,250 ml,Matched,26870.48,12980,0.516942012,3.5346593,6288.48,0.020338983
2024-04-01,Zepto,South,BEC-KT-001,146,146,23360,1522.29,2565.21,4,4,Kitchen Towel 2-roll,Kitchen Towel,Towel,160,78,N,2 rolls,Matched,21837.71,11388,0.478516749,8.513030122,7884.5,0.02739726
2025-04-01,Flipkart,West,BEC-CLN-003,297,297,88803,9147.29,18527.47,15,15,Laundry Liquid 1L,Cleaners,Laundry,299,150,N,1 L,Matched,79655.71,44550,0.44071806,4.29933013,16578.24,0.050505051
2024-07-01,Zepto,West,BEC-GB-002,204,204,36516,5788.87,4290.46,5,5,Garbage Bag Large 15s,Garbage Bags,Large,179,86,N,15 bags,Matched,30727.13,17544,0.429038768,7.161733241,8892.67,0.024509804
2025-05-01,Swiggy Instamart,West,BEC-GB-001,197,197,29353,3417.22,3303.59,7,7,Garbage Bag Medium 30s,Garbage Bags,Medium,149,70,N,30 bags,Matched,25935.78,13790,0.468302091,7.850786569,8842.19,0.035532995
2024-05-01,Flipkart,South,BEC-CLN-003,199,199,59501,17812.64,12127.18,5,5,Laundry Liquid 1L,Cleaners,Laundry,299,150,N,1 L,Matched,41688.36,29850,0.283972792,3.437597199,-288.82,0.025125628
2025-06-01,Swiggy Instamart,North,BEC-TIS-002,167,167,30060,4274.71,1710.51,8,8,Bamboo Toilet Roll 4-pack,Tissues,Toilet Roll,180,95,N,4 rolls,Matched,25785.29,15865,0.384726718,15.07462102,8209.78,0.047904192
2025-02-01,Flipkart,South,BEC-BW-001,101,101,22220,2241.03,2073.97,5,5,Compostable Cling Wrap,Bake & Wrap,Wrap,220,118,N,30 m,Matched,19978.97,11918,0.403472752,9.633201059,5987,0.04950495
2024-01-01,D2C,North,BEC-OTH-001,49,49,7301,402.23,825.81,4,4,Bamboo Wet Wipes 72s,Others,Wipes,149,72,N,72 wipes,Matched,6898.77,3528,0.48860449,8.353943401,2544.96,0.081632653
2024-06-01,Blinkit,West,BEC-CLN-001,438,438,87162,21920.57,13089.45,10,10,Floor Cleaner 1L,Cleaners,Floor Cleaner,199,96,N,1 L,Matched,65241.43,42048,0.355501558,4.984275886,10103.98,0.02283105
2025-01-01,Zepto,West,BEC-BW-001,167,167,36740,8694.67,2933.55,6,6,Compostable Cling Wrap,Bake & Wrap,Wrap,220,118,N,30 m,Matched,28045.33,19706,0.297351823,9.560201803,5405.78,0.035928144
2025-05-01,Swiggy Instamart,South,BEC-TIS-002,189,189,34020,6178.54,3466.98,9,9,Bamboo Toilet Roll 4-pack,Tissues,Toilet Roll,180,95,N,4 rolls,Matched,27841.46,17955,0.355098475,8.030464554,6419.48,0.047619048
2025-03-01,Zepto,West,BEC-TIS-002,349,349,62820,16367.32,6470.65,16,16,Bamboo Toilet Roll 4-pack,Tissues,Toilet Roll,180,95,N,4 rolls,Matched,46452.68,33155,0.286262924,7.178982019,6827.03,0.045845272
2025-01-01,Flipkart,West,BEC-CLN-003,269,269,80431,17808.72,13412.99,8,8,Laundry Liquid 1L,Cleaners,Laundry,299,150,N,1 L,Matched,62622.28,40350,0.355660637,4.66877855,8859.29,0.029739777
2024-08-01,Zepto,South,BEC-CMB-001,30,30,20970,2472.16,1385.31,0,0,Home Cleaning Combo,Others,Combo,699,330,Y,4 items,Matched,18497.84,9900,0.464802377,13.35285243,7212.53,0
2024-12-01,Swiggy Instamart,West,BEC-TIS-001,154,154,14630,1621.69,1597.86,8,8,Bamboo Facial Tissue 100s,Tissues,Facial,95,42,N,100 pulls,Matched,13008.31,6468,0.502779377,8.141082448,4942.45,0.051948052
2025-02-01,Zepto,South,BEC-BW-002,138,138,24150,4595.99,2451.84,3,3,Parchment Paper Roll,Bake & Wrap,Bake,175,92,N,20 m,Matched,19554.01,12696,0.350721412,7.975239004,4406.17,0.02173913
2024-10-01,D2C,West,BEC-GB-001,140,140,20860,1031.27,1553.62,17,17,Garbage Bag Medium 30s,Garbage Bags,Medium,149,70,N,30 bags,Matched,19828.73,9800,0.505767641,12.76292144,8475.11,0.121428571
2024-10-01,Flipkart,North,BEC-BW-002,84,84,14700,3493.75,1647.57,3,3,Parchment Paper Roll,Bake & Wrap,Bake,175,92,N,20 m,Matched,11206.25,7728,0.31038483,6.801683692,1830.68,0.035714286
2025-03-01,Amazon,North,BEC-CLN-002,616,616,113960,29714.44,25136.02,26,26,Dishwash Liquid 750ml,Cleaners,Dishwash,185,88,N,750 ml,Matched,84245.56,54208,0.356547692,3.351587085,4901.54,0.042207792
2025-01-01,Amazon,South,BEC-KT-001,329,329,52640,8244.44,3096.98,14,14,Kitchen Towel 2-roll,Kitchen Towel,Towel,160,78,N,2 rolls,Matched,44395.56,25662,0.421969224,14.33511356,15636.58,0.042553191
2025-03-01,Swiggy Instamart,North,BEC-KT-001,175,175,28000,3263.65,3588.03,7,7,Kitchen Towel 2-roll,Kitchen Towel,Towel,160,78,N,2 rolls,Matched,24736.35,13650,0.448180512,6.89413132,7498.32,0.04
2024-01-01,Amazon,North,BEC-CLN-003,574,574,171626,27599.54,40040,23,23,Laundry Liquid 1L,Cleaners,Laundry,299,150,N,1 L,Matched,144026.46,86100,0.40219318,3.597064436,17886.46,0.040069686
2024-11-01,Blinkit,South,BEC-CMB-001,36,36,25164,7017.16,1258.95,1,1,Home Cleaning Combo,Others,Combo,699,330,Y,4 items,Matched,18146.84,11880,0.345340566,14.41426586,5007.89,0.027777778
2025-05-01,Blinkit,South,BEC-GB-002,247,247,44213,5507.54,2181,11,11,Garbage Bag Large 15s,Garbage Bags,Large,179,86,N,15 bags,Matched,38705.46,21242,0.45118854,17.7466575,15282.46,0.044534413
2024-08-01,Zepto,North,BEC-CLN-003,221,221,66079,10563.68,12670.71,4,4,Laundry Liquid 1L,Cleaners,Laundry,299,150,N,1 L,Matched,55515.32,33150,0.402867533,4.381389835,9694.61,0.018099548
2024-08-01,Blinkit,West,BEC-CMB-001,57,57,39843,7463.78,2694.94,3,3,Home Cleaning Combo,Others,Combo,699,330,Y,4 items,Matched,32379.22,18810,0.419071862,12.01482037,10874.28,0.052631579
2024-12-01,Zepto,North,BEC-CLN-003,311,311,92989,12478.6,19509.03,6,6,Laundry Liquid 1L,Cleaners,Laundry,299,150,N,1 L,Matched,80510.4,46650,0.420571752,4.126827423,14351.37,0.019292605
2024-03-01,Swiggy Instamart,South,BEC-BW-001,79,79,17380,3149.43,1052.69,2,2,Compostable Cling Wrap,Bake & Wrap,Wrap,220,118,N,30 m,Matched,14230.57,9322,0.34493137,13.51829123,3855.88,0.025316456
2024-06-01,Swiggy Instamart,South,BEC-TIS-001,85,85,8075,2136.2,770.79,2,2,Bamboo Facial Tissue 100s,Tissues,Facial,95,42,N,100 pulls,Matched,5938.8,3570,0.398868458,7.704822325,1598.01,0.023529412
2024-09-01,Zepto,South,BEC-CMB-001,19,19,13281,1004.84,1199.31,0,0,Home Cleaning Combo,Others,Combo,699,330,Y,4 items,Matched,12276.16,6270,0.489253969,10.23601904,4806.85,0
2024-10-01,Swiggy Instamart,South,BEC-KT-001,94,94,15040,3075.4,601.84,3,3,Kitchen Towel 2-roll,Kitchen Towel,Towel,160,78,N,2 rolls,Matched,11964.6,7332,0.387192217,19.88003456,4030.76,0.031914894
2024-10-01,D2C,West,BEC-OTH-001,89,89,13261,1370.68,1264.66,14,14,Bamboo Wet Wipes 72s,Others,Wipes,149,72,N,72 wipes,Matched,11890.32,6408,0.461074218,9.401989468,4217.66,0.157303371
2025-01-01,Swiggy Instamart,North,BEC-CMB-001,21,21,14679,2783.92,639.43,0,0,Home Cleaning Combo,Others,Combo,699,330,Y,4 items,Matched,11895.08,6930,0.417406188,18.60263047,4325.65,0
2025-03-01,Flipkart,South,BEC-KT-001,175,175,28000,3162.76,2598.65,3,3,Kitchen Towel 2-roll,Kitchen Towel,Towel,160,78,N,2 rolls,Matched,24837.24,13650,0.450422028,9.557747292,8588.59,0.017142857
2024-12-01,Flipkart,North,BEC-CLN-004,201,201,19899,3401.59,4746.2,7,7,Handwash 250ml,Cleaners,Handwash,99,44,N,250 ml,Matched,16497.41,8844,0.463915851,3.475919683,2907.21,0.034825871
2024-03-01,D2C,West,BEC-KT-001,133,133,21280,1800.34,2626.16,14,14,Kitchen Towel 2-roll,Kitchen Towel,Towel,160,78,N,2 rolls,Matched,19479.66,10374,0.467444504,7.417545009,6479.5,0.105263158
2025-04-01,Flipkart,South,BEC-CMB-001,20,20,13980,2657.39,1359.75,1,1,Home Cleaning Combo,Others,Combo,699,330,Y,4 items,Matched,11322.61,6600,0.417095528,8.326979224,3362.86,0.05
2025-03-01,Flipkart,North,BEC-TIS-002,234,234,42120,2940.72,5287.56,4,4,Bamboo Toilet Roll 4-pack,Tissues,Toilet Roll,180,95,N,4 rolls,Matched,39179.28,22230,0.432608256,7.409708826,11661.72,0.017094017
2024-09-01,Swiggy Instamart,North,BEC-CMB-001,19,19,13281,2821.81,581.36,0,0,Home Cleaning Combo,Others,Combo,699,330,Y,4 items,Matched,10459.19,6270,0.400527192,17.99090065,3607.83,0
2024-01-01,Flipkart,North,BEC-CLN-003,210,210,62790,9438.44,12971.68,11,11,Laundry Liquid 1L,Cleaners,Laundry,299,150,N,1 L,Matched,53351.56,31500,0.409576777,4.112926005,8879.88,0.052380952
2025-05-01,Zepto,South,BEC-GB-001,202,202,30098,3930.35,3843.38,6,6,Garbage Bag Medium 30s,Garbage Bags,Medium,149,70,N,30 bags,Matched,26167.65,14140,0.459638141,6.80849929,8184.27,0.02970297
2024-04-01,D2C,North,BEC-CLN-004,285,285,28215,4056.26,5612.79,44,44,Handwash 250ml,Cleaners,Handwash,99,44,N,250 ml,Matched,24158.74,12540,0.480933194,4.30423016,6005.95,0.154385965
2024-03-01,D2C,South,BEC-CMB-001,22,22,15378,2087.5,1249.09,2,2,Home Cleaning Combo,Others,Combo,699,330,Y,4 items,Matched,13290.5,7260,0.453745156,10.64014603,4781.41,0.090909091
2025-01-01,Flipkart,West,BEC-TIS-001,343,343,32585,6547.9,2826.65,9,9,Bamboo Facial Tissue 100s,Tissues,Facial,95,42,N,100 pulls,Matched,26037.1,14406,0.446712576,9.211292519,8804.45,0.026239067
2025-03-01,Blinkit,West,BEC-KT-001,392,392,62720,14180.86,6148.3,20,20,Kitchen Towel 2-roll,Kitchen Towel,Towel,160,78,N,2 rolls,Matched,48539.14,30576,0.370075366,7.894725371,11814.84,0.051020408
2025-04-01,Swiggy Instamart,South,BEC-CLN-002,228,228,42180,5599.97,8640.47,8,8,Dishwash Liquid 750ml,Cleaners,Dishwash,185,88,N,750 ml,Matched,36580.03,20064,0.451504004,4.23356947,7875.56,0.035087719
2024-09-01,Zepto,West,BEC-TIS-001,204,204,19380,2680.42,1587.33,5,5,Bamboo Facial Tissue 100s,Tissues,Facial,95,42,N,100 pulls,Matched,16699.58,8568,0.486933204,10.52054708,6544.25,0.024509804
2025-05-01,Zepto,North,BEC-BW-002,101,101,17675,2765.03,1986.69,3,3,Parchment Paper Roll,Bake & Wrap,Bake,175,92,N,20 m,Matched,14909.97,9292,0.376792844,7.504930311,3631.28,0.02970297
2024-02-01,Swiggy Instamart,North,BEC-TIS-001,133,133,12635,2647.35,1344.06,7,7,Bamboo Facial Tissue 100s,Tissues,Facial,95,42,N,100 pulls,Matched,9987.65,5586,0.440709276,7.430955463,3057.59,0.052631579
2024-12-01,Swiggy Instamart,West,BEC-GB-002,131,131,23449,2842.63,2209.51,3,3,Garbage Bag Large 15s,Garbage Bags,Large,179,86,N,15 bags,Matched,20606.37,11266,0.453275856,9.326217125,7130.86,0.022900763
2024-07-01,Amazon,West,BEC-TIS-002,339,339,61020,3872.14,4936.95,17,17,Bamboo Toilet Roll 4-pack,Tissues,Toilet Roll,180,95,N,4 rolls,Matched,57147.86,32205,0.436461838,11.57553955,20005.91,0.050147493
2024-07-01,Swiggy Instamart,West,BEC-KT-002,117,117,49140,10232.41,2617.57,6,6,Kitchen Towel 6-roll,Kitchen Towel,Towel,420,205,N,6 rolls,Matched,38907.59,23985,0.383539304,14.86401128,12305.02,0.051282051
2024-09-01,D2C,North,BEC-CLN-004,121,121,11979,1414.45,3259.08,20,20,Handwash 250ml,Cleaners,Handwash,99,44,N,250 ml,Matched,10564.55,5324,0.496050471,3.241574309,1981.47,0.165289256
2024-09-01,Flipkart,West,BEC-GB-001,162,162,24138,3542.53,2559.53,5,5,Garbage Bag Medium 30s,Garbage Bags,Medium,149,70,N,30 bags,Matched,20595.47,11340,0.449393483,8.046582771,6695.94,0.030864198
2024-07-01,D2C,West,BEC-CLN-002,263,263,48655,2144.59,8399.62,31,31,Dishwash Liquid 750ml,Cleaners,Dishwash,185,88,N,750 ml,Matched,46510.41,23144,0.50239097,5.537204064,14966.79,0.117870722
2024-03-01,Amazon,West,BEC-KT-001,335,335,53600,6934.21,6679.69,17,17,Kitchen Towel 2-roll,Kitchen Towel,Towel,160,78,N,2 rolls,Matched,46665.79,26130,0.44006091,6.986220917,13856.1,0.050746269
2025-03-01,Swiggy Instamart,South,BEC-CMB-001,24,24,16776,3758.67,1060.58,0,0,Home Cleaning Combo,Others,Combo,699,330,Y,4 items,Matched,13017.33,7920,0.391580301,12.27378416,4036.75,0
2024-09-01,Blinkit,South,BEC-GB-002,130,130,23270,4413.2,2199.32,5,5,Garbage Bag Large 15s,Garbage Bags,Large,179,86,N,15 bags,Matched,18856.8,11180,0.407110432,8.573922849,5477.48,0.038461538
2024-07-01,Blinkit,North,BEC-KT-002,145,145,60900,4217.14,6556.01,8,8,Kitchen Towel 6-roll,Kitchen Towel,Towel,420,205,N,6 rolls,Matched,56682.86,29725,0.475591034,8.645938612,20401.85,0.055172414
2024-01-01,Swiggy Instamart,South,BEC-KT-001,116,116,18560,1540.59,1237.75,5,5,Kitchen Towel 2-roll,Kitchen Towel,Towel,160,78,N,2 rolls,Matched,17019.41,9048,0.4683717,13.75028075,6733.66,0.043103448
2024-05-01,Swiggy Instamart,South,BEC-OTH-001,62,62,9238,1288.25,890.34,2,2,Bamboo Wet Wipes 72s,Others,Wipes,149,72,N,72 wipes,Matched,7949.75,4464,0.438472908,8.928892333,2595.41,0.032258065
2025-03-01,Amazon,West,BEC-TIS-001,575,575,54625,16312.39,4185.37,33,33,Bamboo Facial Tissue 100s,Tissues,Facial,95,42,N,100 pulls,Matched,38312.61,24150,0.369659232,9.153936211,9977.24,0.057391304
2024-12-01,Blinkit,West,BEC-TIS-002,380,380,68400,7842.93,4089.33,15,15,Bamboo Toilet Roll 4-pack,Tissues,Toilet Roll,180,95,N,4 rolls,Matched,60557.07,36100,0.40386812,14.80855544,20367.74,0.039473684
2024-06-01,Blinkit,North,BEC-KT-002,262,262,110040,24859.34,4577.06,12,12,Kitchen Towel 6-roll,Kitchen Towel,Towel,420,205,N,6 rolls,Matched,85180.66,53710,0.369457809,18.61034376,26893.6,0.045801527
2025-01-01,Swiggy Instamart,South,BEC-GB-002,112,112,20048,4498.68,1013.95,6,6,Garbage Bag Large 15s,Garbage Bags,Large,179,86,N,15 bags,Matched,15549.32,9632,0.38055169,15.33539129,4903.37,0.053571429
2025-03-01,Zepto,North,BEC-BW-001,155,155,34100,5087.34,2872.56,6,6,Compostable Cling Wrap,Bake & Wrap,Wrap,220,118,N,30 m,Matched,29012.66,18290,0.369585553,10.09993177,7850.1,0.038709677
2024-12-01,Zepto,North,BEC-KT-001,189,189,30240,8188.92,2686.35,8,8,Kitchen Towel 2-roll,Kitchen Towel,Towel,160,78,N,2 rolls,Matched,22051.08,14742,0.331461316,8.208565526,4622.73,0.042328042
2024-07-01,Swiggy Instamart,North,BEC-CLN-003,163,163,48737,7661.96,9473.97,4,4,Laundry Liquid 1L,Cleaners,Laundry,299,150,N,1 L,Matched,41075.04,24450,0.404747993,4.335567877,7151.07,0.024539877
2024-03-01,Zepto,West,BEC-GB-002,212,212,37948,7767.2,2394.44,6,6,Garbage Bag Large 15s,Garbage Bags,Large,179,86,N,15 bags,Matched,30180.8,18232,0.395907332,12.60453384,9554.36,0.028301887
2024-11-01,Amazon,West,BEC-BW-001,234,234,51480,10735.78,2346.38,9,9,Compostable Cling Wrap,Bake & Wrap,Wrap,220,118,N,30 m,Matched,40744.22,27612,0.322308784,17.36471501,10785.84,0.038461538
2025-06-01,D2C,North,BEC-TIS-001,168,168,15960,1142.79,942.23,25,25,Bamboo Facial Tissue 100s,Tissues,Facial,95,42,N,100 pulls,Matched,14817.21,7056,0.52379699,15.72568269,6818.98,0.148809524
2024-06-01,Blinkit,South,BEC-CLN-003,255,255,76245,7663.24,13932.93,9,9,Laundry Liquid 1L,Cleaners,Laundry,299,150,N,1 L,Matched,68581.76,38250,0.442271531,4.922278372,16398.83,0.035294118
2024-10-01,Flipkart,West,BEC-TIS-002,179,179,32220,6559.85,1581.98,8,8,Bamboo Toilet Roll 4-pack,Tissues,Toilet Roll,180,95,N,4 rolls,Matched,25660.15,17005,0.337299275,16.22027459,7073.17,0.044692737
2024-09-01,Swiggy Instamart,North,BEC-KT-001,103,103,16480,4881.73,849.66,2,2,Kitchen Towel 2-roll,Kitchen Towel,Towel,160,78,N,2 rolls,Matched,11598.27,8034,0.307310487,13.65048372,2714.61,0.019417476
2025-05-01,Amazon,West,BEC-KT-002,511,511,214620,0,21384.42,22,22,Kitchen Towel 6-roll,Kitchen Towel,Towel,420,205,N,6 rolls,Matched,214620,104755,0.511904762,10.03627875,88480.58,0.043052838
2024-02-01,Amazon,South,BEC-TIS-001,262,262,24890,1468.59,3343.83,7,7,Bamboo Facial Tissue 100s,Tissues,Facial,95,42,N,100 pulls,Matched,23421.41,11004,0.530173461,7.004366251,9073.58,0.026717557
2024-01-01,Flipkart,West,BEC-GB-002,145,145,25955,1372.23,3568.85,6,6,Garbage Bag Large 15s,Garbage Bags,Large,179,86,N,15 bags,Matched,24582.77,12470,0.492734139,6.888148843,8543.92,0.04137931
2024-06-01,Flipkart,North,BEC-CLN-002,213,213,39405,2079.78,8819.26,8,8,Dishwash Liquid 750ml,Cleaners,Dishwash,185,88,N,750 ml,Matched,37325.22,18744,0.497819437,4.23223944,9761.96,0.037558685
2024-06-01,Flipkart,West,BEC-CMB-001,44,44,30756,3306.04,3157.03,0,0,Home Cleaning Combo,Others,Combo,699,330,Y,4 items,Matched,27449.96,14520,0.471037481,8.694868278,9772.93,0
2024-01-01,D2C,West,BEC-TIS-002,184,184,33120,2994.17,3020.71,25,25,Bamboo Toilet Roll 4-pack,Tissues,Toilet Roll,180,95,N,4 rolls,Matched,30125.83,17480,0.419767024,9.973095729,9625.12,0.135869565
2024-05-01,Flipkart,West,BEC-CMB-001,27,27,18873,1932.02,2180.42,0,0,Home Cleaning Combo,Others,Combo,699,330,Y,4 items,Matched,16940.98,8910,0.474056401,7.769594849,5850.56,0
2025-05-01,Blinkit,South,BEC-BW-002,87,87,15225,4212.52,928.05,3,3,Parchment Paper Roll,Bake & Wrap,Bake,175,92,N,20 m,Matched,11012.48,8004,0.273188237,11.86625721,2080.43,0.034482759
2024-11-01,D2C,West,BEC-CLN-001,264,264,52536,3895.12,13162.46,35,35,Floor Cleaner 1L,Cleaners,Floor Cleaner,199,96,N,1 L,Matched,48640.88,25344,0.478956795,3.695424715,10134.42,0.132575758
2024-12-01,Amazon,South,BEC-CLN-003,330,330,98670,26069.16,19125.47,12,12,Laundry Liquid 1L,Cleaners,Laundry,299,150,N,1 L,Matched,72600.84,49500,0.318189707,3.796029065,3975.37,0.036363636
2024-04-01,D2C,North,BEC-KT-002,179,179,75180,6302.79,9418.42,23,23,Kitchen Towel 6-roll,Kitchen Towel,Towel,420,205,N,6 rolls,Matched,68877.21,36695,0.467240325,7.313032335,22763.79,0.12849162
2024-09-01,Swiggy Instamart,North,BEC-BW-002,74,74,12950,2728.09,1328.25,2,2,Parchment Paper Roll,Bake & Wrap,Bake,175,92,N,20 m,Matched,10221.91,6808,0.333979657,7.695772633,2085.66,0.027027027
2025-06-01,Blinkit,West,BEC-CLN-003,583,583,174317,21869.56,44969.76,12,12,Laundry Liquid 1L,Cleaners,Laundry,299,150,N,1 L,Matched,152447.44,87450,0.426359669,3.389998968,20027.68,0.02058319
2025-02-01,Blinkit,South,BEC-GB-002,243,243,43497,8748.94,4804.01,12,12,Garbage Bag Large 15s,Garbage Bags,Large,179,86,N,15 bags,Matched,34748.06,20898,0.39858513,7.233136484,9046.05,0.049382716
2024-06-01,Flipkart,West,BEC-KT-001,187,187,29920,3994.53,1895.2,9,9,Kitchen Towel 2-roll,Kitchen Towel,Towel,160,78,N,2 rolls,Matched,25925.47,14586,0.437387249,13.67954306,9444.27,0.048128342
2024-10-01,Blinkit,North,BEC-GB-002,247,247,44213,6842.75,4839.11,13,13,Garbage Bag Large 15s,Garbage Bags,Large,179,86,N,15 bags,Matched,37370.25,21242,0.431579933,7.722546088,11289.14,0.052631579
2024-05-01,Zepto,West,BEC-TIS-001,233,233,22135,3520.43,1165.89,10,10,Bamboo Facial Tissue 100s,Tissues,Facial,95,42,N,100 pulls,Matched,18614.57,9786,0.47428278,15.96597449,7662.68,0.042918455
2024-08-01,Swiggy Instamart,North,BEC-BW-001,50,50,11000,3032.16,426.85,1,1,Compostable Cling Wrap,Bake & Wrap,Wrap,220,118,N,30 m,Matched,7967.84,5900,0.259523284,18.66660419,1640.99,0.02
2025-02-01,Flipkart,West,BEC-CLN-001,405,405,80595,5773.62,20527.92,15,15,Floor Cleaner 1L,Cleaners,Floor Cleaner,199,96,N,1 L,Matched,74821.38,38880,0.480362431,3.644859294,15413.46,0.037037037
2024-11-01,D2C,West,BEC-GB-002,166,166,29714,2543.73,2478.68,16,16,Garbage Bag Large 15s,Garbage Bags,Large,179,86,N,15 bags,Matched,27170.27,14276,0.474572759,10.96158843,10415.59,0.096385542
2025-04-01,Swiggy Instamart,South,BEC-KT-002,130,130,54600,14097,2919.22,3,3,Kitchen Towel 6-roll,Kitchen Towel,Towel,420,205,N,6 rolls,Matched,40503,26650,0.342024048,13.87459664,10933.78,0.023076923
2024-06-01,Amazon,South,BEC-CLN-004,375,375,37125,3482.79,11397.5,12,12,Handwash 250ml,Cleaners,Handwash,99,44,N,250 ml,Matched,33642.21,16500,0.509544706,2.951718359,5744.71,0.032
2024-09-01,D2C,West,BEC-BW-002,85,85,14875,1747.26,1252.2,12,12,Parchment Paper Roll,Bake & Wrap,Bake,175,92,N,20 m,Matched,13127.74,7820,0.404314833,10.48374062,4055.54,0.141176471
2025-04-01,Swiggy Instamart,South,BEC-CLN-003,149,149,44551,6396.49,11531.8,5,5,Laundry Liquid 1L,Cleaners,Laundry,299,150,N,1 L,Matched,38154.51,22350,0.414223902,3.308634385,4272.71,0.033557047
2024-08-01,Zepto,South,BEC-BW-002,52,52,9100,1202.3,1104.38,2,2,Parchment Paper Roll,Bake & Wrap,Bake,175,92,N,20 m,Matched,7897.7,4784,0.394254023,7.151252286,2009.32,0.038461538
2025-02-01,Swiggy Instamart,North,BEC-CLN-003,226,226,67574,17639.64,12726.2,12,12,Laundry Liquid 1L,Cleaners,Laundry,299,150,N,1 L,Matched,49934.36,33900,0.321108752,3.923744716,3308.16,0.053097345
2024-05-01,Zepto,South,BEC-BW-001,109,109,23980,5351.18,2665.18,2,2,Compostable Cling Wrap,Bake & Wrap,Wrap,220,118,N,30 m,Matched,18628.82,12862,0.309564428,6.98970426,3101.64,0.018348624
2024-10-01,Swiggy Instamart,North,BEC-GB-001,92,92,13708,892.37,838.13,4,4,Garbage Bag Medium 30s,Garbage Bags,Medium,149,70,N,30 bags,Matched,12815.63,6440,0.497488614,15.29074249,5537.5,0.043478261
2024-04-01,Amazon,South,BEC-CLN-002,431,431,79735,17391.92,20892.98,14,14,Dishwash Liquid 750ml,Cleaners,Dishwash,185,88,N,750 ml,Matched,62343.08,37928,0.39162454,2.983924744,3522.1,0.032482599
2024-10-01,Swiggy Instamart,West,BEC-TIS-001,182,182,17290,2075.24,1731.28,7,7,Bamboo Facial Tissue 100s,Tissues,Facial,95,42,N,100 pulls,Matched,15214.76,7644,0.497593127,8.78815674,5839.48,0.038461538
2025-06-01,Zepto,North,BEC-TIS-002,205,205,36900,3089.52,4290.18,11,11,Bamboo Toilet Roll 4-pack,Tissues,Toilet Roll,180,95,N,4 rolls,Matched,33810.48,19475,0.423995164,7.880900102,10045.3,0.053658537
2024-01-01,D2C,West,BEC-CLN-004,295,295,29205,3752.97,5069.65,35,35,Handwash 250ml,Cleaners,Handwash,99,44,N,250 ml,Matched,25452.03,12980,0.490021032,5.020470841,7402.38,0.118644068
2024-03-01,Blinkit,North,BEC-CLN-004,330,330,32670,8789.93,7319.7,14,14,Handwash 250ml,Cleaners,Handwash,99,44,N,250 ml,Matched,23880.07,14520,0.391961581,3.262438351,2040.37,0.042424242
2025-05-01,D2C,West,BEC-TIS-002,217,217,39060,5571.16,3879.49,36,36,Bamboo Toilet Roll 4-pack,Tissues,Toilet Roll,180,95,N,4 rolls,Matched,33488.84,20615,0.384421795,8.632278985,8994.35,0.165898618
2024-02-01,Zepto,West,BEC-KT-002,232,232,97440,7126.26,10264.21,5,5,Kitchen Towel 6-roll,Kitchen Towel,Towel,420,205,N,6 rolls,Matched,90313.74,47560,0.473391313,8.798898308,32489.53,0.021551724
2024-06-01,Swiggy Instamart,West,BEC-KT-001,143,143,22880,4156.56,1645.08,6,6,Kitchen Towel 2-roll,Kitchen Towel,Towel,160,78,N,2 rolls,Matched,18723.44,11154,0.404276137,11.38147689,5924.36,0.041958042
2025-05-01,Flipkart,South,BEC-CLN-004,277,277,27423,4598.01,5906,16,16,Handwash 250ml,Cleaners,Handwash,99,44,N,250 ml,Matched,22824.99,12188,0.466023862,3.864712157,4730.99,0.057761733
2025-04-01,D2C,North,BEC-KT-001,164,164,26240,3341.38,1302.31,27,27,Kitchen Towel 2-roll,Kitchen Towel,Towel,160,78,N,2 rolls,Matched,22898.62,12792,0.441363715,17.5830793,8804.31,0.164634146
2024-11-01,Blinkit,North,BEC-OTH-001,123,123,18327,4236.21,2010.33,5,5,Bamboo Wet Wipes 72s,Others,Wipes,149,72,N,72 wipes,Matched,14090.79,8856,0.371504366,7.009192521,3224.46,0.040650407
2025-02-01,Blinkit,South,BEC-OTH-001,98,98,14602,3207.98,1605.5,5,5,Bamboo Wet Wipes 72s,Others,Wipes,149,72,N,72 wipes,Matched,11394.02,7056,0.380727785,7.09686702,2732.52,0.051020408
2024-05-01,Swiggy Instamart,North,BEC-CMB-001,31,31,21669,1231.32,2751.4,1,1,Home Cleaning Combo,Others,Combo,699,330,Y,4 items,Matched,20437.68,10230,0.49945395,7.428102057,7456.28,0.032258065
2024-12-01,Blinkit,West,BEC-OTH-001,169,169,25181,7392.4,1567.92,3,3,Bamboo Wet Wipes 72s,Others,Wipes,149,72,N,72 wipes,Matched,17788.6,12168,0.315966405,11.34534925,4052.68,0.017751479
2025-02-01,Flipkart,West,BEC-CLN-002,337,337,62345,12771.39,13509.67,7,7,Dishwash Liquid 750ml,Cleaners,Dishwash,185,88,N,750 ml,Matched,49573.61,29656,0.401778487,3.669490817,6407.94,0.020771513
2024-11-01,Zepto,West,BEC-BW-001,100,100,22000,3696.65,1775.7,2,2,Compostable Cling Wrap,Bake & Wrap,Wrap,220,118,N,30 m,Matched,18303.35,11800,0.355309274,10.30768148,4727.65,0.02
2025-04-01,D2C,West,BEC-GB-002,233,233,41707,3915.47,2755.37,37,37,Garbage Bag Large 15s,Garbage Bags,Large,179,86,N,15 bags,Matched,37791.53,20038,0.46977537,13.71559174,14998.16,0.158798283
2024-07-01,Amazon,North,BEC-OTH-001,147,147,21903,6407.36,2247.08,4,4,Bamboo Wet Wipes 72s,Others,Wipes,149,72,N,72 wipes,Matched,15495.64,10584,0.31696916,6.895900457,2664.56,0.027210884
2024-03-01,Amazon,North,BEC-KT-001,325,325,52000,4666.42,6047.08,15,15,Kitchen Towel 2-roll,Kitchen Towel,Towel,160,78,N,2 rolls,Matched,47333.58,25350,0.464439411,7.827510137,15936.5,0.046153846
2024-12-01,Amazon,North,BEC-GB-001,359,359,53491,6208.91,4379.04,17,17,Garbage Bag Medium 30s,Garbage Bags,Medium,149,70,N,30 bags,Matched,47282.09,25130,0.468509112,10.79736426,17773.05,0.04735376
2024-08-01,D2C,South,BEC-CLN-003,101,101,30199,4302.06,6535.43,15,15,Laundry Liquid 1L,Cleaners,Laundry,299,150,N,1 L,Matched,25896.94,15150,0.414988798,3.962545693,4211.51,0.148514851
2024-01-01,Blinkit,West,BEC-TIS-002,300,300,54000,4172.12,3260.63,12,12,Bamboo Toilet Roll 4-pack,Tissues,Toilet Roll,180,95,N,4 rolls,Matched,49827.88,28500,0.428031054,15.28167256,18067.25,0.04
2024-02-01,Flipkart,North,BEC-CLN-004,269,269,26631,2641.2,7135.1,15,15,Handwash 250ml,Cleaners,Handwash,99,44,N,250 ml,Matched,23989.8,11836,0.506623648,3.362223375,5018.7,0.055762082
2024-09-01,Amazon,South,BEC-CLN-004,336,336,33264,8436.37,7138.07,11,11,Handwash 250ml,Cleaners,Handwash,99,44,N,250 ml,Matched,24827.63,14784,0.404534384,3.478199289,2905.56,0.032738095
2025-02-01,Swiggy Instamart,West,BEC-CLN-004,233,233,23067,3868.44,5457.16,6,6,Handwash 250ml,Cleaners,Handwash,99,44,N,250 ml,Matched,19198.56,10252,0.466001617,3.518049682,3489.4,0.025751073
2024-10-01,D2C,West,BEC-BW-001,85,85,18700,2122.06,2203.63,10,10,Compostable Cling Wrap,Bake & Wrap,Wrap,220,118,N,30 m,Matched,16577.94,10030,0.394979111,7.523014299,4344.31,0.117647059
2024-09-01,Blinkit,North,BEC-CLN-003,208,208,62192,8674.6,12559.63,10,10,Laundry Liquid 1L,Cleaners,Laundry,299,150,N,1 L,Matched,53517.4,31200,0.417012037,4.261065015,9757.77,0.048076923
2025-01-01,Flipkart,West,BEC-GB-002,299,299,53521,4689.24,6223.05,14,14,Garbage Bag Large 15s,Garbage Bags,Large,179,86,N,15 bags,Matched,48831.76,25714,0.473416481,7.846917508,16894.71,0.046822742
2024-05-01,Zepto,West,BEC-CLN-004,362,362,35838,2922.22,8150.09,21,21,Handwash 250ml,Cleaners,Handwash,99,44,N,250 ml,Matched,32915.78,15928,0.516098358,4.038701413,8837.69,0.05801105
2024-09-01,Flipkart,West,BEC-BW-002,105,105,18375,2441.88,2380.54,3,3,Parchment Paper Roll,Bake & Wrap,Bake,175,92,N,20 m,Matched,15933.12,9660,0.393715732,6.69306964,3892.58,0.028571429
2025-01-01,Flipkart,South,BEC-CLN-004,261,261,25839,5010.59,6413.51,15,15,Handwash 250ml,Cleaners,Handwash,99,44,N,250 ml,Matched,20828.41,11484,0.448637702,3.247583616,2930.9,0.057471264
2024-11-01,D2C,South,BEC-BW-001,63,63,13860,1722.57,1113.1,9,9,Compostable Cling Wrap,Bake & Wrap,Wrap,220,118,N,30 m,Matched,12137.43,7434,0.38751449,10.90416854,3590.33,0.142857143
2024-11-01,Blinkit,West,BEC-BW-001,143,143,31460,3901.65,2524.46,7,7,Compostable Cling Wrap,Bake & Wrap,Wrap,220,118,N,30 m,Matched,27558.35,16874,0.387699191,10.91653264,8159.89,0.048951049
2024-06-01,Amazon,North,BEC-TIS-002,429,429,77220,7876.44,7516.28,9,9,Bamboo Toilet Roll 4-pack,Tissues,Toilet Roll,180,95,N,4 rolls,Matched,69343.56,40755,0.41227419,9.225781903,21072.28,0.020979021
2024-08-01,D2C,West,BEC-BW-001,79,79,17380,525.71,1199.66,11,11,Compostable Cling Wrap,Bake & Wrap,Wrap,220,118,N,30 m,Matched,16854.29,9322,0.446906396,14.04922228,6332.63,0.139240506
2024-07-01,D2C,South,BEC-CLN-002,138,138,25530,3494.97,7280.99,21,21,Dishwash Liquid 750ml,Cleaners,Dishwash,185,88,N,750 ml,Matched,22035.03,12144,0.448877537,3.026378281,2610.04,0.152173913
2024-07-01,D2C,South,BEC-BW-001,66,66,14520,1099.94,1323.91,7,7,Compostable Cling Wrap,Bake & Wrap,Wrap,220,118,N,30 m,Matched,13420.06,7788,0.419674726,10.13668603,4308.15,0.106060606
2024-04-01,D2C,West,BEC-GB-001,231,231,34419,1907.84,4351.14,37,37,Garbage Bag Medium 30s,Garbage Bags,Medium,149,70,N,30 bags,Matched,32511.16,16170,0.502632327,7.471871739,11990.02,0.16017316
2024-09-01,Flipkart,West,BEC-KT-001,123,123,19680,3418.13,1471.57,5,5,Kitchen Towel 2-roll,Kitchen Towel,Towel,160,78,N,2 rolls,Matched,16261.87,9594,0.41003095,11.05069416,5196.3,0.040650407
2025-04-01,Swiggy Instamart,North,BEC-CLN-003,213,213,63687,16181.36,13255.6,6,6,Laundry Liquid 1L,Cleaners,Laundry,299,150,N,1 L,Matched,47505.64,31950,0.327448278,3.583816651,2300.04,0.028169014
2024-11-01,Swiggy Instamart,North,BEC-TIS-001,107,107,10165,1682.15,832.07,2,2,Bamboo Facial Tissue 100s,Tissues,Facial,95,42,N,100 pulls,Matched,8482.85,4494,0.470225219,10.19487543,3156.78,0.018691589
2025-01-01,Swiggy Instamart,North,BEC-OTH-001,56,56,8344,1986.11,404.13,2,2,Bamboo Wet Wipes 72s,Others,Wipes,149,72,N,72 wipes,Matched,6357.89,4032,0.365827342,15.73228911,1921.76,0.035714286
2024-04-01,Swiggy Instamart,South,BEC-CLN-003,159,159,47541,10379.96,12354.1,4,4,Laundry Liquid 1L,Cleaners,Laundry,299,150,N,1 L,Matched,37161.04,23850,0.358198802,3.007992488,956.94,0.025157233
2024-07-01,Swiggy Instamart,West,BEC-OTH-001,55,55,8195,1080.14,581.52,2,2,Bamboo Wet Wipes 72s,Others,Wipes,149,72,N,72 wipes,Matched,7114.86,3960,0.443418423,12.23493603,2573.34,0.036363636
2024-02-01,Blinkit,West,BEC-CMB-001,49,49,34251,4071.14,1608.26,2,2,Home Cleaning Combo,Others,Combo,699,330,Y,4 items,Matched,30179.86,16170,0.464212226,18.76553542,12401.6,0.040816327
2024-04-01,D2C,South,BEC-TIS-002,146,146,26280,3084.15,3102.12,21,21,Bamboo Toilet Roll 4-pack,Tissues,Toilet Roll,180,95,N,4 rolls,Matched,23195.85,13870,0.402048211,7.477418669,6223.73,0.143835616
2024-07-01,Flipkart,South,BEC-CLN-004,182,182,18018,2633.81,4531.86,6,6,Handwash 250ml,Cleaners,Handwash,99,44,N,250 ml,Matched,15384.19,8008,0.479465607,3.394674593,2844.33,0.032967033
2024-05-01,Zepto,South,BEC-KT-002,120,120,50400,12115.95,4568.01,4,4,Kitchen Towel 6-roll,Kitchen Towel,Towel,420,205,N,6 rolls,Matched,38284.05,24600,0.357434754,8.380903282,9116.04,0.033333333
2024-07-01,Amazon,North,BEC-CLN-003,431,431,128869,31356.29,19355.07,17,17,Laundry Liquid 1L,Cleaners,Laundry,299,150,N,1 L,Matched,97512.71,64650,0.337009504,5.038096478,13507.64,0.039443155
2025-03-01,Amazon,South,BEC-BW-002,183,183,32025,1622.9,3447.6,9,9,Parchment Paper Roll,Bake & Wrap,Bake,175,92,N,20 m,Matched,30402.1,16836,0.446222465,8.818337394,10118.5,0.049180328
2024-02-01,Blinkit,South,BEC-CLN-002,307,307,56795,14908.58,13043.05,12,12,Dishwash Liquid 750ml,Cleaners,Dishwash,185,88,N,750 ml,Matched,41886.42,27016,0.355017688,3.211397641,1827.37,0.039087948
2024-12-01,D2C,North,BEC-BW-001,67,67,14740,1073.24,1296.21,9,9,Compostable Cling Wrap,Bake & Wrap,Wrap,220,118,N,30 m,Matched,13666.76,7906,0.421516146,10.54363105,4464.55,0.134328358
2025-02-01,Zepto,West,BEC-TIS-001,316,316,30020,2341.75,3199.75,7,7,Bamboo Facial Tissue 100s,Tissues,Facial,95,42,N,100 pulls,Matched,27678.25,13272,0.520489915,8.650128916,11206.5,0.022151899
2024-01-01,Swiggy Instamart,South,BEC-GB-002,79,79,14141,2872.88,1303.5,2,2,Garbage Bag Large 15s,Garbage Bags,Large,179,86,N,15 bags,Matched,11268.12,6794,0.397060024,8.644510932,3170.62,0.025316456
2024-06-01,Flipkart,South,BEC-CLN-004,186,186,18414,2255.26,4121.79,3,3,Handwash 250ml,Cleaners,Handwash,99,44,N,250 ml,Matched,16158.74,8184,0.493524866,3.920321026,3852.95,0.016129032
2024-03-01,Amazon,North,BEC-TIS-002,489,489,88020,15364.26,8528.71,22,22,Bamboo Toilet Roll 4-pack,Tissues,Toilet Roll,180,95,N,4 rolls,Matched,72655.74,46455,0.360614867,8.518960077,17672.03,0.044989775
2024-06-01,Amazon,North,BEC-CLN-002,529,529,97865,20822.89,21324.67,26,26,Dishwash Liquid 750ml,Cleaners,Dishwash,185,88,N,750 ml,Matched,77042.11,46552,0.395759021,3.612816048,9165.44,0.049149338
2024-04-01,Flipkart,North,BEC-TIS-001,191,191,18145,2881.97,1111.23,11,11,Bamboo Facial Tissue 100s,Tissues,Facial,95,42,N,100 pulls,Matched,15263.03,8022,0.474416286,13.73525733,6129.8,0.057591623
2024-05-01,Amazon,North,BEC-CLN-004,563,563,55737,8940.66,12447.89,23,23,Handwash 250ml,Cleaners,Handwash,99,44,N,250 ml,Matched,46796.34,24772,0.470642362,3.7593793,9576.45,0.040852575
2025-01-01,D2C,West,BEC-GB-002,150,150,26850,2461.46,1350.82,23,23,Garbage Bag Large 15s,Garbage Bags,Large,179,86,N,15 bags,Matched,24388.54,12900,0.471063048,18.05461868,10137.72,0.153333333
2024-01-01,Swiggy Instamart,North,BEC-GB-002,111,111,19869,3506.91,1340.18,2,2,Garbage Bag Large 15s,Garbage Bags,Large,179,86,N,15 bags,Matched,16362.09,9546,0.4165782,12.20887493,5475.91,0.018018018
2024-09-01,Flipkart,South,BEC-KT-002,69,69,28980,2376.56,2733.43,1,1,Kitchen Towel 6-roll,Kitchen Towel,Towel,420,205,N,6 rolls,Matched,26603.44,14145,0.468301844,9.732621651,9725.01,0.014492754
2024-01-01,Flipkart,North,BEC-BW-001,83,83,18260,4443.73,1491.01,2,2,Compostable Cling Wrap,Bake & Wrap,Wrap,220,118,N,30 m,Matched,13816.27,9794,0.291125608,9.26638319,2531.26,0.024096386
2024-11-01,Blinkit,South,BEC-KT-002,175,175,73500,18689.52,3656.51,4,4,Kitchen Towel 6-roll,Kitchen Towel,Towel,420,205,N,6 rolls,Matched,54810.48,35875,0.345471888,14.98983457,15278.97,0.022857143
2024-04-01,Flipkart,South,BEC-CLN-003,257,257,76843,11374.15,18961.41,7,7,Laundry Liquid 1L,Cleaners,Laundry,299,150,N,1 L,Matched,65468.85,38550,0.41117035,3.452741647,7957.44,0.027237354
2024-09-01,Blinkit,North,BEC-OTH-001,97,97,14453,0,604.48,3,3,Bamboo Wet Wipes 72s,Others,Wipes,149,72,N,72 wipes,Matched,14453,6984,0.516778523,23.90980678,6864.52,0.030927835
2024-10-01,Amazon,West,BEC-GB-002,321,321,57459,9343.38,6068.94,18,18,Garbage Bag Large 15s,Garbage Bags,Large,179,86,N,15 bags,Matched,48115.62,27606,0.426257003,7.928175266,14440.68,0.056074766
2024-06-01,Blinkit,West,BEC-CLN-003,329,329,98371,15828.05,16329.79,16,16,Laundry Liquid 1L,Cleaners,Laundry,299,150,N,1 L,Matched,82542.95,49350,0.402129437,5.054746571,16863.16,0.048632219
2024-02-01,Swiggy Instamart,West,BEC-CMB-001,36,36,25164,5484.2,2723.02,1,1,Home Cleaning Combo,Others,Combo,699,330,Y,4 items,Matched,19679.8,11880,0.396335329,7.227196275,5076.78,0.027777778
2024-06-01,D2C,South,BEC-CLN-003,123,123,36777,1282.63,7131.58,11,11,Laundry Liquid 1L,Cleaners,Laundry,299,150,N,1 L,Matched,35494.37,18450,0.480199254,4.977069597,9912.79,0.089430894
2024-04-01,Amazon,South,BEC-KT-002,267,267,112140,32991.34,4258.96,5,5,Kitchen Towel 6-roll,Kitchen Towel,Towel,420,205,N,6 rolls,Matched,79148.66,54735,0.308453232,18.5840346,20154.7,0.018726592
2025-04-01,D2C,South,BEC-CLN-001,225,225,44775,3235.44,9030.27,37,37,Floor Cleaner 1L,Cleaners,Floor Cleaner,199,96,N,1 L,Matched,41539.56,21600,0.480013751,4.600035215,10909.29,0.164444444
2025-03-01,Flipkart,North,BEC-CLN-003,247,247,73853,7601.43,14476.1,10,10,Laundry Liquid 1L,Cleaners,Laundry,299,150,N,1 L,Matched,66251.57,37050,0.44076797,4.576617321,14725.47,0.04048583
2025-06-01,D2C,North,BEC-CLN-002,300,300,55500,4877.5,17198.72,46,46,Dishwash Liquid 750ml,Cleaners,Dishwash,185,88,N,750 ml,Matched,50622.5,26400,0.478492765,2.943387647,7023.78,0.153333333
2024-09-01,Zepto,West,BEC-CLN-004,333,333,32967,9554.74,7042.28,6,6,Handwash 250ml,Cleaners,Handwash,99,44,N,250 ml,Matched,23412.26,14652,0.374174044,3.32452842,1717.98,0.018018018
2025-02-01,Zepto,South,BEC-CMB-001,28,28,19572,4497.28,1303.4,1,1,Home Cleaning Combo,Others,Combo,699,330,Y,4 items,Matched,15074.72,9240,0.387053292,11.56568973,4531.32,0.035714286
2025-03-01,Amazon,South,BEC-CLN-001,348,348,69252,5985.73,11977.94,16,16,Floor Cleaner 1L,Cleaners,Floor Cleaner,199,96,N,1 L,Matched,63266.27,33408,0.47194611,5.281899058,17880.33,0.045977011
2024-04-01,D2C,North,BEC-CLN-001,231,231,45969,5784.69,11703.73,38,38,Floor Cleaner 1L,Cleaners,Floor Cleaner,199,96,N,1 L,Matched,40184.31,22176,0.44814282,3.433461811,6304.58,0.164502165
2024-07-01,D2C,South,BEC-CLN-003,182,182,54418,7406.22,12753.65,27,27,Laundry Liquid 1L,Cleaners,Laundry,299,150,N,1 L,Matched,47011.78,27300,0.419294483,3.686143183,6958.13,0.148351648
2025-03-01,Flipkart,West,BEC-OTH-001,101,101,15049,2617.15,1140.71,6,6,Bamboo Wet Wipes 72s,Others,Wipes,149,72,N,72 wipes,Matched,12431.85,7272,0.415050857,10.89834401,4019.14,0.059405941
2025-06-01,Zepto,North,BEC-BW-002,121,121,21175,1313.49,2737.41,4,4,Parchment Paper Roll,Bake & Wrap,Bake,175,92,N,20 m,Matched,19861.51,11132,0.439518949,7.255584658,5992.1,0.033057851
2024-10-01,Amazon,West,BEC-BW-002,149,149,26075,4512.97,3161.83,8,8,Parchment Paper Roll,Bake & Wrap,Bake,175,92,N,20 m,Matched,21562.03,13708,0.364252809,6.819477961,4692.2,0.053691275
2024-01-01,Blinkit,West,BEC-BW-001,153,153,33660,1739.83,2528.43,8,8,Compostable Cling Wrap,Bake & Wrap,Wrap,220,118,N,30 m,Matched,31920.17,18054,0.434401509,12.62450216,11337.74,0.052287582
2024-12-01,Flipkart,South,BEC-BW-002,63,63,11025,1022.56,1270.7,1,1,Parchment Paper Roll,Bake & Wrap,Bake,175,92,N,20 m,Matched,10002.44,5796,0.420541388,7.871598332,2935.74,0.015873016
2024-10-01,Zepto,West,BEC-BW-001,141,141,31020,7723.66,2861.38,4,4,Compostable Cling Wrap,Bake & Wrap,Wrap,220,118,N,30 m,Matched,23296.34,16638,0.285810561,8.141644941,3796.96,0.028368794
2024-09-01,Flipkart,South,BEC-CLN-001,110,110,21890,1891.22,6230.57,6,6,Floor Cleaner 1L,Cleaners,Floor Cleaner,199,96,N,1 L,Matched,19998.78,10560,0.47196779,3.209783375,3208.21,0.054545455
2024-08-01,Blinkit,North,BEC-CLN-002,239,239,44215,10567.74,11430.29,10,10,Dishwash Liquid 750ml,Cleaners,Dishwash,185,88,N,750 ml,Matched,33647.26,21032,0.374926814,2.943692592,1184.97,0.041841004
2025-01-01,D2C,South,BEC-CLN-002,219,219,40515,2694.78,10524.07,30,30,Dishwash Liquid 750ml,Cleaners,Dishwash,185,88,N,750 ml,Matched,37820.22,19272,0.490431309,3.593687613,8024.15,0.136986301
2024-11-01,Flipkart,South,BEC-TIS-002,110,110,19800,5044.86,2036.02,6,6,Bamboo Toilet Roll 4-pack,Tissues,Toilet Roll,180,95,N,4 rolls,Matched,14755.14,10450,0.291772223,7.247050618,2269.12,0.054545455
2024-08-01,D2C,North,BEC-KT-002,130,130,54600,7416.35,3979.32,12,12,Kitchen Towel 6-roll,Kitchen Towel,Towel,420,205,N,6 rolls,Matched,47183.65,26650,0.435185705,11.8572143,16554.33,0.092307692
2024-10-01,Swiggy Instamart,North,BEC-CLN-001,128,128,25472,1299.1,8077.62,6,6,Floor Cleaner 1L,Cleaners,Floor Cleaner,199,96,N,1 L,Matched,24172.9,12288,0.491662151,2.992577021,3807.28,0.046875
2024-07-01,D2C,South,BEC-GB-001,74,74,11026,863.58,1136.86,7,7,Garbage Bag Medium 30s,Garbage Bags,Medium,149,70,N,30 bags,Matched,10162.42,5180,0.49027889,8.939025034,3845.56,0.094594595
2024-09-01,Zepto,South,BEC-BW-002,51,51,8925,1014.01,882.02,2,2,Parchment Paper Roll,Bake & Wrap,Bake,175,92,N,20 m,Matched,7910.99,4692,0.406901033,8.969173035,2336.97,0.039215686
2024-03-01,Flipkart,North,BEC-TIS-001,247,247,23465,6848.67,2332.87,5,5,Bamboo Facial Tissue 100s,Tissues,Facial,95,42,N,100 pulls,Matched,16616.33,10374,0.375674412,7.12269865,3909.46,0.020242915
2024-09-01,D2C,North,BEC-GB-001,116,116,17284,942.71,1966.87,14,14,Garbage Bag Medium 30s,Garbage Bags,Medium,149,70,N,30 bags,Matched,16341.29,8120,0.503099205,8.308271518,6254.42,0.120689655
2024-03-01,Swiggy Instamart,West,BEC-BW-002,79,79,13825,1801.46,1506.89,2,2,Parchment Paper Roll,Bake & Wrap,Bake,175,92,N,20 m,Matched,12023.54,7268,0.395519123,7.979042929,3248.65,0.025316456
2024-01-01,Zepto,West,BEC-CLN-003,474,474,141726,10240.81,36756.83,16,16,Laundry Liquid 1L,Cleaners,Laundry,299,150,N,1 L,Matched,131485.19,71100,0.459254689,3.577163482,23628.36,0.033755274
2024-12-01,D2C,West,BEC-TIS-001,258,258,24510,2279.57,1534.57,40,40,Bamboo Facial Tissue 100s,Tissues,Facial,95,42,N,100 pulls,Matched,22230.43,10836,0.512560036,14.48642291,9859.86,0.15503876
2024-09-01,Blinkit,North,BEC-GB-002,195,195,34905,6379.02,1861.71,10,10,Garbage Bag Large 15s,Garbage Bags,Large,179,86,N,15 bags,Matched,28525.98,16770,0.412114851,15.32246161,9894.27,0.051282051
2024-11-01,Blinkit,North,BEC-CLN-002,395,395,73075,6416.8,16404.26,22,22,Dishwash Liquid 750ml,Cleaners,Dishwash,185,88,N,750 ml,Matched,66658.2,34760,0.478533774,4.063468879,15493.94,0.055696203
2025-03-01,Zepto,South,BEC-CLN-003,216,216,64584,12096.09,10305.29,10,10,Laundry Liquid 1L,Cleaners,Laundry,299,150,N,1 L,Matched,52487.91,32400,0.382714991,5.093297714,9782.62,0.046296296
2024-08-01,Blinkit,West,BEC-TIS-001,326,326,30970,8427.71,3119.92,15,15,Bamboo Facial Tissue 100s,Tissues,Facial,95,42,N,100 pulls,Matched,22542.29,13692,0.392608293,7.225278212,5730.37,0.04601227
2024-09-01,Amazon,North,BEC-CLN-004,487,487,48213,13136.75,6846.69,26,26,Handwash 250ml,Cleaners,Handwash,99,44,N,250 ml,Matched,35076.25,21428,0.389102313,5.123095978,6801.56,0.05338809
2025-02-01,Swiggy Instamart,South,BEC-TIS-002,105,105,18900,4940.71,1820.82,5,5,Bamboo Toilet Roll 4-pack,Tissues,Toilet Roll,180,95,N,4 rolls,Matched,13959.29,9975,0.28542211,7.66648543,2163.47,0.047619048
2025-02-01,Blinkit,West,BEC-BW-002,193,193,33775,4507.94,3290.33,11,11,Parchment Paper Roll,Bake & Wrap,Bake,175,92,N,20 m,Matched,29267.06,17756,0.393311115,8.894870727,8220.73,0.056994819
2024-01-01,Zepto,North,BEC-CMB-001,41,41,28659,7327.79,2715.06,1,1,Home Cleaning Combo,Others,Combo,699,330,Y,4 items,Matched,21331.21,13530,0.365718119,7.856625636,5086.15,0.024390244
2024-11-01,Amazon,North,BEC-BW-001,152,152,33440,6633.73,2449.78,6,6,Compostable Cling Wrap,Bake & Wrap,Wrap,220,118,N,30 m,Matched,26806.27,17936,0.330902807,10.94231727,6420.49,0.039473684
2024-08-01,Flipkart,South,BEC-CLN-003,120,120,35880,2933.89,6954.5,3,3,Laundry Liquid 1L,Cleaners,Laundry,299,150,N,1 L,Matched,32946.11,18000,0.453653254,4.737380114,7991.61,0.025
2025-05-01,Blinkit,North,BEC-CLN-004,309,309,30591,4839.34,5652.8,10,10,Handwash 250ml,Cleaners,Handwash,99,44,N,250 ml,Matched,25751.66,13596,0.472034036,4.555558307,6502.86,0.03236246
2025-02-01,D2C,West,BEC-CLN-001,408,408,81192,11943.7,14078.04,42,42,Floor Cleaner 1L,Cleaners,Floor Cleaner,199,96,N,1 L,Matched,69248.3,39168,0.434383227,4.918887857,16002.26,0.102941176
2024-01-01,D2C,North,BEC-CLN-001,254,254,50546,2913.94,9673.16,25,25,Floor Cleaner 1L,Cleaners,Floor Cleaner,199,96,N,1 L,Matched,47632.06,24384,0.488075888,4.924146814,13574.9,0.098425197
2024-02-01,Amazon,West,BEC-BW-002,272,272,47600,2917.53,2783.94,10,10,Parchment Paper Roll,Bake & Wrap,Bake,175,92,N,20 m,Matched,44682.47,25024,0.43995934,16.05008369,16874.53,0.036764706
2024-12-01,D2C,South,BEC-KT-002,125,125,52500,6364.26,5391.2,13,13,Kitchen Towel 6-roll,Kitchen Towel,Towel,420,205,N,6 rolls,Matched,46135.74,25625,0.444573773,8.557601276,15119.54,0.104
2025-03-01,Amazon,South,BEC-GB-001,313,313,46637,6356.21,5829.21,12,12,Garbage Bag Medium 30s,Garbage Bags,Medium,149,70,N,30 bags,Matched,40280.79,21910,0.456068265,6.910162784,12541.58,0.038338658
2024-10-01,D2C,West,BEC-CMB-001,27,27,18873,404.85,2647.31,3,3,Home Cleaning Combo,Others,Combo,699,330,Y,4 items,Matched,18468.15,8910,0.517547778,6.976194703,6910.84,0.111111111
2025-04-01,Blinkit,South,BEC-CLN-004,403,403,39897,9876.02,8821.91,17,17,Handwash 250ml,Cleaners,Handwash,99,44,N,250 ml,Matched,30020.98,17732,0.409346397,3.403002298,3467.07,0.042183623
2024-04-01,Blinkit,West,BEC-GB-002,249,249,44571,12534.7,3404.56,9,9,Garbage Bag Large 15s,Garbage Bags,Large,179,86,N,15 bags,Matched,32036.3,21414,0.331570749,9.409820946,7217.74,0.036144578
2025-05-01,D2C,North,BEC-GB-002,179,179,32041,1373.76,3859.43,19,19,Garbage Bag Large 15s,Garbage Bags,Large,179,86,N,15 bags,Matched,30667.24,15394,0.498031124,7.94605421,11413.81,0.106145251
2025-01-01,Blinkit,South,BEC-BW-001,148,148,32560,1830.52,4442.95,4,4,Compostable Cling Wrap,Bake & Wrap,Wrap,220,118,N,30 m,Matched,30729.48,17464,0.431685795,6.916458659,8822.53,0.027027027
2024-12-01,D2C,South,BEC-TIS-001,125,125,11875,883.93,1163.1,16,16,Bamboo Facial Tissue 100s,Tissues,Facial,95,42,N,100 pulls,Matched,10991.07,5250,0.522339499,9.449806551,4577.97,0.128
2024-11-01,Amazon,North,BEC-CMB-001,61,61,42639,9708.19,1874.68,3,3,Home Cleaning Combo,Others,Combo,699,330,Y,4 items,Matched,32930.81,20130,0.388718346,17.56609661,10926.13,0.049180328
2024-07-01,Swiggy Instamart,West,BEC-BW-001,83,83,18260,5226.8,1136.51,1,1,Compostable Cling Wrap,Bake & Wrap,Wrap,220,118,N,30 m,Matched,13033.2,9794,0.248534512,11.46773896,2102.69,0.012048193
2024-08-01,Amazon,West,BEC-TIS-002,371,371,66780,14566.66,3260.81,20,20,Bamboo Toilet Roll 4-pack,Tissues,Toilet Roll,180,95,N,4 rolls,Matched,52213.34,35245,0.324980934,16.01238343,13707.53,0.053908356
2025-01-01,Zepto,North,BEC-BW-002,156,156,27300,5084.92,2867.18,8,8,Parchment Paper Roll,Bake & Wrap,Bake,175,92,N,20 m,Matched,22215.08,14352,0.35395236,7.748059068,4995.9,0.051282051
2024-07-01,Zepto,South,BEC-CMB-001,31,31,21669,2064.68,2707,0,0,Home Cleaning Combo,Others,Combo,699,330,Y,4 items,Matched,19604.32,10230,0.478176239,7.242083487,6667.32,0
2025-01-01,Flipkart,North,BEC-KT-001,207,207,33120,9306.38,1776.22,4,4,Kitchen Towel 2-roll,Kitchen Towel,Towel,160,78,N,2 rolls,Matched,23813.62,16146,0.321984646,13.40690905,5891.4,0.019323671
2024-09-01,Zepto,South,BEC-CLN-001,147,147,29253,6205.8,7363.02,5,5,Floor Cleaner 1L,Cleaners,Floor Cleaner,199,96,N,1 L,Matched,23047.2,14112,0.387691346,3.13012867,1572.18,0.034013605
2025-06-01,Blinkit,West,BEC-CLN-002,467,467,86395,18970.87,20061.88,26,26,Dishwash Liquid 750ml,Cleaners,Dishwash,185,88,N,750 ml,Matched,67424.13,41096,0.390485276,3.36080816,6266.25,0.055674518
2025-06-01,Flipkart,West,BEC-CLN-004,400,400,39600,2625.47,7720.3,14,14,Handwash 250ml,Cleaners,Handwash,99,44,N,250 ml,Matched,36974.53,17600,0.523996654,4.78926078,11654.23,0.035
2025-05-01,Amazon,North,BEC-TIS-002,441,441,79380,15054.13,3689.55,25,25,Bamboo Toilet Roll 4-pack,Tissues,Toilet Roll,180,95,N,4 rolls,Matched,64325.87,41895,0.348706827,17.43461127,18741.32,0.056689342
2025-04-01,Amazon,West,BEC-CLN-003,800,800,239200,48654.9,42012.74,33,33,Laundry Liquid 1L,Cleaners,Laundry,299,150,N,1 L,Matched,190545.1,120000,0.370227836,4.535412353,28532.36,0.04125
2025-04-01,Amazon,South,BEC-CLN-004,422,422,41778,5289.95,7518.13,11,11,Handwash 250ml,Cleaners,Handwash,99,44,N,250 ml,Matched,36488.05,18568,0.491121066,4.85334119,10401.92,0.026066351
2024-11-01,Blinkit,North,BEC-TIS-002,268,268,48240,10665.76,4431.31,12,12,Bamboo Toilet Roll 4-pack,Tissues,Toilet Roll,180,95,N,4 rolls,Matched,37574.24,25460,0.322408118,8.47926234,7682.93,0.044776119
2025-06-01,Flipkart,South,BEC-BW-002,68,68,11900,0,514.32,3,3,Parchment Paper Roll,Bake & Wrap,Bake,175,92,N,20 m,Matched,11900,6256,0.474285714,23.1373464,5129.68,0.044117647
2025-05-01,Amazon,North,BEC-BW-002,174,174,30450,8115.01,1644.09,7,7,Parchment Paper Roll,Bake & Wrap,Bake,175,92,N,20 m,Matched,22334.99,16008,0.283277046,13.58501664,4682.9,0.040229885
2024-05-01,D2C,West,BEC-CMB-001,43,43,30057,2269.82,1445.43,7,7,Home Cleaning Combo,Others,Combo,699,330,Y,4 items,Matched,27787.18,14190,0.489332851,19.22416167,12151.75,0.162790698
2025-04-01,Amazon,South,BEC-KT-002,234,234,98280,10464.68,9928.15,6,6,Kitchen Towel 6-roll,Kitchen Towel,Towel,420,205,N,6 rolls,Matched,87815.32,47970,0.453739962,8.845083928,29917.17,0.025641026
2024-12-01,Amazon,North,BEC-CLN-003,466,466,139334,18885.05,39305.41,16,16,Laundry Liquid 1L,Cleaners,Laundry,299,150,N,1 L,Matched,120448.95,69900,0.419671155,3.064436931,11243.54,0.034334764
2024-08-01,Amazon,North,BEC-CLN-002,398,398,73630,10920.97,14270.8,16,16,Dishwash Liquid 750ml,Cleaners,Dishwash,185,88,N,750 ml,Matched,62709.03,35024,0.441483946,4.394219665,13414.23,0.040201005
2025-06-01,Flipkart,South,BEC-CLN-001,173,173,34427,8458.06,5867.02,9,9,Floor Cleaner 1L,Cleaners,Floor Cleaner,199,96,N,1 L,Matched,25968.94,16608,0.360466773,4.426257282,3493.92,0.052023121
2025-04-01,D2C,North,BEC-CLN-004,317,317,31383,2934.91,5346.11,38,38,Handwash 250ml,Cleaners,Handwash,99,44,N,250 ml,Matched,28448.09,13948,0.509703463,5.32126911,9153.98,0.119873817
2024-04-01,Blinkit,North,BEC-KT-002,267,267,112140,23291.94,9177.63,14,14,Kitchen Towel 6-roll,Kitchen Towel,Towel,420,205,N,6 rolls,Matched,88848.06,54735,0.383948282,9.680937235,24935.43,0.052434457
2024-10-01,Amazon,South,BEC-CLN-002,227,227,41995,2113.33,7914.1,9,9,Dishwash Liquid 750ml,Cleaners,Dishwash,185,88,N,750 ml,Matched,39881.67,19976,0.499118267,5.039318432,11991.57,0.039647577
2025-04-01,Swiggy Instamart,West,BEC-KT-001,204,204,32640,6704.34,2986.62,8,8,Kitchen Towel 2-roll,Kitchen Towel,Towel,160,78,N,2 rolls,Matched,25935.66,15912,0.386481778,8.683950419,7037.04,0.039215686
2024-04-01,Swiggy Instamart,South,BEC-CLN-001,202,202,40198,5051.42,10786.47,5,5,Floor Cleaner 1L,Cleaners,Floor Cleaner,199,96,N,1 L,Matched,35146.58,19392,0.448253571,3.258395008,4968.11,0.024752475
2024-01-01,Amazon,South,BEC-TIS-002,262,262,47160,13685.53,2051.48,14,14,Bamboo Toilet Roll 4-pack,Tissues,Toilet Roll,180,95,N,4 rolls,Matched,33474.47,24890,0.256448272,16.31722951,6532.99,0.053435115
2025-05-01,Swiggy Instamart,West,BEC-CLN-004,256,256,25344,2861.05,4200.61,6,6,Handwash 250ml,Cleaners,Handwash,99,44,N,250 ml,Matched,22482.95,11264,0.49899813,5.352305975,7018.34,0.0234375
2025-04-01,D2C,North,BEC-CLN-004,317,317,31383,2934.91,5346.11,38,38,Handwash 250ml,Cleaners,Handwash,99,44,N,250 ml,Matched,28448.09,13948,0.509703463,5.32126911,9153.98,0.119873817
2025-01-01,Swiggy Instamart,North,BEC-CLN-004,226,226,22374,1824.12,4983.44,9,9,Handwash 250ml,Cleaners,Handwash,99,44,N,250 ml,Matched,20549.88,9944,0.51610423,4.123633474,5622.44,0.039823009
2025-02-01,Blinkit,North,BEC-BW-001,137,137,30140,3746.72,3530.69,7,7,Compostable Cling Wrap,Bake & Wrap,Wrap,220,118,N,30 m,Matched,26393.28,16166,0.387495605,7.475388663,6696.59,0.051094891
2024-06-01,Swiggy Instamart,North,BEC-CLN-002,207,207,38295,3946.58,10865.14,4,4,Dishwash Liquid 750ml,Cleaners,Dishwash,185,88,N,750 ml,Matched,34348.42,18216,0.46966993,3.161341685,5267.28,0.019323671
2025-03-01,Zepto,South,BEC-KT-001,153,153,24480,5603.76,1260.19,4,4,Kitchen Towel 2-roll,Kitchen Towel,Towel,160,78,N,2 rolls,Matched,18876.24,11934,0.367776633,14.97888414,5682.05,0.026143791
2024-06-01,Swiggy Instamart,West,BEC-TIS-002,198,198,35640,4971.35,4530.69,9,9,Bamboo Toilet Roll 4-pack,Tissues,Toilet Roll,180,95,N,4 rolls,Matched,30668.65,18810,0.386670101,6.769090359,7327.96,0.045454545
2025-04-01,Swiggy Instamart,West,BEC-BW-001,134,134,29480,8300.46,1112.74,5,5,Compostable Cling Wrap,Bake & Wrap,Wrap,220,118,N,30 m,Matched,21179.54,15812,0.253430433,19.03368262,4254.8,0.037313433
2025-02-01,Zepto,West,BEC-CLN-003,466,466,139334,21062.53,33527.53,11,11,Laundry Liquid 1L,Cleaners,Laundry,299,150,N,1 L,Matched,118271.47,69900,0.4089868,3.527592698,14843.94,0.02360515
2025-05-01,Amazon,South,BEC-GB-001,380,380,56620,5816.35,6779.41,11,11,Garbage Bag Medium 30s,Garbage Bags,Medium,149,70,N,30 bags,Matched,50803.65,26600,0.476415573,7.493815834,17424.24,0.028947368
2024-01-01,Blinkit,South,BEC-BW-001,115,115,25300,3875.84,1957.92,4,4,Compostable Cling Wrap,Bake & Wrap,Wrap,220,118,N,30 m,Matched,21424.16,13570,0.366602938,10.94230612,5896.24,0.034782609
2025-05-01,Blinkit,North,BEC-CLN-002,458,458,84730,21865.42,15718.35,21,21,Dishwash Liquid 750ml,Cleaners,Dishwash,185,88,N,750 ml,Matched,62864.58,40304,0.358875857,3.999438872,6842.23,0.045851528
2024-02-01,Blinkit,North,BEC-GB-002,197,197,35263,2295.09,4810.29,11,11,Garbage Bag Large 15s,Garbage Bags,Large,179,86,N,15 bags,Matched,32967.91,16942,0.486106338,6.853622131,11215.62,0.055837563
2025-02-01,Amazon,West,BEC-CLN-003,936,936,279864,61320.79,55352.74,41,41,Laundry Liquid 1L,Cleaners,Laundry,299,150,N,1 L,Matched,218543.21,140400,0.357564117,3.948191363,22790.47,0.043803419
2025-06-01,Amazon,West,BEC-CLN-099,102,102,71298,4276.66,3878.49,4,4,,,,,,,,Unmatched - Review,67021.34,,,17.28026629,,0.039215686
2024-09-01,D2C,South,BEC-CLN-003,161,161,48139,3278.87,13299.43,20,20,Laundry Liquid 1L,Cleaners,Laundry,299,150,N,1 L,Matched,44860.13,24150,0.461660053,3.373086666,7410.7,0.124223602
2024-07-01,Blinkit,North,BEC-TIS-002,280,280,50400,11170.2,2609.86,15,15,Bamboo Toilet Roll 4-pack,Tissues,Toilet Roll,180,95,N,4 rolls,Matched,39229.8,26600,0.321944032,15.03138099,10019.94,0.053571429
2024-08-01,Zepto,South,BEC-CLN-001,175,175,34825,6964.34,8789.73,5,5,Floor Cleaner 1L,Cleaners,Floor Cleaner,199,96,N,1 L,Matched,27860.66,16800,0.39699921,3.169683255,2270.93,0.028571429
2024-05-01,Amazon,West,BEC-CMB-001,90,90,62910,8445.93,3538.13,2,2,Home Cleaning Combo,Others,Combo,699,330,Y,4 items,Matched,54464.07,29700,0.454686365,15.39346208,21225.94,0.022222222
2024-09-01,Blinkit,North,BEC-CLN-004,254,254,25146,7154.63,3674.76,7,7,Handwash 250ml,Cleaners,Handwash,99,44,N,250 ml,Matched,17991.37,11176,0.378813287,4.895930619,3140.61,0.027559055
2024-11-01,Zepto,South,BEC-BW-002,90,90,15750,4384.44,907.61,4,4,Parchment Paper Roll,Bake & Wrap,Bake,175,92,N,20 m,Matched,11365.56,8280,0.271483323,12.52251518,2177.95,0.044444444
2024-08-01,Amazon,West,BEC-GB-002,286,286,51194,9331.57,5154.7,8,8,Garbage Bag Large 15s,Garbage Bags,Large,179,86,N,15 bags,Matched,41862.43,24596,0.412456468,8.12121559,12111.73,0.027972028
2024-12-01,D2C,South,BEC-CMB-001,19,19,13281,700.43,1451.72,2,2,Home Cleaning Combo,Others,Combo,699,330,Y,4 items,Matched,12580.57,6270,0.501612407,8.665975532,4858.85,0.105263158
2025-03-01,Swiggy Instamart,West,BEC-CLN-004,269,269,26631,3808.56,0,16,16,Handwash 250ml,Cleaners,Handwash,99,44,N,250 ml,Matched,22822.44,11836,0.481387617,,10986.44,0.059479554
2025-04-01,Amazon,North,BEC-TIS-001,433,433,41135,3116.83,2725.61,21,21,Bamboo Facial Tissue 100s,Tissues,Facial,95,42,N,100 pulls,Matched,38018.17,18186,0.52164978,13.9484996,17106.56,0.048498845
2024-10-01,D2C,North,BEC-CMB-001,17,17,11883,668.51,600.76,1,1,Home Cleaning Combo,Others,Combo,699,330,Y,4 items,Matched,11214.49,5610,0.499754336,18.66717158,5003.73,0.058823529
2025-03-01,Amazon,South,BEC-KT-002,361,361,151620,27617.19,12004.48,19,19,Kitchen Towel 6-roll,Kitchen Towel,Towel,420,205,N,6 rolls,Matched,124002.81,74005,0.403199008,10.32971107,37993.33,0.052631579
2024-10-01,Flipkart,South,BEC-KT-001,70,70,11200,2380.61,442.78,2,2,Kitchen Towel 2-roll,Kitchen Towel,Towel,160,78,N,2 rolls,Matched,8819.39,5460,0.380909564,19.91822124,2916.61,0.028571429
2024-12-01,Zepto,North,BEC-CLN-001,303,303,60297,11581.54,11298.37,13,13,Floor Cleaner 1L,Cleaners,Floor Cleaner,199,96,N,1 L,Matched,48715.46,29088,0.402900024,4.311724612,8329.09,0.04290429
2024-02-01,Swiggy Instamart,West,BEC-OTH-001,82,82,12218,2551.15,822.1,3,3,Bamboo Wet Wipes 72s,Others,Wipes,149,72,N,72 wipes,Matched,9666.85,5904,0.389252962,11.75872765,2940.75,0.036585366
2024-09-01,Amazon,North,BEC-BW-002,101,101,17675,1084.16,2206.05,4,4,Parchment Paper Roll,Bake & Wrap,Bake,175,92,N,20 m,Matched,16590.84,9292,0.439931914,7.520609234,5092.79,0.03960396
2025-05-01,Flipkart,North,BEC-GB-001,176,176,26224,2774.52,2403.79,5,5,Garbage Bag Medium 30s,Garbage Bags,Medium,149,70,N,30 bags,Matched,23449.48,12320,0.474615215,9.755211562,8725.69,0.028409091
2024-05-01,Blinkit,North,BEC-CMB-001,33,33,23067,2487.37,1499.25,0,0,Home Cleaning Combo,Others,Combo,699,330,Y,4 items,Matched,20579.63,10890,0.470835967,13.72661664,8190.38,0
2024-12-01,Amazon,West,BEC-KT-002,479,479,201180,59509.88,13357.42,24,24,Kitchen Towel 6-roll,Kitchen Towel,Towel,420,205,N,6 rolls,Matched,141670.12,98195,0.306875719,10.60609908,30117.7,0.050104384
2024-09-01,Swiggy Instamart,North,BEC-BW-001,74,74,16280,3162.75,1488.89,2,2,Compostable Cling Wrap,Bake & Wrap,Wrap,220,118,N,30 m,Matched,13117.25,8732,0.334311689,8.810086709,2896.36,0.027027027
2024-06-01,Blinkit,South,BEC-GB-002,205,205,36695,8909.75,1983.61,6,6,Garbage Bag Large 15s,Garbage Bags,Large,179,86,N,15 bags,Matched,27785.25,17630,0.365490683,14.00741577,8171.64,0.029268293
2024-09-01,Swiggy Instamart,South,BEC-CLN-002,93,93,17205,3505.06,4402.38,4,4,Dishwash Liquid 750ml,Cleaners,Dishwash,185,88,N,750 ml,Matched,13699.94,8184,0.402625121,3.111939451,1113.56,0.043010753
2024-07-01,D2C,North,BEC-CLN-002,157,157,29045,2329.42,7833.67,22,22,Dishwash Liquid 750ml,Cleaners,Dishwash,185,88,N,750 ml,Matched,26715.58,13816,0.482848585,3.410353002,5065.91,0.140127389
2024-12-01,D2C,South,BEC-BW-001,62,62,13640,507.63,877.74,7,7,Compostable Cling Wrap,Bake & Wrap,Wrap,220,118,N,30 m,Matched,13132.37,7316,0.442903299,14.96157176,4938.63,0.112903226
2024-08-01,Amazon,North,BEC-GB-002,333,333,59607,12084.39,6925.37,13,13,Garbage Bag Large 15s,Garbage Bags,Large,179,86,N,15 bags,Matched,47522.61,28638,0.397381583,6.862104119,11959.24,0.039039039
2025-05-01,Amazon,South,BEC-CLN-002,401,401,74185,15801.56,17964.31,14,14,Dishwash Liquid 750ml,Cleaners,Dishwash,185,88,N,750 ml,Matched,58383.44,35288,0.395582035,3.24996841,5131.13,0.034912718
2025-05-01,Zepto,West,BEC-OTH-001,154,154,22946,3574.23,2755.62,8,8,Bamboo Wet Wipes 72s,Others,Wipes,149,72,N,72 wipes,Matched,19371.77,11088,0.427620708,7.029913413,5528.15,0.051948052
2025-06-01,Flipkart,South,BEC-GB-002,163,163,29177,4681.29,1410.04,5,5,Garbage Bag Large 15s,Garbage Bags,Large,179,86,N,15 bags,Matched,24495.71,14018,0.42773653,17.37235114,9067.67,0.030674847
2024-08-01,Amazon,South,BEC-TIS-002,319,319,57420,4856.43,4168.93,14,14,Bamboo Toilet Roll 4-pack,Tissues,Toilet Roll,180,95,N,4 rolls,Matched,52563.57,30305,0.423460012,12.60840791,18089.64,0.043887147
2024-02-01,Zepto,West,BEC-CLN-001,344,344,68456,7559.45,15982.97,13,13,Floor Cleaner 1L,Cleaners,Floor Cleaner,199,96,N,1 L,Matched,60896.55,33024,0.457703269,3.810089739,11889.58,0.037790698
2024-01-01,Amazon,North,BEC-OTH-001,135,135,20115,3456.06,2481.97,7,7,Bamboo Wet Wipes 72s,Others,Wipes,149,72,N,72 wipes,Matched,16658.94,9720,0.416529503,6.71198282,4456.97,0.051851852
2025-05-01,Flipkart,South,BEC-BW-002,67,67,11725,1748.9,1045.28,2,2,Parchment Paper Roll,Bake & Wrap,Bake,175,92,N,20 m,Matched,9976.1,6164,0.382123275,9.543949946,2766.82,0.029850746
2024-11-01,Swiggy Instamart,North,BEC-CMB-001,24,24,16776,1128.88,1939.92,0,0,Home Cleaning Combo,Others,Combo,699,330,Y,4 items,Matched,15647.12,7920,0.493836565,8.065858386,5787.2,0
2025-06-01,Zepto,North,BEC-KT-001,190,190,30400,4384.06,1456.79,4,4,Kitchen Towel 2-roll,Kitchen Towel,Towel,160,78,N,2 rolls,Matched,26015.94,14820,0.43034924,17.858401,9739.15,0.021052632
2024-09-01,Blinkit,North,BEC-KT-001,189,189,30240,5550.31,2707.52,10,10,Kitchen Towel 2-roll,Kitchen Towel,Towel,160,78,N,2 rolls,Matched,24689.69,14742,0.402908663,9.118931716,7240.17,0.052910053
2025-04-01,D2C,South,BEC-CLN-003,182,182,54418,7753.75,8534.99,17,17,Laundry Liquid 1L,Cleaners,Laundry,299,150,N,1 L,Matched,46664.25,27300,0.414969704,5.467405351,10829.26,0.093406593
2024-04-01,D2C,West,BEC-GB-002,144,144,25776,3428.29,3058.41,23,23,Garbage Bag Large 15s,Garbage Bags,Large,179,86,N,15 bags,Matched,22347.71,12384,0.445849262,7.306969962,6905.3,0.159722222
2025-06-01,Swiggy Instamart,West,BEC-GB-001,144,144,21456,3352.41,2124.16,8,8,Garbage Bag Medium 30s,Garbage Bags,Medium,149,70,N,30 bags,Matched,18103.59,10080,0.443204359,8.522705446,5899.43,0.055555556
2025-04-01,Zepto,North,BEC-CLN-004,320,320,31680,8938.71,5499.06,13,13,Handwash 250ml,Cleaners,Handwash,99,44,N,250 ml,Matched,22741.29,14080,0.38086186,4.135486792,3162.23,0.040625
2025-06-01,Flipkart,West,BEC-TIS-001,225,225,21375,6327.32,1089.51,6,6,Bamboo Facial Tissue 100s,Tissues,Facial,95,42,N,100 pulls,Matched,15047.68,9450,0.371996215,13.81141981,4508.17,0.026666667
2024-08-01,Blinkit,North,BEC-KT-002,124,124,52080,12548.89,3617.01,3,3,Kitchen Towel 6-roll,Kitchen Towel,Towel,420,205,N,6 rolls,Matched,39531.11,25420,0.35696215,10.92922331,10494.1,0.024193548
2024-12-01,Amazon,West,BEC-CLN-004,614,614,60786,6638.79,17371.45,16,16,Handwash 250ml,Cleaners,Handwash,99,44,N,250 ml,Matched,54147.21,27016,0.501063859,3.117023046,9759.76,0.026058632
2025-02-01,Blinkit,North,BEC-TIS-001,336,336,31920,6465.09,1332.03,16,16,Bamboo Facial Tissue 100s,Tissues,Facial,95,42,N,100 pulls,Matched,25454.91,14112,0.44560794,19.10986239,10010.88,0.047619048
2024-01-01,Amazon,South,BEC-CMB-001,38,38,26562,2852.53,1656.4,2,2,Home Cleaning Combo,Others,Combo,699,330,Y,4 items,Matched,23709.47,12540,0.471097414,14.31385535,9513.07,0.052631579
2025-03-01,Flipkart,West,BEC-KT-002,280,280,117600,14019.05,12362.3,9,9,Kitchen Towel 6-roll,Kitchen Towel,Towel,420,205,N,6 rolls,Matched,103580.95,57400,0.445844048,8.378776603,33818.65,0.032142857
2024-05-01,Swiggy Instamart,West,BEC-CLN-003,198,198,59202,3158.02,10920.53,10,10,Laundry Liquid 1L,Cleaners,Laundry,299,150,N,1 L,Matched,56043.98,29700,0.47005905,5.131983521,15423.45,0.050505051
2024-08-01,D2C,West,BEC-CLN-001,296,296,58904,6031.66,16911.69,44,44,Floor Cleaner 1L,Cleaners,Floor Cleaner,199,96,N,1 L,Matched,52872.34,28416,0.462554523,3.126378263,7544.65,0.148648649
2025-05-01,Swiggy Instamart,North,BEC-KT-001,162,162,25920,1692.48,2800.07,5,5,Kitchen Towel 2-roll,Kitchen Towel,Towel,160,78,N,2 rolls,Matched,24227.52,12636,0.478444348,8.652469403,8791.45,0.030864198
2024-06-01,Zepto,North,BEC-CLN-004,284,284,28116,2518.29,5998.99,8,8,Handwash 250ml,Cleaners,Handwash,99,44,N,250 ml,Matched,25597.71,12496,0.511831332,4.267003279,7102.72,0.028169014
2024-05-01,Blinkit,West,BEC-CLN-002,460,460,85100,9672.96,20647.6,14,14,Dishwash Liquid 750ml,Cleaners,Dishwash,185,88,N,750 ml,Matched,75427.04,40480,0.463322437,3.653065732,14299.44,0.030434783
2024-04-01,D2C,South,BEC-KT-002,122,122,51240,4341.21,2591.35,19,19,Kitchen Towel 6-roll,Kitchen Towel,Towel,420,205,N,6 rolls,Matched,46898.79,25010,0.466723982,18.0982075,19297.44,0.155737705
2025-05-01,D2C,West,BEC-KT-002,256,256,107520,10013.37,14526.6,37,37,Kitchen Towel 6-roll,Kitchen Towel,Towel,420,205,N,6 rolls,Matched,97506.63,52480,0.461780189,6.712281608,30500.03,0.14453125
2024-09-01,D2C,South,BEC-TIS-001,134,134,12730,979.13,1711.35,15,15,Bamboo Facial Tissue 100s,Tissues,Facial,95,42,N,100 pulls,Matched,11750.87,5628,0.521056739,6.866432933,4411.52,0.111940299
2024-11-01,D2C,North,BEC-CLN-001,144,144,28656,2626.76,6427.91,23,23,Floor Cleaner 1L,Cleaners,Floor Cleaner,199,96,N,1 L,Matched,26029.24,13824,0.46890497,4.049409528,5777.33,0.159722222
2025-01-01,Blinkit,North,BEC-CLN-004,288,288,28512,7019.25,5183.17,14,14,Handwash 250ml,Cleaners,Handwash,99,44,N,250 ml,Matched,21492.75,12672,0.410405835,4.14664192,3637.58,0.048611111
2024-04-01,Flipkart,South,BEC-KT-001,108,108,17280,4381.91,1434.15,3,3,Kitchen Towel 2-roll,Kitchen Towel,Towel,160,78,N,2 rolls,Matched,12898.09,8424,0.346880042,8.993543214,3039.94,0.027777778
2025-02-01,Amazon,North,BEC-TIS-002,416,416,74880,4816.33,9016.94,12,12,Bamboo Toilet Roll 4-pack,Tissues,Toilet Roll,180,95,N,4 rolls,Matched,70063.67,39520,0.435941623,7.770226928,21526.73,0.028846154
2025-04-01,D2C,North,BEC-BW-002,76,76,13300,912.89,1055.26,12,12,Parchment Paper Roll,Bake & Wrap,Bake,175,92,N,20 m,Matched,12387.11,6992,0.435542269,11.73844361,4339.85,0.157894737
2024-07-01,Amazon,West,BEC-GB-002,456,456,81624,16732.85,5891.35,19,19,Garbage Bag Large 15s,Garbage Bags,Large,179,86,N,15 bags,Matched,64891.15,39216,0.395664894,11.01464859,19783.8,0.041666667
2024-10-01,Swiggy Instamart,West,BEC-CLN-002,193,193,35705,6521.99,7204.57,11,11,Dishwash Liquid 750ml,Cleaners,Dishwash,185,88,N,750 ml,Matched,29183.01,16984,0.418017538,4.050624812,4994.44,0.056994819
2025-05-01,Flipkart,North,BEC-CLN-003,280,280,83720,21311.4,14314.18,11,11,Laundry Liquid 1L,Cleaners,Laundry,299,150,N,1 L,Matched,62408.6,42000,0.327015828,4.359914434,6094.42,0.039285714
2025-03-01,Flipkart,South,BEC-CLN-004,299,299,29601,6813.04,6992.67,6,6,Handwash 250ml,Cleaners,Handwash,99,44,N,250 ml,Matched,22787.96,13156,0.422677589,3.258835323,2639.29,0.02006689
2024-04-01,D2C,West,BEC-CLN-002,218,218,40330,4863.62,10938.88,35,35,Dishwash Liquid 750ml,Cleaners,Dishwash,185,88,N,750 ml,Matched,35466.38,19184,0.459093372,3.24223138,5343.5,0.160550459
2024-12-01,D2C,West,BEC-CLN-001,310,310,61690,6412.62,14977.95,28,28,Floor Cleaner 1L,Cleaners,Floor Cleaner,199,96,N,1 L,Matched,55277.38,29760,0.461624267,3.690583825,10539.43,0.090322581
2024-09-01,Blinkit,South,BEC-CLN-002,193,193,35705,10689.43,5529.67,9,9,Dishwash Liquid 750ml,Cleaners,Dishwash,185,88,N,750 ml,Matched,25015.57,16984,0.321062842,4.523881172,2501.9,0.046632124
2024-05-01,D2C,North,BEC-CLN-002,166,166,30710,3534.56,8371.58,22,22,Dishwash Liquid 750ml,Cleaners,Dishwash,185,88,N,750 ml,Matched,27175.44,14608,0.462455806,3.24615425,4195.86,0.13253012
2025-06-01,Zepto,South,BEC-GB-001,207,207,30843,5834.64,3410.73,11,11,Garbage Bag Medium 30s,Garbage Bags,Medium,149,70,N,30 bags,Matched,25008.36,14490,0.420593753,7.332260249,7107.63,0.053140097
2024-02-01,Flipkart,North,BEC-GB-001,201,201,29949,8052.66,1841.83,5,5,Garbage Bag Medium 30s,Garbage Bags,Medium,149,70,N,30 bags,Matched,21896.34,14070,0.357426858,11.88836103,5984.51,0.024875622
2025-02-01,Swiggy Instamart,North,BEC-KT-002,171,171,71820,19375.4,4970.57,4,4,Kitchen Towel 6-roll,Kitchen Towel,Towel,420,205,N,6 rolls,Matched,52444.6,35055,0.331580372,10.55102332,12419.03,0.023391813
2024-05-01,Amazon,West,BEC-OTH-001,201,201,29949,8544.63,1321.45,10,10,Bamboo Wet Wipes 72s,Others,Wipes,149,72,N,72 wipes,Matched,21404.37,14472,0.323876386,16.19763896,5610.92,0.049751244
2024-01-01,Blinkit,West,BEC-CLN-001,442,442,87958,14016.78,22346.15,10,10,Floor Cleaner 1L,Cleaners,Floor Cleaner,199,96,N,1 L,Matched,73941.22,42432,0.426138763,3.308901981,9163.07,0.022624434
2024-05-01,Zepto,South,BEC-CLN-002,247,247,45695,10802.17,11208.81,8,8,Dishwash Liquid 750ml,Cleaners,Dishwash,185,88,N,750 ml,Matched,34892.83,21736,0.377063999,3.112982556,1948.02,0.032388664
2025-06-01,Swiggy Instamart,North,BEC-CLN-001,205,205,40795,2949.29,8256.53,10,10,Floor Cleaner 1L,Cleaners,Floor Cleaner,199,96,N,1 L,Matched,37845.71,19680,0.479993902,4.583730696,9909.18,0.048780488
2024-10-01,Swiggy Instamart,South,BEC-BW-002,39,39,6825,1532.72,529.38,1,1,Parchment Paper Roll,Bake & Wrap,Bake,175,92,N,20 m,Matched,5292.28,3588,0.322031336,9.997128717,1174.9,0.025641026
2024-02-01,Blinkit,South,BEC-CLN-001,318,318,63282,17939.66,11185.06,14,14,Floor Cleaner 1L,Cleaners,Floor Cleaner,199,96,N,1 L,Matched,45342.34,30528,0.326722,4.053830735,3629.28,0.044025157
2025-04-01,Swiggy Instamart,West,BEC-TIS-002,247,247,44460,5836.55,5115.98,7,7,Bamboo Toilet Roll 4-pack,Tissues,Toilet Roll,180,95,N,4 rolls,Matched,38623.45,23465,0.392467529,7.54957017,10042.47,0.028340081
2024-01-01,Amazon,South,BEC-TIS-001,212,212,20140,3796.64,1537.02,4,4,Bamboo Facial Tissue 100s,Tissues,Facial,95,42,N,100 pulls,Matched,16343.36,8904,0.455191589,10.63314726,5902.34,0.018867925
2024-05-01,Zepto,West,BEC-BW-002,113,113,19775,5671.91,1160.26,5,5,Parchment Paper Roll,Bake & Wrap,Bake,175,92,N,20 m,Matched,14103.09,10396,0.26285658,12.15511179,2546.83,0.044247788
2024-09-01,Zepto,North,BEC-BW-001,86,86,18920,3991.79,1196.76,2,2,Compostable Cling Wrap,Bake & Wrap,Wrap,220,118,N,30 m,Matched,14928.21,10148,0.320213207,12.47385441,3583.45,0.023255814
2025-01-01,Zepto,South,BEC-GB-001,195,195,29055,4305.22,1343,9,9,Garbage Bag Medium 30s,Garbage Bags,Medium,149,70,N,30 bags,Matched,24749.78,13650,0.448479946,18.42872673,9756.78,0.046153846
2025-01-01,D2C,West,BEC-OTH-001,118,118,17582,2056.72,1333.73,11,11,Bamboo Wet Wipes 72s,Others,Wipes,149,72,N,72 wipes,Matched,15525.28,8496,0.452763493,11.64049695,5695.55,0.093220339
2024-05-01,Swiggy Instamart,North,BEC-BW-001,95,95,20900,3879.95,2309.73,2,2,Compostable Cling Wrap,Bake & Wrap,Wrap,220,118,N,30 m,Matched,17020.05,11210,0.341365037,7.368848307,3500.32,0.021052632
2024-10-01,Blinkit,South,BEC-OTH-001,70,70,10430,1261.46,763.44,3,3,Bamboo Wet Wipes 72s,Others,Wipes,149,72,N,72 wipes,Matched,9168.54,5040,0.450294158,12.00950959,3365.1,0.042857143
2024-12-01,Swiggy Instamart,West,BEC-BW-001,103,103,22660,6273.29,2018.07,3,3,Compostable Cling Wrap,Bake & Wrap,Wrap,220,118,N,30 m,Matched,16386.71,12154,0.258301392,8.119990882,2214.64,0.029126214
2024-11-01,Zepto,South,BEC-GB-002,129,129,23091,1593.18,2776.95,5,5,Garbage Bag Large 15s,Garbage Bags,Large,179,86,N,15 bags,Matched,21497.82,11094,0.483947675,7.741522174,7626.87,0.03875969
2024-06-01,Zepto,North,BEC-CLN-003,314,314,93886,14088.31,20732.08,12,12,Laundry Liquid 1L,Cleaners,Laundry,299,150,N,1 L,Matched,79797.69,47100,0.40975735,3.848995856,11965.61,0.038216561
2024-11-01,Amazon,North,BEC-TIS-001,415,415,39425,7938.07,4389.84,20,20,Bamboo Facial Tissue 100s,Tissues,Facial,95,42,N,100 pulls,Matched,31486.93,17430,0.446436982,7.172682831,9667.09,0.048192771
2025-05-01,Flipkart,West,BEC-KT-001,229,229,36640,9851,2048.12,11,11,Kitchen Towel 2-roll,Kitchen Towel,Towel,160,78,N,2 rolls,Matched,26789,17862,0.33323379,13.07980001,6878.88,0.048034934
2024-02-01,D2C,North,BEC-TIS-002,154,154,27720,1147.61,2921.9,22,22,Bamboo Toilet Roll 4-pack,Tissues,Toilet Roll,180,95,N,4 rolls,Matched,26572.39,14630,0.449428523,9.094216092,9020.49,0.142857143
2024-03-01,D2C,South,BEC-GB-002,151,151,27029,1778.67,2235.56,20,20,Garbage Bag Large 15s,Garbage Bags,Large,179,86,N,15 bags,Matched,25250.33,12986,0.485709692,11.29485677,10028.77,0.132450331
2025-02-01,Blinkit,South,BEC-CLN-002,419,419,77515,6233.96,22969.36,22,22,Dishwash Liquid 750ml,Cleaners,Dishwash,185,88,N,750 ml,Matched,71281.04,36872,0.482723597,3.103309801,11439.68,0.052505967
2024-01-01,Flipkart,North,BEC-CLN-002,176,176,32560,6809.37,4968.36,9,9,Dishwash Liquid 750ml,Cleaners,Dishwash,185,88,N,750 ml,Matched,25750.63,15488,0.398538987,5.18292354,5294.27,0.051136364
2024-01-01,Flipkart,South,BEC-TIS-002,162,162,29160,2237.08,1901.95,5,5,Bamboo Toilet Roll 4-pack,Tissues,Toilet Roll,180,95,N,4 rolls,Matched,26922.92,15390,0.428368097,14.15542995,9630.97,0.030864198
2024-04-01,Flipkart,South,BEC-CLN-002,154,154,28490,4812.25,6722.41,7,7,Dishwash Liquid 750ml,Cleaners,Dishwash,185,88,N,750 ml,Matched,23677.75,13552,0.42764832,3.522211528,3403.34,0.045454545
2024-02-01,Flipkart,South,BEC-CLN-002,212,212,39220,5891.28,11220.23,12,12,Dishwash Liquid 750ml,Cleaners,Dishwash,185,88,N,750 ml,Matched,33328.72,18656,0.44024253,2.970413262,3452.49,0.056603774
2025-04-01,D2C,South,BEC-KT-002,123,123,51660,2820.48,5833.04,14,14,Kitchen Towel 6-roll,Kitchen Towel,Towel,420,205,N,6 rolls,Matched,48839.52,25215,0.483717285,8.372910181,17791.48,0.113821138
2024-10-01,Amazon,North,BEC-TIS-002,298,298,53640,9667.81,3909.29,16,16,Bamboo Toilet Roll 4-pack,Tissues,Toilet Roll,180,95,N,4 rolls,Matched,43972.19,28310,0.356183988,11.2481269,11752.9,0.053691275
2025-03-01,Flipkart,North,BEC-GB-001,205,205,30545,1686.3,4171.98,5,5,Garbage Bag Medium 30s,Garbage Bags,Medium,149,70,N,30 bags,Matched,28858.7,14350,0.502749604,6.917267101,10336.72,0.024390244
2024-03-01,Flipkart,North,BEC-CLN-002,250,250,46250,10083.76,11136.87,5,5,Dishwash Liquid 750ml,Cleaners,Dishwash,185,88,N,750 ml,Matched,36166.24,22000,0.391697893,3.247433076,3029.37,0.02
2024-10-01,Blinkit,North,BEC-CLN-002,318,318,58830,11967.97,11964.38,17,17,Dishwash Liquid 750ml,Cleaners,Dishwash,185,88,N,750 ml,Matched,46862.03,27984,0.402842771,3.916795521,6913.65,0.053459119
2024-03-01,Blinkit,West,BEC-CLN-001,435,435,86565,5755.49,19888.26,17,17,Floor Cleaner 1L,Cleaners,Floor Cleaner,199,96,N,1 L,Matched,80809.51,41760,0.48322914,4.063176467,19161.25,0.03908046
2024-04-01,Amazon,West,BEC-CLN-004,789,789,78111,9750.4,13016.28,23,23,Handwash 250ml,Cleaners,Handwash,99,44,N,250 ml,Matched,68360.6,34716,0.492163615,5.251930659,20628.32,0.029150824
2025-01-01,Swiggy Instamart,South,BEC-BW-001,61,61,13420,859.35,1329.52,2,2,Compostable Cling Wrap,Bake & Wrap,Wrap,220,118,N,30 m,Matched,12560.65,7198,0.426940485,9.447507371,4033.13,0.032786885
2025-06-01,Swiggy Instamart,West,BEC-TIS-001,173,173,16435,1531.16,2212.76,9,9,Bamboo Facial Tissue 100s,Tissues,Facial,95,42,N,100 pulls,Matched,14903.84,7266,0.512474637,6.735407365,5425.08,0.052023121
2024-06-01,D2C,North,BEC-CMB-001,22,22,15378,785.44,2161.79,3,3,Home Cleaning Combo,Others,Combo,699,330,Y,4 items,Matched,14592.56,7260,0.502486198,6.750220882,5170.77,0.136363636
2024-12-01,Swiggy Instamart,North,BEC-KT-002,137,137,57540,5282,5864.59,8,8,Kitchen Towel 6-roll,Kitchen Towel,Towel,420,205,N,6 rolls,Matched,52258,28085,0.462570324,8.910767846,18308.41,0.058394161
2024-06-01,Flipkart,South,BEC-CLN-001,228,228,45372,8843.4,10056.6,13,13,Floor Cleaner 1L,Cleaners,Floor Cleaner,199,96,N,1 L,Matched,36528.6,21888,0.400798279,3.632301175,4584,0.057017544
2025-04-01,Amazon,West,BEC-BW-002,285,285,49875,10334.09,5587.38,10,10,Parchment Paper Roll,Bake & Wrap,Bake,175,92,N,20 m,Matched,39540.91,26220,0.336889313,7.076824916,7733.53,0.035087719
2025-02-01,Blinkit,North,BEC-CLN-003,481,481,143819,10596.93,0,28,28,Laundry Liquid 1L,Cleaners,Laundry,299,150,N,1 L,Matched,133222.07,72150,0.458423068,,61072.07,0.058212058
2024-09-01,Blinkit,South,BEC-CLN-003,175,175,52325,14797.09,0,6,6,Laundry Liquid 1L,Cleaners,Laundry,299,150,N,1 L,Matched,37527.91,26250,0.300520599,,11277.91,0.034285714
2025-03-01,Flipkart,West,BEC-TIS-001,393,393,37335,7905.04,4233.18,18,18,Bamboo Facial Tissue 100s,Tissues,Facial,95,42,N,100 pulls,Matched,29429.96,16506,0.439142969,6.952210867,8690.78,0.045801527
2024-11-01,Blinkit,South,BEC-BW-001,69,69,15180,2514.09,1001.6,2,2,Compostable Cling Wrap,Bake & Wrap,Wrap,220,118,N,30 m,Matched,12665.91,8142,0.357172126,12.64567692,3522.31,0.028985507
2024-03-01,Blinkit,South,BEC-BW-001,98,98,21560,1897.66,2471.71,3,3,Compostable Cling Wrap,Bake & Wrap,Wrap,220,118,N,30 m,Matched,19662.34,11564,0.411870612,7.954954262,5626.63,0.030612245
2024-05-01,Flipkart,West,BEC-TIS-001,297,297,28215,3673.12,2238.49,13,13,Bamboo Facial Tissue 100s,Tissues,Facial,95,42,N,100 pulls,Matched,24541.88,12474,0.49172598,10.96358706,9829.39,0.043771044
2025-04-01,Zepto,South,BEC-BW-001,108,108,23760,3969.74,1185.71,2,2,Compostable Cling Wrap,Bake & Wrap,Wrap,220,118,N,30 m,Matched,19790.26,12744,0.356046863,16.69064105,5860.55,0.018518519
2025-06-01,D2C,West,BEC-CMB-001,28,28,19572,789.8,1694.61,2,2,Home Cleaning Combo,Others,Combo,699,330,Y,4 items,Matched,18782.2,9240,0.508044851,11.08349414,7847.59,0.071428571
2024-05-01,D2C,West,BEC-CLN-004,309,309,30591,2644.59,5883.58,27,27,Handwash 250ml,Cleaners,Handwash,99,44,N,250 ml,Matched,27946.41,13596,0.51349744,4.749898871,8466.83,0.087378641
2024-10-01,D2C,West,BEC-GB-002,124,124,22196,2883.79,1654.92,20,20,Garbage Bag Large 15s,Garbage Bags,Large,179,86,N,15 bags,Matched,19312.21,10664,0.447810478,11.66957315,6993.29,0.161290323
2025-03-01,D2C,West,BEC-OTH-001,110,110,16390,869.3,1038.66,18,18,Bamboo Wet Wipes 72s,Others,Wipes,149,72,N,72 wipes,Matched,15520.7,7920,0.489713737,14.94300349,6562.04,0.163636364
2024-07-01,Blinkit,South,BEC-CLN-002,278,278,51430,11238.48,12753.06,6,6,Dishwash Liquid 750ml,Cleaners,Dishwash,185,88,N,750 ml,Matched,40191.52,24464,0.391314387,3.151519714,2974.46,0.021582734
2024-02-01,Zepto,South,BEC-CMB-001,23,23,16077,4607.51,1059.75,1,1,Home Cleaning Combo,Others,Combo,699,330,Y,4 items,Matched,11469.49,7590,0.338244333,10.82282614,2819.74,0.043478261
2024-06-01,Zepto,West,BEC-CLN-002,381,381,70485,8193,13374.27,19,19,Dishwash Liquid 750ml,Cleaners,Dishwash,185,88,N,750 ml,Matched,62292,33528,0.46176074,4.657600004,15389.73,0.049868766
2025-05-01,Blinkit,West,BEC-KT-001,293,293,46880,11941.39,3620.44,12,12,Kitchen Towel 2-roll,Kitchen Towel,Towel,160,78,N,2 rolls,Matched,34938.61,22854,0.345881247,9.65037675,8464.17,0.040955631
2024-07-01,Flipkart,South,BEC-OTH-001,64,64,9536,1052.27,850.58,2,2,Bamboo Wet Wipes 72s,Others,Wipes,149,72,N,72 wipes,Matched,8483.73,4608,0.456842686,9.974052999,3025.15,0.03125
2024-08-01,Swiggy Instamart,West,BEC-CLN-001,161,161,32039,1720.24,10062.9,9,9,Floor Cleaner 1L,Cleaners,Floor Cleaner,199,96,N,1 L,Matched,30318.76,15456,0.490216618,3.012924704,4799.86,0.055900621
2024-10-01,Amazon,South,BEC-CLN-001,380,380,75620,6677.32,14831.05,13,13,Floor Cleaner 1L,Cleaners,Floor Cleaner,199,96,N,1 L,Matched,68942.68,36480,0.470864782,4.648536685,17631.63,0.034210526
2024-12-01,Zepto,North,BEC-KT-002,246,246,103320,29635.92,8456.75,11,11,Kitchen Towel 6-roll,Kitchen Towel,Towel,420,205,N,6 rolls,Matched,73684.08,50430,0.315591645,8.713049339,14797.33,0.044715447
2024-05-01,Blinkit,West,BEC-BW-002,185,185,32375,9589.29,2893.47,5,5,Parchment Paper Roll,Bake & Wrap,Bake,175,92,N,20 m,Matched,22785.71,17020,0.253040612,7.874873422,2872.24,0.027027027
2025-03-01,Amazon,West,BEC-GB-002,480,480,85920,13149.2,9815.33,28,28,Garbage Bag Large 15s,Garbage Bags,Large,179,86,N,15 bags,Matched,72770.8,41280,0.432739505,7.413994231,21675.47,0.058333333
2024-01-01,Blinkit,South,BEC-CLN-003,306,306,91494,26906.01,14314.45,14,14,Laundry Liquid 1L,Cleaners,Laundry,299,150,N,1 L,Matched,64587.99,45900,0.289341563,4.512083245,4373.54,0.045751634
2024-10-01,Blinkit,North,BEC-CMB-001,30,30,20970,2706.46,2006.79,1,1,Home Cleaning Combo,Others,Combo,699,330,Y,4 items,Matched,18263.54,9900,0.457936413,9.100872538,6356.75,0.033333333
2024-02-01,Flipkart,North,BEC-CLN-001,225,225,44775,10907.62,8416.83,12,12,Floor Cleaner 1L,Cleaners,Floor Cleaner,199,96,N,1 L,Matched,33867.38,21600,0.362218158,4.023769044,3850.55,0.053333333
2025-06-01,D2C,South,BEC-BW-001,53,53,11660,1727.36,656.26,5,5,Compostable Cling Wrap,Bake & Wrap,Wrap,220,118,N,30 m,Matched,9932.64,6254,0.370358736,15.1352208,3022.38,0.094339623
2024-06-01,Amazon,West,BEC-BW-002,233,233,40775,6486.47,3171.04,6,6,Parchment Paper Roll,Bake & Wrap,Bake,175,92,N,20 m,Matched,34288.53,21436,0.374834675,10.81302349,9681.49,0.025751073
2024-08-01,D2C,South,BEC-GB-001,83,83,12367,1549.07,1234.07,9,9,Garbage Bag Medium 30s,Garbage Bags,Medium,149,70,N,30 bags,Matched,10817.93,5810,0.462928675,8.766058651,3773.86,0.108433735
2024-11-01,D2C,North,BEC-KT-002,131,131,55020,4302.69,2956.5,15,15,Kitchen Towel 6-roll,Kitchen Towel,Towel,420,205,N,6 rolls,Matched,50717.31,26855,0.470496365,17.1545104,20905.81,0.114503817
2024-10-01,Swiggy Instamart,North,BEC-TIS-001,106,106,10070,1053.09,1161.99,6,6,Bamboo Facial Tissue 100s,Tissues,Facial,95,42,N,100 pulls,Matched,9016.91,4452,0.506261014,7.759886058,3402.92,0.056603774
2024-02-01,Flipkart,North,BEC-OTH-001,72,72,10728,3058.12,1053.32,1,1,Bamboo Wet Wipes 72s,Others,Wipes,149,72,N,72 wipes,Matched,7669.88,5184,0.324109373,7.281623818,1432.56,0.013888889
2024-03-01,Flipkart,North,BEC-GB-002,203,203,36337,2975.67,2410.59,5,5,Garbage Bag Large 15s,Garbage Bags,Large,179,86,N,15 bags,Matched,33361.33,17458,0.47669952,13.83948743,13492.74,0.024630542
2025-03-01,Blinkit,South,BEC-CLN-001,268,268,53332,14111.25,11035.62,14,14,Floor Cleaner 1L,Cleaners,Floor Cleaner,199,96,N,1 L,Matched,39220.75,25728,0.344020703,3.554014183,2457.13,0.052238806
2024-12-01,Swiggy Instamart,North,BEC-CLN-003,203,203,60697,0,13954.23,4,4,Laundry Liquid 1L,Cleaners,Laundry,299,150,N,1 L,Matched,60697,30450,0.498327759,4.349720479,16292.77,0.019704433
2024-05-01,Blinkit,West,BEC-GB-002,391,391,69989,9335.19,4287.46,23,23,Garbage Bag Large 15s,Garbage Bags,Large,179,86,N,15 bags,Matched,60653.81,33626,0.445607786,14.14679321,22740.35,0.058823529
2024-01-01,Blinkit,North,BEC-CLN-001,264,264,52536,5962.05,13921.64,8,8,Floor Cleaner 1L,Cleaners,Floor Cleaner,199,96,N,1 L,Matched,46573.95,25344,0.455833143,3.345435595,7308.31,0.03030303
2025-01-01,Zepto,South,BEC-CMB-001,23,23,16077,2485.1,1017.6,0,0,Home Cleaning Combo,Others,Combo,699,330,Y,4 items,Matched,13591.9,7590,0.441579176,13.35681997,4984.3,0
2024-11-01,Flipkart,South,BEC-OTH-001,59,59,8791,1847.45,793.74,2,2,Bamboo Wet Wipes 72s,Others,Wipes,149,72,N,72 wipes,Matched,6943.55,4248,0.388209201,8.747889737,1901.81,0.033898305
2024-09-01,Blinkit,South,BEC-TIS-001,175,175,16625,4273.78,1221.06,5,5,Bamboo Facial Tissue 100s,Tissues,Facial,95,42,N,100 pulls,Matched,12351.22,7350,0.404917085,10.11516224,3780.16,0.028571429
2024-06-01,Zepto,South,BEC-BW-002,63,63,11025,1239.34,980.92,1,1,Parchment Paper Roll,Bake & Wrap,Bake,175,92,N,20 m,Matched,9785.66,5796,0.407704743,9.97600212,3008.74,0.015873016
2025-03-01,Zepto,South,BEC-TIS-001,244,244,23180,2793.81,1906.7,11,11,Bamboo Facial Tissue 100s,Tissues,Facial,95,42,N,100 pulls,Matched,20386.19,10248,0.497306755,10.69187077,8231.49,0.045081967
2024-04-01,D2C,North,BEC-CLN-002,184,184,34040,3976.44,7054.59,19,19,Dishwash Liquid 750ml,Cleaners,Dishwash,185,88,N,750 ml,Matched,30063.56,16192,0.461407764,4.261560204,6816.97,0.10326087
2025-04-01,Zepto,North,BEC-BW-001,110,110,24200,6570.2,1531.78,4,4,Compostable Cling Wrap,Bake & Wrap,Wrap,220,118,N,30 m,Matched,17629.8,12980,0.263746611,11.50935513,3118.02,0.036363636
2024-06-01,Flipkart,North,BEC-CLN-001,200,200,39800,9890.29,7992.5,10,10,Floor Cleaner 1L,Cleaners,Floor Cleaner,199,96,N,1 L,Matched,29909.71,19200,0.358067999,3.742222083,2717.21,0.05
2024-03-01,Swiggy Instamart,South,BEC-CLN-002,121,121,22385,4833.12,5508.27,3,3,Dishwash Liquid 750ml,Cleaners,Dishwash,185,88,N,750 ml,Matched,17551.88,10648,0.39334134,3.186459633,1395.61,0.024793388
2025-05-01,D2C,South,BEC-TIS-002,193,193,34740,4587.61,3240.02,23,23,Bamboo Toilet Roll 4-pack,Tissues,Toilet Roll,180,95,N,4 rolls,Matched,30152.39,18335,0.391922166,9.306235764,8577.37,0.119170984
2024-10-01,Amazon,South,BEC-CMB-001,47,47,32853,3915.3,4009.62,1,1,Home Cleaning Combo,Others,Combo,699,330,Y,4 items,Matched,28937.7,15510,0.464020983,7.217067952,9418.08,0.021276596
2024-02-01,D2C,South,BEC-GB-001,95,95,14155,1152.26,1008.29,12,12,Garbage Bag Medium 30s,Garbage Bags,Medium,149,70,N,30 bags,Matched,13002.74,6650,0.488569332,12.89583354,5344.45,0.126315789
2024-03-01,Blinkit,North,BEC-CLN-001,480,480,95520,9248.46,27807.81,17,17,Floor Cleaner 1L,Cleaners,Floor Cleaner,199,96,N,1 L,Matched,86271.54,46080,0.465872523,3.102421226,12383.73,0.035416667
2024-06-01,D2C,West,BEC-BW-001,119,119,26180,3009.45,1490.05,15,15,Compostable Cling Wrap,Bake & Wrap,Wrap,220,118,N,30 m,Matched,23170.55,14042,0.39397209,15.55018288,7638.5,0.12605042
2024-01-01,Flipkart,West,BEC-OTH-001,115,115,17135,4232.66,1727.37,3,3,Bamboo Wet Wipes 72s,Others,Wipes,149,72,N,72 wipes,Matched,12902.34,8280,0.358255944,7.469355147,2894.97,0.026086957
2024-10-01,D2C,South,BEC-GB-002,96,96,17184,1739.46,1399.34,12,12,Garbage Bag Large 15s,Garbage Bags,Large,179,86,N,15 bags,Matched,15444.54,8256,0.465442156,11.03701745,5789.2,0.125
2024-12-01,Amazon,South,BEC-GB-001,259,259,38591,10903.64,1995.15,12,12,Garbage Bag Medium 30s,Garbage Bags,Medium,149,70,N,30 bags,Matched,27687.36,18130,0.345188563,13.87733253,7562.21,0.046332046
2024-09-01,Blinkit,South,BEC-KT-001,105,105,16800,2267.75,1031.47,4,4,Kitchen Towel 2-roll,Kitchen Towel,Towel,160,78,N,2 rolls,Matched,14532.25,8190,0.43642588,14.08887316,5310.78,0.038095238
2024-08-01,Amazon,West,BEC-CLN-002,419,419,77515,8800.27,16147.45,9,9,Dishwash Liquid 750ml,Cleaners,Dishwash,185,88,N,750 ml,Matched,68714.73,36872,0.463404717,4.255453957,15695.28,0.021479714
2024-06-01,D2C,West,BEC-KT-002,205,205,86100,7821.52,5201.74,30,30,Kitchen Towel 6-roll,Kitchen Towel,Towel,420,205,N,6 rolls,Matched,78278.48,42025,0.463134696,15.04851838,31051.74,0.146341463
2024-04-01,Amazon,North,BEC-CMB-001,52,52,36348,8511.99,1783.13,1,1,Home Cleaning Combo,Others,Combo,699,330,Y,4 items,Matched,27836.01,17160,0.383532338,15.61075749,8892.88,0.019230769
2024-06-01,Amazon,North,BEC-CLN-001,580,580,115420,31968.17,23750.98,15,15,Floor Cleaner 1L,Cleaners,Floor Cleaner,199,96,N,1 L,Matched,83451.83,55680,0.332788748,3.51361628,4020.85,0.025862069
2025-05-01,Swiggy Instamart,North,BEC-CMB-001,26,26,18174,1736.9,997.73,0,0,Home Cleaning Combo,Others,Combo,699,330,Y,4 items,Matched,16437.1,8580,0.478010111,16.47449711,6859.37,0
2024-09-01,Swiggy Instamart,West,BEC-CMB-001,26,26,18174,4778.8,775.81,1,1,Home Cleaning Combo,Others,Combo,699,330,Y,4 items,Matched,13395.2,8580,0.35947205,17.26608319,4039.39,0.038461538
2025-05-01,Swiggy Instamart,South,BEC-CMB-001,17,17,11883,1083.64,860.39,0,0,Home Cleaning Combo,Others,Combo,699,330,Y,4 items,Matched,10799.36,5610,0.480524772,12.5517033,4328.97,0
2024-09-01,Swiggy Instamart,South,BEC-BW-001,53,53,11660,2122.04,1373.18,2,2,Compostable Cling Wrap,Bake & Wrap,Wrap,220,118,N,30 m,Matched,9537.96,6254,0.344304233,6.945892017,1910.78,0.037735849
2024-02-01,Swiggy Instamart,South,BEC-KT-002,84,84,35280,5804.93,3069.02,4,4,Kitchen Towel 6-roll,Kitchen Towel,Towel,420,205,N,6 rolls,Matched,29475.07,17220,0.415777469,9.604065793,9186.05,0.047619048
2024-08-01,Zepto,West,BEC-CLN-004,268,268,26532,3340.71,5645.26,12,12,Handwash 250ml,Cleaners,Handwash,99,44,N,250 ml,Matched,23191.29,11792,0.491533244,4.108099538,5754.03,0.044776119
2025-06-01,Blinkit,South,BEC-CLN-003,321,321,95979,7878.47,22193.54,12,12,Laundry Liquid 1L,Cleaners,Laundry,299,150,N,1 L,Matched,88100.53,48150,0.453465263,3.969647474,17756.99,0.037383178
2024-12-01,Zepto,South,BEC-BW-001,75,75,16500,2203.51,1303.99,3,3,Compostable Cling Wrap,Bake & Wrap,Wrap,220,118,N,30 m,Matched,14296.49,8850,0.380966937,10.96365003,4142.5,0.04
2024-09-01,Amazon,West,BEC-KT-002,368,368,154560,7841.77,9581.62,10,10,Kitchen Towel 6-roll,Kitchen Towel,Towel,420,205,N,6 rolls,Matched,146718.23,75440,0.485817134,15.31246595,61696.61,0.027173913
2024-04-01,Flipkart,North,BEC-CMB-001,31,31,21669,1593.34,2040.42,1,1,Home Cleaning Combo,Others,Combo,699,330,Y,4 items,Matched,20075.66,10230,0.490427712,9.838984131,7805.24,0.032258065
2024-10-01,Blinkit,West,BEC-GB-002,320,320,57280,11470.86,5491.36,6,6,Garbage Bag Large 15s,Garbage Bags,Large,179,86,N,15 bags,Matched,45809.14,27520,0.399246526,8.342039131,12797.78,0.01875
2025-05-01,Zepto,North,BEC-CLN-001,346,346,68854,9553,17669.04,19,19,Floor Cleaner 1L,Cleaners,Floor Cleaner,199,96,N,1 L,Matched,59301,33216,0.439874538,3.356209505,8415.96,0.054913295
2024-12-01,Swiggy Instamart,North,BEC-BW-001,87,87,19140,2514.45,920.04,4,4,Compostable Cling Wrap,Bake & Wrap,Wrap,220,118,N,30 m,Matched,16625.55,10266,0.382516669,18.07046433,5439.51,0.045977011
2025-02-01,Amazon,North,BEC-KT-002,413,413,173460,22613.65,8979.7,16,16,Kitchen Towel 6-roll,Kitchen Towel,Towel,420,205,N,6 rolls,Matched,150846.35,84665,0.438733519,16.79859572,57201.65,0.03874092
2024-11-01,D2C,North,BEC-BW-001,62,62,13640,671.58,1915.94,7,7,Compostable Cling Wrap,Bake & Wrap,Wrap,220,118,N,30 m,Matched,12968.42,7316,0.435860344,6.768698393,3736.48,0.112903226
2024-07-01,Zepto,West,BEC-KT-001,162,162,25920,6609.96,2378.78,5,5,Kitchen Towel 2-roll,Kitchen Towel,Towel,160,78,N,2 rolls,Matched,19310.04,12636,0.345625385,8.11762332,4295.26,0.030864198
2024-02-01,Amazon,West,BEC-CLN-002,477,477,88245,12281.9,16647.78,25,25,Dishwash Liquid 750ml,Cleaners,Dishwash,185,88,N,750 ml,Matched,75963.1,41976,0.447415916,4.562956743,17339.32,0.052410901
2025-02-01,Amazon,South,BEC-OTH-001,100,100,14900,1498.96,1222.54,3,3,Bamboo Wet Wipes 72s,Others,Wipes,149,72,N,72 wipes,Matched,13401.04,7200,0.462728266,10.96163725,4978.5,0.03
2024-12-01,Swiggy Instamart,West,BEC-KT-002,194,194,81480,17724.78,6329.48,10,10,Kitchen Towel 6-roll,Kitchen Towel,Towel,420,205,N,6 rolls,Matched,63755.22,39770,0.37620794,10.07274215,17655.74,0.051546392
2024-10-01,D2C,West,BEC-CLN-002,173,173,32005,3561.79,6121.51,28,28,Dishwash Liquid 750ml,Cleaners,Dishwash,185,88,N,750 ml,Matched,28443.21,15224,0.464758021,4.646436909,7097.7,0.161849711
2024-03-01,Blinkit,South,BEC-TIS-002,253,253,45540,8843.48,2006.1,9,9,Bamboo Toilet Roll 4-pack,Tissues,Toilet Roll,180,95,N,4 rolls,Matched,36696.52,24035,0.345033262,18.29246797,10655.42,0.035573123
2024-08-01,D2C,South,BEC-TIS-002,139,139,25020,0,3147.42,21,21,Bamboo Toilet Roll 4-pack,Tissues,Toilet Roll,180,95,N,4 rolls,Matched,25020,13205,0.472222222,7.949368054,8667.58,0.151079137
2024-08-01,Amazon,North,BEC-BW-002,114,114,19950,4367.48,2044.64,2,2,Parchment Paper Roll,Bake & Wrap,Bake,175,92,N,20 m,Matched,15582.52,10488,0.326938133,7.621155802,3049.88,0.01754386
2025-06-01,Amazon,West,BEC-CLN-003,791,791,236509,39699.57,54806.28,36,36,Laundry Liquid 1L,Cleaners,Laundry,299,150,N,1 L,Matched,196809.43,118650,0.397132546,3.591001433,23353.15,0.04551201
2024-06-01,Blinkit,West,BEC-OTH-001,118,118,17582,2975.64,1426.81,5,5,Bamboo Wet Wipes 72s,Others,Wipes,149,72,N,72 wipes,Matched,14606.36,8496,0.418335574,10.23707431,4683.55,0.042372881
2024-05-01,Swiggy Instamart,South,BEC-TIS-001,108,108,10260,2021.13,1219.89,3,3,Bamboo Facial Tissue 100s,Tissues,Facial,95,42,N,100 pulls,Matched,8238.87,4536,0.449439061,6.753781079,2482.98,0.027777778
2024-07-01,Blinkit,South,BEC-CMB-001,38,38,26562,4280.89,1334.22,2,2,Home Cleaning Combo,Others,Combo,699,330,Y,4 items,Matched,22281.11,12540,0.437191415,16.69972718,8406.89,0.052631579
2024-05-01,Swiggy Instamart,North,BEC-CLN-002,141,141,26085,3230.03,4173.45,3,3,Dishwash Liquid 750ml,Cleaners,Dishwash,185,88,N,750 ml,Matched,22854.97,12408,0.45709839,5.47627742,6273.52,0.021276596
2025-05-01,Blinkit,West,BEC-CMB-001,67,67,46833,10666.4,2381.46,2,2,Home Cleaning Combo,Others,Combo,699,330,Y,4 items,Matched,36166.6,22110,0.388662468,15.18673419,11675.14,0.029850746
2024-05-01,D2C,West,BEC-OTH-001,115,115,17135,398.42,2255.81,17,17,Bamboo Wet Wipes 72s,Others,Wipes,149,72,N,72 wipes,Matched,16736.58,8280,0.505275271,7.419321663,6200.77,0.147826087
2025-03-01,Zepto,South,BEC-CMB-001,34,34,23766,4445.92,2098.83,0,0,Home Cleaning Combo,Others,Combo,699,330,Y,4 items,Matched,19320.08,11220,0.419257063,9.205166688,6001.25,0
2024-12-01,Amazon,South,BEC-GB-002,336,336,60144,6812.16,6332.92,13,13,Garbage Bag Large 15s,Garbage Bags,Large,179,86,N,15 bags,Matched,53331.84,28896,0.458184829,8.421366447,18102.92,0.038690476
2024-10-01,Swiggy Instamart,North,BEC-KT-002,113,113,47460,11856.16,3320.66,5,5,Kitchen Towel 6-roll,Kitchen Towel,Towel,420,205,N,6 rolls,Matched,35603.84,23165,0.349367933,10.72191673,9118.18,0.044247788
2025-05-01,Swiggy Instamart,South,BEC-OTH-001,59,59,8791,1078.81,696.47,3,3,Bamboo Wet Wipes 72s,Others,Wipes,149,72,N,72 wipes,Matched,7712.19,4248,0.449183695,11.07325513,2767.72,0.050847458
2024-03-01,Zepto,North,BEC-OTH-001,126,126,18774,4668.86,1377,6,6,Bamboo Wet Wipes 72s,Others,Wipes,149,72,N,72 wipes,Matched,14105.14,9072,0.356830205,10.24338417,3656.14,0.047619048
2025-06-01,Flipkart,West,BEC-KT-001,170,170,27200,2774.5,1585.57,10,10,Kitchen Towel 2-roll,Kitchen Towel,Towel,160,78,N,2 rolls,Matched,24425.5,13260,0.457124726,15.40487017,9579.93,0.058823529
2024-02-01,Flipkart,West,BEC-CMB-001,29,29,20271,5014.63,2215.11,0,0,Home Cleaning Combo,Others,Combo,699,330,Y,4 items,Matched,15256.37,9570,0.372721034,6.887409655,3471.26,0
2024-08-01,D2C,West,BEC-CLN-002,213,213,39405,2757.74,7835.11,22,22,Dishwash Liquid 750ml,Cleaners,Dishwash,185,88,N,750 ml,Matched,36647.26,18744,0.488529293,4.677312763,10068.15,0.103286385
2024-02-01,Swiggy Instamart,West,BEC-GB-002,188,188,33652,6599.26,1728.93,9,9,Garbage Bag Large 15s,Garbage Bags,Large,179,86,N,15 bags,Matched,27052.74,16168,0.40235259,15.64709965,9155.81,0.04787234
2024-03-01,Zepto,North,BEC-CLN-003,265,265,79235,17901.9,12970.55,8,8,Laundry Liquid 1L,Cleaners,Laundry,299,150,N,1 L,Matched,61333.1,39750,0.351899708,4.728642964,8612.55,0.030188679
2024-04-01,Blinkit,West,BEC-TIS-001,290,290,27550,6574.14,1204.41,14,14,Bamboo Facial Tissue 100s,Tissues,Facial,95,42,N,100 pulls,Matched,20975.86,12180,0.419332509,17.41587997,7591.45,0.048275862
2024-09-01,Blinkit,North,BEC-BW-001,126,126,27720,4108.58,3471.09,5,5,Compostable Cling Wrap,Bake & Wrap,Wrap,220,118,N,30 m,Matched,23611.42,14868,0.370304708,6.802307056,5272.33,0.03968254
2024-09-01,Flipkart,West,BEC-GB-002,147,147,26313,4893,1674.65,3,3,Garbage Bag Large 15s,Garbage Bags,Large,179,86,N,15 bags,Matched,21420,12642,0.409803922,12.79073239,7103.35,0.020408163
2024-07-01,Zepto,West,BEC-CLN-002,255,255,47175,10804.7,9730.58,14,14,Dishwash Liquid 750ml,Cleaners,Dishwash,185,88,N,750 ml,Matched,36370.3,22440,0.383013063,3.737731975,4199.72,0.054901961
2024-09-01,D2C,South,BEC-CLN-004,141,141,13959,1231.58,2673,18,18,Handwash 250ml,Cleaners,Handwash,99,44,N,250 ml,Matched,12727.42,6204,0.512548498,4.761473999,3850.42,0.127659574
2024-12-01,Zepto,North,BEC-TIS-002,209,209,37620,8077.75,2806.45,5,5,Bamboo Toilet Roll 4-pack,Tissues,Toilet Roll,180,95,N,4 rolls,Matched,29542.25,19855,0.32791172,10.5265549,6880.8,0.023923445
2025-02-01,Zepto,South,BEC-CLN-004,263,263,26037,3796.9,5839.85,9,9,Handwash 250ml,Cleaners,Handwash,99,44,N,250 ml,Matched,22240.1,11572,0.479678599,3.808334118,4828.25,0.034220532
2025-04-01,Flipkart,South,BEC-CLN-003,266,266,79534,8280.63,23205.47,15,15,Laundry Liquid 1L,Cleaners,Laundry,299,150,N,1 L,Matched,71253.37,39900,0.440026486,3.070541989,8147.9,0.056390977
2024-12-01,Amazon,North,BEC-CLN-001,369,369,73431,21063.64,17194.91,21,21,Floor Cleaner 1L,Cleaners,Floor Cleaner,199,96,N,1 L,Matched,52367.36,35424,0.323548103,3.045515214,-251.55,0.056910569
2024-02-01,Flipkart,North,BEC-KT-001,136,136,21760,5041,1757.62,7,7,Kitchen Towel 2-roll,Kitchen Towel,Towel,160,78,N,2 rolls,Matched,16719,10608,0.365512291,9.512295035,4353.38,0.051470588
2024-03-01,Amazon,West,BEC-CMB-001,60,60,41940,9054.99,2942.6,2,2,Home Cleaning Combo,Others,Combo,699,330,Y,4 items,Matched,32885.01,19800,0.397901962,11.17549446,10142.41,0.033333333
2025-06-01,Swiggy Instamart,South,BEC-KT-001,106,106,16960,3106.72,1637.41,3,3,Kitchen Towel 2-roll,Kitchen Towel,Towel,160,78,N,2 rolls,Matched,13853.28,8268,0.403173833,8.460483324,3947.87,0.028301887
2024-08-01,Swiggy Instamart,South,BEC-TIS-001,84,84,7980,1059.13,417.12,3,3,Bamboo Facial Tissue 100s,Tissues,Facial,95,42,N,100 pulls,Matched,6920.87,3528,0.490237499,16.59203586,2975.75,0.035714286
2024-05-01,Zepto,North,BEC-CLN-003,249,249,74451,11837.81,20594.83,7,7,Laundry Liquid 1L,Cleaners,Laundry,299,150,N,1 L,Matched,62613.19,37350,0.403480321,3.040238254,4668.36,0.02811245
2024-09-01,Amazon,West,BEC-BW-002,188,188,32900,7497.13,3655.13,10,10,Parchment Paper Roll,Bake & Wrap,Bake,175,92,N,20 m,Matched,25402.87,17296,0.319132051,6.949922438,4451.74,0.053191489
2024-12-01,Blinkit,North,BEC-GB-002,202,202,36158,6165.71,2499.25,8,8,Garbage Bag Large 15s,Garbage Bags,Large,179,86,N,15 bags,Matched,29992.29,17372,0.420784475,12.00051615,10121.04,0.03960396
2024-02-01,Blinkit,North,BEC-BW-001,142,142,31240,8840.34,2105.52,5,5,Compostable Cling Wrap,Bake & Wrap,Wrap,220,118,N,30 m,Matched,22399.66,16756,0.251952931,10.6385406,3538.14,0.035211268
2024-04-01,Flipkart,West,BEC-OTH-001,99,99,14751,803.31,1367.92,3,3,Bamboo Wet Wipes 72s,Others,Wipes,149,72,N,72 wipes,Matched,13947.69,7128,0.488947632,10.1962761,5451.77,0.03030303
2024-07-01,D2C,North,BEC-BW-002,67,67,11725,708.23,1349.36,11,11,Parchment Paper Roll,Bake & Wrap,Bake,175,92,N,20 m,Matched,11016.77,6164,0.440489363,8.16444092,3503.41,0.164179104
2024-01-01,Zepto,South,BEC-TIS-002,161,161,28980,1917.99,1444.74,6,6,Bamboo Toilet Roll 4-pack,Tissues,Toilet Roll,180,95,N,4 rolls,Matched,27062.01,15295,0.434816556,18.73140496,10322.27,0.037267081
2024-04-01,Swiggy Instamart,West,BEC-KT-001,193,193,30880,5035.34,2559.41,4,4,Kitchen Towel 2-roll,Kitchen Towel,Towel,160,78,N,2 rolls,Matched,25844.66,15054,0.417519905,10.09789756,8231.25,0.020725389
2025-05-01,Zepto,West,BEC-BW-001,154,154,33880,8821.14,3385.57,5,5,Compostable Cling Wrap,Bake & Wrap,Wrap,220,118,N,30 m,Matched,25058.86,18172,0.274827346,7.401666485,3501.29,0.032467532
2024-06-01,Flipkart,South,BEC-CLN-003,227,227,67873,13697.85,16216.46,9,9,Laundry Liquid 1L,Cleaners,Laundry,299,150,N,1 L,Matched,54175.15,34050,0.371483051,3.340750694,3908.69,0.039647577
2025-04-01,Zepto,North,BEC-KT-002,266,266,111720,28703.47,10027.25,15,15,Kitchen Towel 6-roll,Kitchen Towel,Towel,420,205,N,6 rolls,Matched,83016.53,54530,0.343142866,8.279092473,18459.28,0.056390977
2024-10-01,Blinkit,West,BEC-BW-002,103,103,18025,3296.76,1957.04,3,3,Parchment Paper Roll,Bake & Wrap,Bake,175,92,N,20 m,Matched,14728.24,9476,0.356610158,7.525773617,3295.2,0.029126214
2024-05-01,Zepto,West,BEC-KT-001,257,257,41120,2148.1,3811.78,13,13,Kitchen Towel 2-roll,Kitchen Towel,Towel,160,78,N,2 rolls,Matched,38971.9,20046,0.485629389,10.22406855,15114.12,0.050583658
2024-12-01,Blinkit,South,BEC-OTH-001,82,82,12218,1666.09,722.41,4,4,Bamboo Wet Wipes 72s,Others,Wipes,149,72,N,72 wipes,Matched,10551.91,5904,0.440480444,14.60653922,3925.5,0.048780488
2024-03-01,Swiggy Instamart,North,BEC-TIS-002,131,131,23580,3879.11,1401.73,2,2,Bamboo Toilet Roll 4-pack,Tissues,Toilet Roll,180,95,N,4 rolls,Matched,19700.89,12445,0.36830265,14.0546967,5854.16,0.015267176
2024-04-01,Zepto,South,BEC-CMB-001,23,23,16077,2332.44,1000.37,1,1,Home Cleaning Combo,Others,Combo,699,330,Y,4 items,Matched,13744.56,7590,0.447781522,13.73947639,5154.19,0.043478261
2025-01-01,Amazon,South,BEC-CLN-002,304,304,56240,11065.27,12242.29,13,13,Dishwash Liquid 750ml,Cleaners,Dishwash,185,88,N,750 ml,Matched,45174.73,26752,0.407810517,3.690055537,6180.44,0.042763158
2025-06-01,Flipkart,North,BEC-BW-002,104,104,18200,3778.99,1102.37,4,4,Parchment Paper Roll,Bake & Wrap,Bake,175,92,N,20 m,Matched,14421.01,9568,0.336523586,13.08182371,3750.64,0.038461538
2025-06-01,Flipkart,South,BEC-OTH-001,55,55,8195,2109.84,804.88,1,1,Bamboo Wet Wipes 72s,Others,Wipes,149,72,N,72 wipes,Matched,6085.16,3960,0.349236503,7.560331975,1320.28,0.018181818
2024-12-01,Blinkit,South,BEC-BW-001,80,80,17600,1310.01,1531.47,3,3,Compostable Cling Wrap,Bake & Wrap,Wrap,220,118,N,30 m,Matched,16289.99,9440,0.420503021,10.63683259,5318.52,0.0375
2024-12-01,Blinkit,North,BEC-CLN-004,415,415,41085,9390.2,8732.05,14,14,Handwash 250ml,Cleaners,Handwash,99,44,N,250 ml,Matched,31694.8,18260,0.423880258,3.629708946,4702.75,0.03373494
2024-12-01,Swiggy Instamart,South,BEC-CLN-001,199,199,39601,7101.57,8210.41,10,10,Floor Cleaner 1L,Cleaners,Floor Cleaner,199,96,N,1 L,Matched,32499.43,19104,0.412174306,3.958319986,5185.02,0.050251256
2025-06-01,Flipkart,West,BEC-BW-001,138,138,30360,8631.23,2644.82,7,7,Compostable Cling Wrap,Bake & Wrap,Wrap,220,118,N,30 m,Matched,21728.77,16284,0.250578841,8.215595012,2799.95,0.050724638
2024-12-01,D2C,North,BEC-TIS-002,200,200,36000,4931.31,1864.51,18,18,Bamboo Toilet Roll 4-pack,Tissues,Toilet Roll,180,95,N,4 rolls,Matched,31068.69,19000,0.388451847,16.66319301,10204.18,0.09
2024-10-01,D2C,West,BEC-KT-002,149,149,62580,8187.62,7942.21,13,13,Kitchen Towel 6-roll,Kitchen Towel,Towel,420,205,N,6 rolls,Matched,54392.38,30545,0.438432369,6.848519493,15905.17,0.087248322
2024-03-01,Flipkart,South,BEC-KT-002,153,153,64260,4591.06,4468.73,4,4,Kitchen Towel 6-roll,Kitchen Towel,Towel,420,205,N,6 rolls,Matched,59668.94,31365,0.474349637,13.35254983,23835.21,0.026143791
2024-08-01,D2C,West,BEC-GB-002,161,161,28819,2462.12,2001.88,15,15,Garbage Bag Large 15s,Garbage Bags,Large,179,86,N,15 bags,Matched,26356.88,13846,0.474672268,13.1660639,10509,0.093167702
2025-04-01,Swiggy Instamart,North,BEC-CMB-001,30,30,20970,1903.75,1891.06,0,0,Home Cleaning Combo,Others,Combo,699,330,Y,4 items,Matched,19066.25,9900,0.480757884,10.08230834,7275.19,0
2024-09-01,Amazon,North,BEC-BW-001,179,179,39380,7630.63,2731.26,5,5,Compostable Cling Wrap,Bake & Wrap,Wrap,220,118,N,30 m,Matched,31749.37,21122,0.334726957,11.62444073,7896.11,0.027932961
2024-01-01,Amazon,North,BEC-CLN-001,465,465,92535,17476.2,22929.23,11,11,Floor Cleaner 1L,Cleaners,Floor Cleaner,199,96,N,1 L,Matched,75058.8,44640,0.405266271,3.2734985,7489.57,0.023655914
2024-07-01,Flipkart,North,BEC-TIS-002,176,176,31680,9038.79,1941.6,7,7,Bamboo Toilet Roll 4-pack,Tissues,Toilet Roll,180,95,N,4 rolls,Matched,22641.21,16720,0.261523567,11.66110939,3979.61,0.039772727
2025-03-01,Swiggy Instamart,South,BEC-BW-002,64,64,11200,1586.19,1101.29,2,2,Parchment Paper Roll,Bake & Wrap,Bake,175,92,N,20 m,Matched,9613.81,5888,0.387547705,8.729589845,2624.52,0.03125
2024-06-01,Flipkart,West,BEC-TIS-002,197,197,35460,6431.73,1461.83,4,4,Bamboo Toilet Roll 4-pack,Tissues,Toilet Roll,180,95,N,4 rolls,Matched,29028.27,18715,0.35528366,19.85748685,8851.44,0.020304569
2025-03-01,Swiggy Instamart,South,BEC-KT-001,124,124,19840,1230.13,2628.15,4,4,Kitchen Towel 2-roll,Kitchen Towel,Towel,160,78,N,2 rolls,Matched,18609.87,9672,0.480275789,7.080977113,6309.72,0.032258065
2024-03-01,D2C,North,BEC-CLN-002,259,259,47915,2978.8,12734.73,34,34,Dishwash Liquid 750ml,Cleaners,Dishwash,185,88,N,750 ml,Matched,44936.2,22792,0.492792003,3.528633901,9409.47,0.131274131
2024-11-01,Zepto,West,BEC-OTH-001,123,123,18327,1116.16,1930.45,2,2,Bamboo Wet Wipes 72s,Others,Wipes,149,72,N,72 wipes,Matched,17210.84,8856,0.485440571,8.915454946,6424.39,0.016260163
2024-03-01,Amazon,South,BEC-BW-001,115,115,25300,1933.9,1293.7,5,5,Compostable Cling Wrap,Bake & Wrap,Wrap,220,118,N,30 m,Matched,23366.1,13570,0.419244119,18.06145165,8502.4,0.043478261
2024-01-01,Amazon,South,BEC-CLN-001,460,460,91540,17635.06,21585.18,10,10,Floor Cleaner 1L,Cleaners,Floor Cleaner,199,96,N,1 L,Matched,73904.94,44160,0.402475667,3.423874158,8159.76,0.02173913
2025-01-01,Swiggy Instamart,South,BEC-CLN-003,170,170,50830,2754.5,15094.4,6,6,Laundry Liquid 1L,Cleaners,Laundry,299,150,N,1 L,Matched,48075.5,25500,0.4695843,3.184989135,7481.1,0.035294118
2024-09-01,D2C,West,BEC-GB-001,192,192,28608,997.62,3003.56,24,24,Garbage Bag Medium 30s,Garbage Bags,Medium,149,70,N,30 bags,Matched,27610.38,13440,0.513226547,9.192551506,11166.82,0.125
2025-05-01,Zepto,South,BEC-CMB-001,44,44,30756,7861.84,2901.24,2,2,Home Cleaning Combo,Others,Combo,699,330,Y,4 items,Matched,22894.16,14520,0.365777124,7.891163778,5472.92,0.045454545
2024-07-01,Swiggy Instamart,North,BEC-CLN-001,149,149,29651,4795.69,7287.83,5,5,Floor Cleaner 1L,Cleaners,Floor Cleaner,199,96,N,1 L,Matched,24855.31,14304,0.42450929,3.410522748,3263.48,0.033557047
2025-01-01,Flipkart,West,BEC-OTH-001,98,98,14602,4040.78,1404.09,4,4,Bamboo Wet Wipes 72s,Others,Wipes,149,72,N,72 wipes,Matched,10561.22,7056,0.331895368,7.521754303,2101.13,0.040816327
2025-01-01,Blinkit,West,BEC-CLN-004,570,570,56430,3044.5,16801.16,28,28,Handwash 250ml,Cleaners,Handwash,99,44,N,250 ml,Matched,53385.5,25080,0.530209514,3.177488935,11504.34,0.049122807
2025-04-01,Swiggy Instamart,North,BEC-KT-002,107,107,44940,9948.2,4937.67,2,2,Kitchen Towel 6-roll,Kitchen Towel,Towel,420,205,N,6 rolls,Matched,34991.8,21935,0.37313885,7.086702838,8119.13,0.018691589
2024-11-01,Swiggy Instamart,South,BEC-CLN-004,152,152,15048,2522.81,2780.45,8,8,Handwash 250ml,Cleaners,Handwash,99,44,N,250 ml,Matched,12525.19,6688,0.466036044,4.504734845,3056.74,0.052631579
2025-05-01,Amazon,South,BEC-TIS-002,390,390,70200,19586,3377.66,17,17,Bamboo Toilet Roll 4-pack,Tissues,Toilet Roll,180,95,N,4 rolls,Matched,50614,37050,0.267989094,14.9849304,10186.34,0.043589744
2025-05-01,D2C,North,BEC-CLN-002,206,206,38110,3705.32,11107.84,33,33,Dishwash Liquid 750ml,Cleaners,Dishwash,185,88,N,750 ml,Matched,34404.68,18128,0.473094939,3.097333055,5168.84,0.160194175
2024-08-01,D2C,South,BEC-GB-002,113,113,20227,1805.23,1134.82,12,12,Garbage Bag Large 15s,Garbage Bags,Large,179,86,N,15 bags,Matched,18421.77,9718,0.472471972,16.23320879,7568.95,0.10619469
2025-04-01,Flipkart,North,BEC-CMB-001,45,45,31455,4195.26,3298.97,1,1,Home Cleaning Combo,Others,Combo,699,330,Y,4 items,Matched,27259.74,14850,0.455240586,8.263106364,9110.77,0.022222222
2025-05-01,D2C,North,BEC-BW-002,90,90,15750,1122.46,885.09,11,11,Parchment Paper Roll,Bake & Wrap,Bake,175,92,N,20 m,Matched,14627.54,8280,0.433944464,16.52661311,5462.45,0.122222222
2025-02-01,D2C,South,BEC-KT-001,107,107,17120,2101.16,1511.23,18,18,Kitchen Towel 2-roll,Kitchen Towel,Towel,160,78,N,2 rolls,Matched,15018.84,8346,0.444297962,9.938156336,5161.61,0.168224299
2025-04-01,Flipkart,South,BEC-BW-001,67,67,14740,3648.04,896.92,3,3,Compostable Cling Wrap,Bake & Wrap,Wrap,220,118,N,30 m,Matched,11091.96,7906,0.287231472,12.36672167,2289.04,0.044776119
2024-02-01,Zepto,North,BEC-CLN-001,385,385,76615,13108.63,19486.36,11,11,Floor Cleaner 1L,Cleaners,Floor Cleaner,199,96,N,1 L,Matched,63506.37,36960,0.418011138,3.259016563,7060.01,0.028571429
2025-01-01,Flipkart,West,BEC-KT-002,150,150,63000,6197.44,5624.1,4,4,Kitchen Towel 6-roll,Kitchen Towel,Towel,420,205,N,6 rolls,Matched,56802.56,30750,0.458651159,10.09984886,20428.46,0.026666667
2024-06-01,Zepto,South,BEC-CLN-001,212,212,42188,12402.27,6598.94,12,12,Floor Cleaner 1L,Cleaners,Floor Cleaner,199,96,N,1 L,Matched,29785.73,20352,0.316719785,4.513714324,2834.79,0.056603774
2025-04-01,D2C,South,BEC-CMB-001,19,19,13281,1086.39,1531.94,2,2,Home Cleaning Combo,Others,Combo,699,330,Y,4 items,Matched,12194.61,6270,0.485838415,7.960239957,4392.67,0.105263158
2024-11-01,Amazon,South,BEC-CLN-004,278,278,27522,3065.21,6100.52,14,14,Handwash 250ml,Cleaners,Handwash,99,44,N,250 ml,Matched,24456.79,12232,0.499852597,4.008968088,6124.27,0.050359712
2024-02-01,Flipkart,North,BEC-KT-002,125,125,52500,14762.71,4094.21,4,4,Kitchen Towel 6-roll,Kitchen Towel,Towel,420,205,N,6 rolls,Matched,37737.29,25625,0.320963429,9.217233606,8018.08,0.032
2024-11-01,Amazon,South,BEC-GB-001,291,291,43359,10547.58,2669.5,12,12,Garbage Bag Medium 30s,Garbage Bags,Medium,149,70,N,30 bags,Matched,32811.42,20370,0.379179566,12.29122308,9771.92,0.041237113
2024-03-01,D2C,South,BEC-TIS-001,179,179,17005,612.09,1071.84,19,19,Bamboo Facial Tissue 100s,Tissues,Facial,95,42,N,100 pulls,Matched,16392.91,7518,0.5413871,15.29417637,7803.07,0.106145251
2024-08-01,Flipkart,South,BEC-TIS-002,118,118,21240,2066.04,1423.88,7,7,Bamboo Toilet Roll 4-pack,Tissues,Toilet Roll,180,95,N,4 rolls,Matched,19173.96,11210,0.415352906,13.46599433,6540.08,0.059322034
2025-03-01,Swiggy Instamart,North,BEC-GB-002,199,199,35621,4052.62,4022.41,7,7,Garbage Bag Large 15s,Garbage Bags,Large,179,86,N,15 bags,Matched,31568.38,17114,0.457875254,7.848125875,10431.97,0.035175879
2024-07-01,Blinkit,South,BEC-GB-001,198,198,29502,5057.8,2790.38,9,9,Garbage Bag Medium 30s,Garbage Bags,Medium,149,70,N,30 bags,Matched,24444.2,13860,0.43299433,8.760168866,7793.82,0.045454545
2025-04-01,Flipkart,South,BEC-KT-001,181,181,28960,1967.52,3643.29,9,9,Kitchen Towel 2-roll,Kitchen Towel,Towel,160,78,N,2 rolls,Matched,26992.48,14118,0.476965436,7.40882005,9231.19,0.049723757
2024-03-01,Flipkart,West,BEC-GB-002,222,222,39738,8313.27,2446.7,4,4,Garbage Bag Large 15s,Garbage Bags,Large,179,86,N,15 bags,Matched,31424.73,19092,0.392453014,12.84372011,9886.03,0.018018018
2024-01-01,Flipkart,South,BEC-GB-002,129,129,23091,2083.05,2692.78,7,7,Garbage Bag Large 15s,Garbage Bags,Large,179,86,N,15 bags,Matched,21007.95,11094,0.471914204,7.801584236,7221.17,0.054263566
2024-03-01,Zepto,West,BEC-TIS-002,376,376,67680,13791.22,5157.6,17,17,Bamboo Toilet Roll 4-pack,Tissues,Toilet Roll,180,95,N,4 rolls,Matched,53888.78,35720,0.3371533,10.44842175,13011.18,0.045212766
2025-06-01,Zepto,West,BEC-BW-002,202,202,35350,10286.28,3480.41,9,9,Parchment Paper Roll,Bake & Wrap,Bake,175,92,N,20 m,Matched,25063.72,18584,0.258529859,7.201369954,2999.31,0.044554455
2024-03-01,Swiggy Instamart,North,BEC-CLN-004,233,233,23067,2905.87,3835.26,5,5,Handwash 250ml,Cleaners,Handwash,99,44,N,250 ml,Matched,20161.13,10252,0.491496756,5.256783112,6073.87,0.021459227
2024-04-01,D2C,South,BEC-TIS-001,186,186,17670,2176.36,2080.24,31,31,Bamboo Facial Tissue 100s,Tissues,Facial,95,42,N,100 pulls,Matched,15493.64,7812,0.495793113,7.448005999,5601.4,0.166666667
2024-07-01,Amazon,North,BEC-CLN-004,445,445,44055,11492.09,8379.71,18,18,Handwash 250ml,Cleaners,Handwash,99,44,N,250 ml,Matched,32562.91,19580,0.398702389,3.88592326,4603.2,0.040449438
2024-09-01,Flipkart,South,BEC-CLN-002,169,169,31265,2151.71,8385.95,4,4,Dishwash Liquid 750ml,Cleaners,Dishwash,185,88,N,750 ml,Matched,29113.29,14872,0.489168005,3.471674646,5855.34,0.023668639
2025-03-01,D2C,South,BEC-OTH-001,58,58,8642,1165.82,914.05,7,7,Bamboo Wet Wipes 72s,Others,Wipes,149,72,N,72 wipes,Matched,7476.18,4176,0.441425969,8.17918057,2386.13,0.120689655
2024-07-01,Amazon,South,BEC-CLN-001,377,377,75023,15430.7,19442.78,8,8,Floor Cleaner 1L,Cleaners,Floor Cleaner,199,96,N,1 L,Matched,59592.3,36192,0.392673214,3.065009222,3957.52,0.021220159
2024-07-01,Blinkit,West,BEC-TIS-001,285,285,27075,3401.65,1524.37,6,6,Bamboo Facial Tissue 100s,Tissues,Facial,95,42,N,100 pulls,Matched,23673.35,11970,0.49436814,15.52992384,10178.98,0.021052632
2024-09-01,D2C,South,BEC-GB-001,84,84,12516,285.51,1381.94,10,10,Garbage Bag Medium 30s,Garbage Bags,Medium,149,70,N,30 bags,Matched,12230.49,5880,0.519234307,8.850232282,4968.55,0.119047619
2024-06-01,Swiggy Instamart,North,BEC-TIS-002,182,182,32760,4044.5,2193.62,8,8,Bamboo Toilet Roll 4-pack,Tissues,Toilet Roll,180,95,N,4 rolls,Matched,28715.5,17290,0.397886159,13.09046234,9231.88,0.043956044
2024-11-01,Amazon,South,BEC-CMB-001,34,34,23766,5976.12,1940.34,1,1,Home Cleaning Combo,Others,Combo,699,330,Y,4 items,Matched,17789.88,11220,0.369304346,9.168434398,4629.54,0.029411765
2024-06-01,Blinkit,West,BEC-KT-001,229,229,36640,7499.42,2550.23,8,8,Kitchen Towel 2-roll,Kitchen Towel,Towel,160,78,N,2 rolls,Matched,29140.58,17862,0.38704034,11.42664779,8728.35,0.034934498
2024-12-01,D2C,North,BEC-CLN-002,163,163,30155,876.81,8914.44,21,21,Dishwash Liquid 750ml,Cleaners,Dishwash,185,88,N,750 ml,Matched,29278.19,14344,0.510079004,3.284355495,6019.75,0.128834356
2025-02-01,Swiggy Instamart,South,BEC-OTH-001,65,65,9685,1537.98,1154.47,2,2,Bamboo Wet Wipes 72s,Others,Wipes,149,72,N,72 wipes,Matched,8147.02,4680,0.425556829,7.056935217,2312.55,0.030769231
2024-05-01,Flipkart,South,BEC-KT-002,148,148,62160,13304.38,2871.33,4,4,Kitchen Towel 6-roll,Kitchen Towel,Towel,420,205,N,6 rolls,Matched,48855.62,30340,0.378986491,17.01497912,15644.29,0.027027027
2025-06-01,Zepto,West,BEC-CLN-004,520,520,51480,10170.16,12337.92,18,18,Handwash 250ml,Cleaners,Handwash,99,44,N,250 ml,Matched,41309.84,22880,0.446136804,3.348201318,6091.92,0.034615385
2025-02-01,Swiggy Instamart,South,BEC-KT-001,103,103,16480,3901.09,1788.4,2,2,Kitchen Towel 2-roll,Kitchen Towel,Towel,160,78,N,2 rolls,Matched,12578.91,8034,0.36131191,7.033611049,2756.51,0.019417476
2024-03-01,Swiggy Instamart,South,BEC-CLN-001,193,193,38407,10111.96,6183.6,10,10,Floor Cleaner 1L,Cleaners,Floor Cleaner,199,96,N,1 L,Matched,28295.04,18528,0.345185587,4.575819911,3583.44,0.051813472
2025-03-01,Blinkit,West,BEC-CLN-003,631,631,188669,50865.6,44016.97,35,35,Laundry Liquid 1L,Cleaners,Laundry,299,150,N,1 L,Matched,137803.4,94650,0.313151925,3.130688005,-863.57,0.055467512
2025-05-01,Blinkit,North,BEC-KT-001,292,292,46720,4865.25,4109.82,13,13,Kitchen Towel 2-roll,Kitchen Towel,Towel,160,78,N,2 rolls,Matched,41854.75,22776,0.455832373,10.18408349,14968.93,0.044520548
2024-05-01,D2C,North,BEC-GB-002,154,154,27566,3878.1,2526.87,25,25,Garbage Bag Large 15s,Garbage Bags,Large,179,86,N,15 bags,Matched,23687.9,13244,0.440895985,9.374403907,7917.03,0.162337662
2024-04-01,D2C,North,BEC-KT-001,125,125,20000,1609.6,2236.34,18,18,Kitchen Towel 2-roll,Kitchen Towel,Towel,160,78,N,2 rolls,Matched,18390.4,9750,0.469832086,8.223436508,6404.06,0.144
2024-04-01,Blinkit,South,BEC-CMB-001,29,29,20271,1365.77,1100.6,0,0,Home Cleaning Combo,Others,Combo,699,330,Y,4 items,Matched,18905.23,9570,0.493790872,17.17720334,8234.63,0
2025-05-01,D2C,West,BEC-BW-002,138,138,24150,1928.06,1692.32,16,16,Parchment Paper Roll,Bake & Wrap,Bake,175,92,N,20 m,Matched,22221.94,12696,0.428672744,13.13105087,7833.62,0.115942029
2025-06-01,Zepto,South,BEC-TIS-001,271,271,25745,7661.38,2440.68,7,7,Bamboo Facial Tissue 100s,Tissues,Facial,95,42,N,100 pulls,Matched,18083.62,11382,0.370590623,7.409254798,4260.94,0.025830258
2025-05-01,D2C,South,BEC-CLN-001,205,205,40795,2607.46,7637.47,28,28,Floor Cleaner 1L,Cleaners,Floor Cleaner,199,96,N,1 L,Matched,38187.54,19680,0.484648658,5.000024877,10870.07,0.136585366
2024-12-01,Swiggy Instamart,South,BEC-BW-001,62,62,13640,2524.45,1662.08,2,2,Compostable Cling Wrap,Bake & Wrap,Wrap,220,118,N,30 m,Matched,11115.55,7316,0.341822942,6.687734646,2137.47,0.032258065
2024-07-01,D2C,South,BEC-KT-001,103,103,16480,1375.48,893.16,16,16,Kitchen Towel 2-roll,Kitchen Towel,Towel,160,78,N,2 rolls,Matched,15104.52,8034,0.468106236,16.91132608,6177.36,0.155339806
2024-06-01,Swiggy Instamart,North,BEC-OTH-001,44,44,6556,1011.59,820.81,2,2,Bamboo Wet Wipes 72s,Others,Wipes,149,72,N,72 wipes,Matched,5544.41,3168,0.428613685,6.754803182,1555.6,0.045454545
2025-06-01,Blinkit,West,BEC-KT-002,237,237,99540,29777.95,5945.89,13,13,Kitchen Towel 6-roll,Kitchen Towel,Towel,420,205,N,6 rolls,Matched,69762.05,48585,0.303561177,11.7328188,15231.16,0.054852321
2024-10-01,Amazon,North,BEC-CMB-001,40,40,27960,3801.18,2219.01,0,0,Home Cleaning Combo,Others,Combo,699,330,Y,4 items,Matched,24158.82,13200,0.453615698,10.88720646,8739.81,0
2025-05-01,D2C,West,BEC-BW-002,138,138,24150,1928.06,1692.32,16,16,Parchment Paper Roll,Bake & Wrap,Bake,175,92,N,20 m,Matched,22221.94,12696,0.428672744,13.13105087,7833.62,0.115942029
2024-04-01,Flipkart,South,BEC-GB-001,136,136,20264,5264.1,1110.97,6,6,Garbage Bag Medium 30s,Garbage Bags,Medium,149,70,N,30 bags,Matched,14999.9,9520,0.365329102,13.50162471,4368.93,0.044117647
2024-04-01,Swiggy Instamart,South,BEC-BW-001,76,76,16720,3536.43,793.54,2,2,Compostable Cling Wrap,Bake & Wrap,Wrap,220,118,N,30 m,Matched,13183.57,8968,0.319759367,16.61361746,3422.03,0.026315789
2025-01-01,D2C,South,BEC-CLN-001,217,217,43183,4244.28,7711.85,34,34,Floor Cleaner 1L,Cleaners,Floor Cleaner,199,96,N,1 L,Matched,38938.72,20832,0.465005527,5.049206092,10394.87,0.156682028
2025-06-01,Swiggy Instamart,West,BEC-KT-001,143,143,22880,4566.4,1798.09,4,4,Kitchen Towel 2-roll,Kitchen Towel,Towel,160,78,N,2 rolls,Matched,18313.6,11154,0.390944435,10.18502967,5361.51,0.027972028
2024-08-01,Zepto,West,BEC-CMB-001,47,47,32853,4257.35,1769.81,1,1,Home Cleaning Combo,Others,Combo,699,330,Y,4 items,Matched,28595.65,15510,0.457609811,16.15746888,11315.84,0.021276596
2024-10-01,Amazon,North,BEC-BW-002,154,154,26950,4300.21,2805.55,5,5,Parchment Paper Roll,Bake & Wrap,Bake,175,92,N,20 m,Matched,22649.79,14168,0.374475437,8.073208462,5676.24,0.032467532
2025-06-01,Swiggy Instamart,North,BEC-GB-001,131,131,19519,1838.45,1445.1,6,6,Garbage Bag Medium 30s,Garbage Bags,Medium,149,70,N,30 bags,Matched,17680.55,9170,0.481350976,12.23482804,7065.45,0.045801527
2024-06-01,Blinkit,South,BEC-CLN-001,251,251,49949,10329.34,7725.3,9,9,Floor Cleaner 1L,Cleaners,Floor Cleaner,199,96,N,1 L,Matched,39619.66,24096,0.391817093,5.128559409,7798.36,0.035856574
2024-04-01,Blinkit,South,BEC-CLN-001,273,273,54327,16198.35,7027.19,11,11,Floor Cleaner 1L,Cleaners,Floor Cleaner,199,96,N,1 L,Matched,38128.65,26208,0.312642855,5.425874354,4893.46,0.04029304
2024-08-01,Swiggy Instamart,South,BEC-KT-001,65,65,10400,630.53,1165.35,2,2,Kitchen Towel 2-roll,Kitchen Towel,Towel,160,78,N,2 rolls,Matched,9769.47,5070,0.481036331,8.383292573,3534.12,0.030769231
2024-05-01,Flipkart,West,BEC-BW-002,125,125,21875,5801.59,2336.78,5,5,Parchment Paper Roll,Bake & Wrap,Bake,175,92,N,20 m,Matched,16073.41,11500,0.284532654,6.878443842,2236.63,0.04
2024-06-01,Flipkart,West,BEC-CLN-002,330,330,61050,3556.26,18262.55,14,14,Dishwash Liquid 750ml,Cleaners,Dishwash,185,88,N,750 ml,Matched,57493.74,29040,0.494901532,3.148177007,10191.19,0.042424242
2024-11-01,Flipkart,South,BEC-CLN-003,124,124,37076,6456.17,9023.59,4,4,Laundry Liquid 1L,Cleaners,Laundry,299,150,N,1 L,Matched,30619.83,18600,0.392550514,3.393309093,2996.24,0.032258065
2025-06-01,D2C,North,BEC-BW-001,61,61,13420,802.31,1626.66,10,10,Compostable Cling Wrap,Bake & Wrap,Wrap,220,118,N,30 m,Matched,12617.69,7198,0.429531079,7.75680843,3793.03,0.163934426
2024-11-01,Amazon,North,BEC-KT-002,232,232,97440,14391.51,10277.68,9,9,Kitchen Towel 6-roll,Kitchen Towel,Towel,420,205,N,6 rolls,Matched,83048.49,47560,0.42732252,8.080470495,25210.81,0.038793103
2025-02-01,Amazon,South,BEC-CLN-001,444,444,88356,18020.33,23768.79,11,11,Floor Cleaner 1L,Cleaners,Floor Cleaner,199,96,N,1 L,Matched,70335.67,42624,0.393991697,2.959160731,3942.88,0.024774775
2025-04-01,Flipkart,West,BEC-CLN-004,277,277,27423,7359.7,6684.57,15,15,Handwash 250ml,Cleaners,Handwash,99,44,N,250 ml,Matched,20063.3,12188,0.392522666,3.001434647,1190.73,0.054151625
2024-06-01,D2C,South,BEC-OTH-001,52,52,7748,1080,646.04,6,6,Bamboo Wet Wipes 72s,Others,Wipes,149,72,N,72 wipes,Matched,6668,3744,0.438512298,10.32134233,2277.96,0.115384615
2024-06-01,Swiggy Instamart,South,BEC-GB-001,106,106,15794,4371.76,1297.22,5,5,Garbage Bag Medium 30s,Garbage Bags,Medium,149,70,N,30 bags,Matched,11422.24,7420,0.350390116,8.805167975,2705.02,0.047169811
2025-04-01,D2C,West,BEC-KT-001,163,163,26080,860.72,1724.36,26,26,Kitchen Towel 2-roll,Kitchen Towel,Towel,160,78,N,2 rolls,Matched,25219.28,12714,0.495861896,14.62529866,10780.92,0.159509202
2024-11-01,Blinkit,North,BEC-BW-002,148,148,25900,4596.81,1331.1,6,6,Parchment Paper Roll,Bake & Wrap,Bake,175,92,N,20 m,Matched,21303.19,13616,0.360846897,16.00419953,6356.09,0.040540541
2025-02-01,Flipkart,West,BEC-GB-002,276,276,49404,6206.03,5075.76,11,11,Garbage Bag Large 15s,Garbage Bags,Large,179,86,N,15 bags,Matched,43197.97,23736,0.450529736,8.510640771,14386.21,0.039855072
2024-12-01,Zepto,West,BEC-TIS-001,242,242,22990,4254.64,1687.57,11,11,Bamboo Facial Tissue 100s,Tissues,Facial,95,42,N,100 pulls,Matched,18735.36,10164,0.457496413,11.10197503,6883.79,0.045454545
2024-01-01,Zepto,South,BEC-CLN-003,198,198,59202,6591.26,10760.56,10,10,Laundry Liquid 1L,Cleaners,Laundry,299,150,N,1 L,Matched,52610.74,29700,0.435476483,4.88921952,12150.18,0.050505051
2024-11-01,Swiggy Instamart,North,BEC-CLN-004,171,171,16929,1145.73,4088.6,8,8,Handwash 250ml,Cleaners,Handwash,99,44,N,250 ml,Matched,15783.27,7524,0.523292702,3.860311598,4170.67,0.046783626
2025-05-01,D2C,West,BEC-OTH-001,120,120,17880,1082.17,1182.11,18,18,Bamboo Wet Wipes 72s,Others,Wipes,149,72,N,72 wipes,Matched,16797.83,8640,0.485647849,14.21003967,6975.72,0.15
2024-11-01,Blinkit,North,BEC-CMB-001,44,44,30756,8217.25,3014.24,1,1,Home Cleaning Combo,Others,Combo,699,330,Y,4 items,Matched,22538.75,14520,0.355776163,7.477423828,5004.51,0.022727273
2024-05-01,Blinkit,South,BEC-CLN-004,318,318,31482,4684.63,6748.22,13,13,Handwash 250ml,Cleaners,Handwash,99,44,N,250 ml,Matched,26797.37,13992,0.477859208,3.971027916,6057.15,0.040880503
2024-12-01,D2C,South,BEC-CLN-002,136,136,25160,1417.61,6805.34,15,15,Dishwash Liquid 750ml,Cleaners,Dishwash,185,88,N,750 ml,Matched,23742.39,11968,0.495922694,3.488788216,4969.05,0.110294118
2025-05-01,Swiggy Instamart,South,BEC-BW-002,74,74,12950,2719.39,884.46,2,2,Parchment Paper Roll,Bake & Wrap,Bake,175,92,N,20 m,Matched,10230.61,6808,0.334546034,11.56706917,2538.15,0.027027027
2024-10-01,Blinkit,West,BEC-OTH-001,126,126,18774,4442.67,767.98,6,6,Bamboo Wet Wipes 72s,Others,Wipes,149,72,N,72 wipes,Matched,14331.33,9072,0.366981292,18.6610719,4491.35,0.047619048
2024-10-01,Blinkit,North,BEC-TIS-002,165,165,29700,7475.19,1775.57,9,9,Bamboo Toilet Roll 4-pack,Tissues,Toilet Roll,180,95,N,4 rolls,Matched,22224.81,15675,0.294707131,12.51700017,4774.24,0.054545455
2025-06-01,Zepto,West,BEC-BW-001,141,141,31020,8366.21,2347.06,8,8,Compostable Cling Wrap,Bake & Wrap,Wrap,220,118,N,30 m,Matched,22653.79,16638,0.265553358,9.651985889,3668.73,0.056737589
2024-09-01,Flipkart,West,BEC-KT-002,144,144,60480,15162.24,3635.55,6,6,Kitchen Towel 6-roll,Kitchen Towel,Towel,420,205,N,6 rolls,Matched,45317.76,29520,0.348599754,12.46517308,12162.21,0.041666667
2024-07-01,Zepto,North,BEC-TIS-001,252,252,23940,4391.94,2898.99,5,5,Bamboo Facial Tissue 100s,Tissues,Facial,95,42,N,100 pulls,Matched,19548.06,10584,0.458565198,6.743058789,6065.07,0.01984127
2024-01-01,Zepto,North,BEC-OTH-001,114,114,16986,4309.35,802.06,4,4,Bamboo Wet Wipes 72s,Others,Wipes,149,72,N,72 wipes,Matched,12676.65,8208,0.352510324,15.80511433,3666.59,0.035087719
2024-01-01,Flipkart,North,BEC-CLN-004,250,250,24750,3538.94,4846.78,9,9,Handwash 250ml,Cleaners,Handwash,99,44,N,250 ml,Matched,21211.06,11000,0.481402627,4.376319949,5364.28,0.036
2024-09-01,Zepto,North,BEC-OTH-001,78,78,11622,1571.34,1128.92,4,4,Bamboo Wet Wipes 72s,Others,Wipes,149,72,N,72 wipes,Matched,10050.66,5616,0.441230725,8.902898345,3305.74,0.051282051
2024-11-01,Zepto,North,BEC-CLN-004,313,313,30987,7364.21,5839.47,17,17,Handwash 250ml,Cleaners,Handwash,99,44,N,250 ml,Matched,23622.79,13772,0.417003665,4.045365418,4011.32,0.054313099
2024-08-01,Blinkit,South,BEC-CMB-001,29,29,20271,5928.72,1064.92,1,1,Home Cleaning Combo,Others,Combo,699,330,Y,4 items,Matched,14342.28,9570,0.332742074,13.46794125,3707.36,0.034482759
2024-12-01,Swiggy Instamart,North,BEC-GB-001,101,101,15049,1729.39,701.95,5,5,Garbage Bag Medium 30s,Garbage Bags,Medium,149,70,N,30 bags,Matched,13319.61,7070,0.469203678,18.97515493,5547.66,0.04950495
2024-06-01,Flipkart,South,BEC-GB-001,105,105,15645,4209.13,1278.85,5,5,Garbage Bag Medium 30s,Garbage Bags,Medium,149,70,N,30 bags,Matched,11435.87,7350,0.357285454,8.942307542,2807.02,0.047619048
2024-12-01,Swiggy Instamart,South,BEC-OTH-001,56,56,8344,2303.9,851.11,3,3,Bamboo Wet Wipes 72s,Others,Wipes,149,72,N,72 wipes,Matched,6040.1,4032,0.332461383,7.096732502,1156.99,0.053571429
2024-03-01,Swiggy Instamart,West,BEC-KT-002,205,205,86100,10443.31,11162.8,10,10,Kitchen Towel 6-roll,Kitchen Towel,Towel,420,205,N,6 rolls,Matched,75656.69,42025,0.444530285,6.777572831,22468.89,0.048780488
2024-06-01,D2C,South,BEC-TIS-002,96,96,17280,2009,1204.48,14,14,Bamboo Toilet Roll 4-pack,Tissues,Toilet Roll,180,95,N,4 rolls,Matched,15271,9120,0.402789601,12.67850027,4946.52,0.145833333
2025-02-01,Zepto,South,BEC-OTH-001,69,69,10281,1656.74,594.87,2,2,Bamboo Wet Wipes 72s,Others,Wipes,149,72,N,72 wipes,Matched,8624.26,4968,0.423950577,14.49772219,3061.39,0.028985507
2025-06-01,D2C,North,BEC-KT-002,121,121,50820,3386.17,4907.87,15,15,Kitchen Towel 6-roll,Kitchen Towel,Towel,420,205,N,6 rolls,Matched,47433.83,24805,0.477060992,9.664850536,17720.96,0.123966942
2024-09-01,Zepto,North,BEC-CMB-001,34,34,23766,2762.2,1417.16,1,1,Home Cleaning Combo,Others,Combo,699,330,Y,4 items,Matched,21003.8,11220,0.465810948,14.82105055,8366.64,0.029411765
2024-04-01,Zepto,North,BEC-CMB-001,39,39,27261,6267.64,2596.95,1,1,Home Cleaning Combo,Others,Combo,699,330,Y,4 items,Matched,20993.36,12870,0.386949016,8.083852211,5526.41,0.025641026
2025-05-01,Blinkit,North,BEC-OTH-001,103,103,15347,2889.21,738.92,3,3,Bamboo Wet Wipes 72s,Others,Wipes,149,72,N,72 wipes,Matched,12457.79,7416,0.404709824,16.85945705,4302.87,0.029126214
2025-05-01,Swiggy Instamart,North,BEC-BW-001,84,84,18480,3008.98,1783.97,2,2,Compostable Cling Wrap,Bake & Wrap,Wrap,220,118,N,30 m,Matched,15471.02,9912,0.359318261,8.672242246,3775.05,0.023809524
2024-03-01,Flipkart,West,BEC-CLN-002,296,296,54760,13484.84,12173.62,16,16,Dishwash Liquid 750ml,Cleaners,Dishwash,185,88,N,750 ml,Matched,41275.16,26048,0.368918255,3.390541187,3053.54,0.054054054
2024-09-01,Amazon,South,BEC-CMB-001,44,44,30756,3834.68,1494.83,1,1,Home Cleaning Combo,Others,Combo,699,330,Y,4 items,Matched,26921.32,14520,0.460650518,18.00961982,10906.49,0.022727273
2025-01-01,Blinkit,West,BEC-CLN-003,632,632,188968,41979.35,49581.86,21,21,Laundry Liquid 1L,Cleaners,Laundry,299,150,N,1 L,Matched,146988.65,94800,0.355052244,2.964565065,2606.79,0.033227848
2025-06-01,D2C,North,BEC-GB-001,199,199,29651,2303.73,2284.49,19,19,Garbage Bag Medium 30s,Garbage Bags,Medium,149,70,N,30 bags,Matched,27347.27,13930,0.490625572,11.97084251,11132.78,0.095477387
2024-07-01,D2C,West,BEC-GB-001,175,175,26075,2845.07,2436.02,28,28,Garbage Bag Medium 30s,Garbage Bags,Medium,149,70,N,30 bags,Matched,23229.93,12250,0.472663069,9.536017767,8543.91,0.16
2025-06-01,Amazon,West,BEC-CLN-004,630,630,62370,17244.56,11127.57,35,35,Handwash 250ml,Cleaners,Handwash,99,44,N,250 ml,Matched,45125.44,27720,0.385712361,4.05528251,6277.87,0.055555556
2024-09-01,Amazon,South,BEC-OTH-001,87,87,12963,3136.95,1108.39,2,2,Bamboo Wet Wipes 72s,Others,Wipes,149,72,N,72 wipes,Matched,9826.05,6264,0.362510877,8.865155766,2453.66,0.022988506
2024-11-01,Flipkart,North,BEC-KT-001,125,125,20000,3509.98,1683.59,3,3,Kitchen Towel 2-roll,Kitchen Towel,Towel,160,78,N,2 rolls,Matched,16490.02,9750,0.408733282,9.794558057,5056.43,0.024
2025-02-01,Flipkart,West,BEC-BW-002,152,152,26600,1914.45,2640.97,6,6,Parchment Paper Roll,Bake & Wrap,Bake,175,92,N,20 m,Matched,24685.55,13984,0.433514749,9.347152751,8060.58,0.039473684
2024-05-01,Blinkit,South,BEC-KT-001,140,140,22400,3046.87,2562.88,7,7,Kitchen Towel 2-roll,Kitchen Towel,Towel,160,78,N,2 rolls,Matched,19353.13,10920,0.435750186,7.55132117,5870.25,0.05
2025-06-01,Flipkart,West,BEC-BW-002,100,100,17500,1657.29,1829.61,4,4,Parchment Paper Roll,Bake & Wrap,Bake,175,92,N,20 m,Matched,15842.71,9200,0.41929127,8.659063954,4813.1,0.04
2024-12-01,Flipkart,West,BEC-TIS-001,219,219,20805,1620.91,2089.35,9,9,Bamboo Facial Tissue 100s,Tissues,Facial,95,42,N,100 pulls,Matched,19184.09,9198,0.520540198,9.181846029,7896.74,0.04109589
2024-08-01,Flipkart,West,BEC-TIS-001,173,173,16435,4697.71,1122.88,7,7,Bamboo Facial Tissue 100s,Tissues,Facial,95,42,N,100 pulls,Matched,11737.29,7266,0.380947391,10.45284447,3348.41,0.040462428
2025-04-01,Swiggy Instamart,South,BEC-GB-001,139,139,20711,3391.8,1391.28,5,5,Garbage Bag Medium 30s,Garbage Bags,Medium,149,70,N,30 bags,Matched,17319.2,9730,0.43819576,12.44839285,6197.92,0.035971223
2024-01-01,Blinkit,West,BEC-GB-001,244,244,36356,9860.19,3039.52,5,5,Garbage Bag Medium 30s,Garbage Bags,Medium,149,70,N,30 bags,Matched,26495.81,17080,0.355369774,8.717103358,6376.29,0.020491803
2025-04-01,Swiggy Instamart,South,BEC-CLN-004,173,173,17127,4470.8,3013.24,3,3,Handwash 250ml,Cleaners,Handwash,99,44,N,250 ml,Matched,12656.2,7612,0.398555649,4.200196466,2030.96,0.01734104
2024-04-01,Zepto,West,BEC-TIS-001,316,316,30020,7502.34,1361.43,9,9,Bamboo Facial Tissue 100s,Tissues,Facial,95,42,N,100 pulls,Matched,22517.66,13272,0.41059595,16.53971192,7884.23,0.028481013
2024-05-01,Amazon,West,BEC-CLN-004,511,511,50589,10452.67,9955.25,30,30,Handwash 250ml,Cleaners,Handwash,99,44,N,250 ml,Matched,40136.33,22484,0.43980927,4.031674744,7697.08,0.058708415
2025-04-01,Flipkart,West,BEC-CLN-002,449,449,83065,4502.28,19232.29,25,25,Dishwash Liquid 750ml,Cleaners,Dishwash,185,88,N,750 ml,Matched,78562.72,39512,0.497064256,4.084938403,19818.43,0.055679287
2024-10-01,Zepto,West,BEC-CLN-003,360,360,107640,22819.08,27983.39,13,13,Laundry Liquid 1L,Cleaners,Laundry,299,150,N,1 L,Matched,84820.92,54000,0.363364604,3.031116673,2837.53,0.036111111
2024-04-01,Amazon,West,BEC-CLN-001,686,686,136514,37787.51,27035.62,25,25,Floor Cleaner 1L,Cleaners,Floor Cleaner,199,96,N,1 L,Matched,98726.49,65856,0.332944988,3.651719102,5834.87,0.036443149
2025-05-01,Swiggy Instamart,West,BEC-CLN-001,207,207,41193,3499.49,7637.32,10,10,Floor Cleaner 1L,Cleaners,Floor Cleaner,199,96,N,1 L,Matched,37693.51,19872,0.47280049,4.935436776,10184.19,0.048309179
2025-04-01,Blinkit,South,BEC-CLN-003,427,427,127673,29311.8,25735.36,13,13,Laundry Liquid 1L,Cleaners,Laundry,299,150,N,1 L,Matched,98361.2,64050,0.348828603,3.822025416,8575.84,0.030444965
2025-04-01,D2C,North,BEC-CLN-002,209,209,38665,4922.14,10377.4,26,26,Dishwash Liquid 750ml,Cleaners,Dishwash,185,88,N,750 ml,Matched,33742.86,18392,0.454936541,3.251571685,4973.46,0.124401914
2025-05-01,Flipkart,West,BEC-CLN-003,419,419,125281,21826.1,23774.07,18,18,Laundry Liquid 1L,Cleaners,Laundry,299,150,N,1 L,Matched,103454.9,62850,0.392488901,4.351585572,16830.83,0.042959427
2024-11-01,Swiggy Instamart,West,BEC-KT-002,130,130,54600,10648.65,3786.77,3,3,Kitchen Towel 6-roll,Kitchen Towel,Towel,420,205,N,6 rolls,Matched,43951.35,26650,0.393647749,11.60655387,13514.58,0.023076923
2024-07-01,Amazon,North,BEC-GB-001,342,342,50958,14571.55,2836.21,19,19,Garbage Bag Medium 30s,Garbage Bags,Medium,149,70,N,30 bags,Matched,36386.45,23940,0.342062773,12.82925101,9610.24,0.055555556
2024-09-01,D2C,West,BEC-CLN-003,286,286,85514,7022.36,19732.21,26,26,Laundry Liquid 1L,Cleaners,Laundry,299,150,N,1 L,Matched,78491.64,42900,0.453444978,3.977843333,15859.43,0.090909091
2024-12-01,Flipkart,North,BEC-CLN-003,212,212,63388,13847.99,9520.92,11,11,Laundry Liquid 1L,Cleaners,Laundry,299,150,N,1 L,Matched,49540.01,31800,0.358094599,5.203279725,8219.09,0.051886792
2024-03-01,Blinkit,North,BEC-CMB-001,55,55,38445,8491.86,3167.28,2,2,Home Cleaning Combo,Others,Combo,699,330,Y,4 items,Matched,29953.14,18150,0.394053512,9.457054634,8635.86,0.036363636
2025-02-01,Amazon,North,BEC-CLN-004,471,471,46629,3252.29,8733.17,12,12,Handwash 250ml,Cleaners,Handwash,99,44,N,250 ml,Matched,43376.71,20724,0.522232092,4.966891747,13919.54,0.025477707
2025-05-01,Zepto,South,BEC-GB-002,198,198,35442,2063.01,3513.94,11,11,Garbage Bag Large 15s,Garbage Bags,Large,179,86,N,15 bags,Matched,33378.99,17028,0.48985874,9.499021042,12837.05,0.055555556
2025-04-01,Flipkart,West,BEC-GB-001,214,214,31886,2063.51,3281.03,8,8,Garbage Bag Medium 30s,Garbage Bags,Medium,149,70,N,30 bags,Matched,29822.49,14980,0.497694525,9.089368278,11561.46,0.037383178
2025-03-01,Blinkit,South,BEC-CLN-004,240,240,23760,5089.61,4974.37,13,13,Handwash 250ml,Cleaners,Handwash,99,44,N,250 ml,Matched,18670.39,10560,0.434398532,3.753317506,3136.02,0.054166667
2024-12-01,D2C,West,BEC-BW-002,81,81,14175,0,1586.3,11,11,Parchment Paper Roll,Bake & Wrap,Bake,175,92,N,20 m,Matched,14175,7452,0.474285714,8.935888546,5136.7,0.135802469
2025-05-01,Amazon,South,BEC-CMB-001,65,65,45435,3107.22,3610.79,1,1,Home Cleaning Combo,Others,Combo,699,330,Y,4 items,Matched,42327.78,21450,0.493240609,11.72258148,17266.99,0.015384615
2025-04-01,Swiggy Instamart,South,BEC-GB-001,139,139,20711,3391.8,1391.28,5,5,Garbage Bag Medium 30s,Garbage Bags,Medium,149,70,N,30 bags,Matched,17319.2,9730,0.43819576,12.44839285,6197.92,0.035971223
2024-03-01,D2C,West,BEC-KT-002,208,208,87360,9822.56,7620.31,19,19,Kitchen Towel 6-roll,Kitchen Towel,Towel,420,205,N,6 rolls,Matched,77537.44,42640,0.45007212,10.17510311,27277.13,0.091346154
2024-12-01,Zepto,South,BEC-GB-001,194,194,28906,6227.75,1194.44,11,11,Garbage Bag Medium 30s,Garbage Bags,Medium,149,70,N,30 bags,Matched,22678.25,13580,0.401188363,18.98651251,7903.81,0.056701031
2024-11-01,D2C,North,BEC-GB-001,168,168,25032,2274.81,3254.64,20,20,Garbage Bag Medium 30s,Garbage Bags,Medium,149,70,N,30 bags,Matched,22757.19,11760,0.483240242,6.992229555,7742.55,0.119047619
2024-10-01,Amazon,South,BEC-KT-002,148,148,62160,9910.92,3037.41,4,4,Kitchen Towel 6-roll,Kitchen Towel,Towel,420,205,N,6 rolls,Matched,52249.08,30340,0.419319919,17.20185289,18871.67,0.027027027
2024-08-01,Amazon,South,BEC-CLN-003,365,365,109135,29110.49,19330.17,11,11,Laundry Liquid 1L,Cleaners,Laundry,299,150,N,1 L,Matched,80024.51,54750,0.315834611,4.139876162,5944.34,0.030136986
2025-04-01,Blinkit,South,BEC-GB-001,206,206,30694,5865.03,1285.32,11,11,Garbage Bag Medium 30s,Garbage Bags,Medium,149,70,N,30 bags,Matched,24828.97,14420,0.419226814,19.3173451,9123.65,0.053398058
2024-10-01,Flipkart,West,BEC-CMB-001,40,40,27960,3123.26,3233.36,0,0,Home Cleaning Combo,Others,Combo,699,330,Y,4 items,Matched,24836.74,13200,0.468529284,7.681402628,8403.38,0
2025-03-01,Amazon,South,BEC-TIS-002,293,293,52740,3288.57,6784.96,8,8,Bamboo Toilet Roll 4-pack,Tissues,Toilet Roll,180,95,N,4 rolls,Matched,49451.43,27835,0.437124467,7.28838932,14831.47,0.027303754
2024-07-01,Flipkart,West,BEC-TIS-002,185,185,33300,9414.38,1315.86,6,6,Bamboo Toilet Roll 4-pack,Tissues,Toilet Roll,180,95,N,4 rolls,Matched,23885.62,17575,0.264201641,18.15209825,4994.76,0.032432432
2025-05-01,D2C,West,BEC-CMB-001,50,50,34950,3934.84,3310.71,8,8,Home Cleaning Combo,Others,Combo,699,330,Y,4 items,Matched,31015.16,16500,0.4680021,9.368129495,11204.45,0.16
2024-11-01,Flipkart,North,BEC-GB-002,176,176,31504,2847.8,2016.19,9,9,Garbage Bag Large 15s,Garbage Bags,Large,179,86,N,15 bags,Matched,28656.2,15136,0.471807148,14.2130454,11504.01,0.051136364
2024-06-01,Amazon,North,BEC-BW-001,180,180,39600,8893.09,2578.53,7,7,Compostable Cling Wrap,Bake & Wrap,Wrap,220,118,N,30 m,Matched,30706.91,21240,0.308299012,11.90868828,6888.38,0.038888889
2025-04-01,D2C,West,BEC-KT-002,222,222,93240,12212.35,11015.9,27,27,Kitchen Towel 6-roll,Kitchen Towel,Towel,420,205,N,6 rolls,Matched,81027.65,45510,0.438339875,7.355517933,24501.75,0.121621622
2024-07-01,Blinkit,South,BEC-BW-002,116,116,20300,4885.31,1199.19,3,3,Parchment Paper Roll,Bake & Wrap,Bake,175,92,N,20 m,Matched,15414.69,10672,0.307673395,12.85425162,3543.5,0.025862069
2024-12-01,Blinkit,West,BEC-CLN-002,415,415,76775,17328.28,12583.06,13,13,Dishwash Liquid 750ml,Cleaners,Dishwash,185,88,N,750 ml,Matched,59446.72,36520,0.385668377,4.724345271,10343.66,0.031325301
2024-11-01,Flipkart,South,BEC-CLN-001,139,139,27661,4825.85,6768.14,3,3,Floor Cleaner 1L,Cleaners,Floor Cleaner,199,96,N,1 L,Matched,22835.15,13344,0.415637734,3.373918093,2723.01,0.021582734
2025-03-01,D2C,West,BEC-CLN-004,432,432,42768,2790.64,8977.5,56,56,Handwash 250ml,Cleaners,Handwash,99,44,N,250 ml,Matched,39977.36,19008,0.524530884,4.453061543,11991.86,0.12962963
2025-06-01,D2C,West,BEC-CLN-001,332,332,66068,8565.68,12722.8,39,39,Floor Cleaner 1L,Cleaners,Floor Cleaner,199,96,N,1 L,Matched,57502.32,31872,0.445726712,4.519627755,12907.52,0.11746988
2025-04-01,Zepto,North,BEC-CLN-003,405,405,121095,28986.37,20727.61,19,19,Laundry Liquid 1L,Cleaners,Laundry,299,150,N,1 L,Matched,92108.63,60750,0.340452681,4.443765104,10631.02,0.04691358
2024-10-01,Blinkit,South,BEC-CLN-001,273,273,54327,12172.97,13568.86,10,10,Floor Cleaner 1L,Cleaners,Floor Cleaner,199,96,N,1 L,Matched,42154.03,26208,0.378280084,3.1066744,2377.17,0.036630037
2024-11-01,D2C,West,BEC-TIS-002,223,223,40140,1346.63,5346.66,35,35,Bamboo Toilet Roll 4-pack,Tissues,Toilet Roll,180,95,N,4 rolls,Matched,38793.37,21185,0.45390153,7.255626877,12261.71,0.156950673
2024-08-01,Blinkit,West,BEC-CLN-003,299,299,89401,24373.75,18611.33,10,10,Laundry Liquid 1L,Cleaners,Laundry,299,150,N,1 L,Matched,65027.25,44850,0.310289148,3.493960399,1565.92,0.033444816
2024-01-01,Amazon,North,BEC-TIS-002,444,444,79920,14320.88,8705.92,24,24,Bamboo Toilet Roll 4-pack,Tissues,Toilet Roll,180,95,N,4 rolls,Matched,65599.12,42180,0.35700357,7.53500147,14713.2,0.054054054
2025-05-01,Zepto,North,BEC-GB-001,199,199,29651,2727.46,2405.22,11,11,Garbage Bag Medium 30s,Garbage Bags,Medium,149,70,N,30 bags,Matched,26923.54,13930,0.482608899,11.19379516,10588.32,0.055276382
2025-06-01,Amazon,West,BEC-CLN-001,644,644,128156,12536.46,31713.54,35,35,Floor Cleaner 1L,Cleaners,Floor Cleaner,199,96,N,1 L,Matched,115619.54,61824,0.465280696,3.645746895,22082,0.054347826
2024-04-01,Zepto,West,BEC-TIS-002,417,417,75060,9582.69,8978.15,19,19,Bamboo Toilet Roll 4-pack,Tissues,Toilet Roll,180,95,N,4 rolls,Matched,65477.31,39615,0.394981254,7.292962359,16884.16,0.045563549
2024-10-01,Flipkart,North,BEC-CLN-004,178,178,17622,1511.61,3251.73,3,3,Handwash 250ml,Cleaners,Handwash,99,44,N,250 ml,Matched,16110.39,7832,0.513854103,4.954405809,5026.66,0.016853933
2024-02-01,D2C,South,BEC-CLN-004,193,193,19107,1442.77,3205.92,27,27,Handwash 250ml,Cleaners,Handwash,99,44,N,250 ml,Matched,17664.23,8492,0.519254448,5.5098786,5966.31,0.139896373
2025-05-01,D2C,West,BEC-CLN-003,302,302,90298,4326.17,27965.89,39,39,Laundry Liquid 1L,Cleaners,Laundry,299,150,N,1 L,Matched,85971.83,45300,0.473083218,3.074167495,12705.94,0.129139073
2024-04-01,Swiggy Instamart,West,BEC-OTH-001,73,73,10877,2662.83,1163.62,3,3,Bamboo Wet Wipes 72s,Others,Wipes,149,72,N,72 wipes,Matched,8214.17,5256,0.360130117,7.059151613,1794.55,0.04109589
2025-03-01,Swiggy Instamart,West,BEC-KT-001,153,153,24480,5137.12,1760.76,8,8,Kitchen Towel 2-roll,Kitchen Towel,Towel,160,78,N,2 rolls,Matched,19342.88,11934,0.383028794,10.98552898,5648.12,0.052287582
2025-05-01,D2C,West,BEC-BW-001,93,93,20460,1769.9,2776.23,12,12,Compostable Cling Wrap,Bake & Wrap,Wrap,220,118,N,30 m,Matched,18690.1,10974,0.412844233,6.732187175,4939.87,0.129032258
2024-01-01,D2C,West,BEC-OTH-001,96,96,14304,477.19,1727.65,9,9,Bamboo Wet Wipes 72s,Others,Wipes,149,72,N,72 wipes,Matched,13826.81,6912,0.500101614,8.003247185,5187.16,0.09375
2024-02-01,Blinkit,South,BEC-BW-001,75,75,16500,3901.33,1876.86,2,2,Compostable Cling Wrap,Bake & Wrap,Wrap,220,118,N,30 m,Matched,12598.67,8850,0.2975449,6.712631736,1871.81,0.026666667
2025-03-01,Swiggy Instamart,West,BEC-GB-001,240,240,35760,7740.02,1623.36,14,14,Garbage Bag Medium 30s,Garbage Bags,Medium,149,70,N,30 bags,Matched,28019.98,16800,0.400427838,17.26048443,9596.62,0.058333333
2025-04-01,D2C,West,BEC-BW-001,138,138,30360,3041.46,2123.24,21,21,Compostable Cling Wrap,Bake & Wrap,Wrap,220,118,N,30 m,Matched,27318.54,16284,0.403921293,12.86643997,8911.3,0.152173913
2024-03-01,D2C,South,BEC-OTH-001,41,41,6109,592.95,530.94,5,5,Bamboo Wet Wipes 72s,Others,Wipes,149,72,N,72 wipes,Matched,5516.05,2952,0.464834438,10.38921535,2033.11,0.12195122
2025-06-01,Amazon,North,BEC-BW-001,156,156,34320,7469.64,3609.42,7,7,Compostable Cling Wrap,Bake & Wrap,Wrap,220,118,N,30 m,Matched,26850.36,18408,0.3144226,7.438968034,4832.94,0.044871795
2024-03-01,Amazon,West,BEC-OTH-001,218,218,32482,6184.62,3622.62,9,9,Bamboo Wet Wipes 72s,Others,Wipes,149,72,N,72 wipes,Matched,26297.38,15696,0.403134457,7.259215706,6978.76,0.041284404
2024-04-01,Flipkart,South,BEC-CMB-001,210,210,14679,2182.85,639.91,0,0,Home Cleaning Combo,Others,Combo,699,330,Y,4 items,Matched,12496.15,69300,-4.545708078,19.5279805,-57443.76,0
2025-02-01,Blinkit,West,BEC-KT-001,366,366,58560,9447.65,2655.42,17,17,Kitchen Towel 2-roll,Kitchen Towel,Towel,160,78,N,2 rolls,Matched,49112.35,28548,0.418720546,18.49513448,17908.93,0.046448087
2025-02-01,Amazon,West,BEC-CLN-004,659,659,65241,6389.44,13340.48,31,31,Handwash 250ml,Cleaners,Handwash,99,44,N,250 ml,Matched,58851.56,28996,0.50730278,4.411502435,16515.08,0.047040971
2024-12-01,Swiggy Instamart,North,BEC-KT-001,139,139,22240,4933.16,1166.07,5,5,Kitchen Towel 2-roll,Kitchen Towel,Towel,160,78,N,2 rolls,Matched,17306.84,10842,0.373542484,14.84202492,5298.77,0.035971223
2024-11-01,Swiggy Instamart,South,BEC-BW-001,60,60,13200,2331.79,943.45,2,2,Compostable Cling Wrap,Bake & Wrap,Wrap,220,118,N,30 m,Matched,10868.21,7080,0.348558778,11.51964598,2844.76,0.033333333
2024-08-01,Swiggy Instamart,West,BEC-KT-002,166,166,69720,3623.25,6299.02,7,7,Kitchen Towel 6-roll,Kitchen Towel,Towel,420,205,N,6 rolls,Matched,66096.75,34030,0.485148665,10.49317989,25767.73,0.042168675
2024-05-01,D2C,North,BEC-BW-002,88,88,15400,1264.98,1603.27,11,11,Parchment Paper Roll,Bake & Wrap,Bake,175,92,N,20 m,Matched,14135.02,8096,0.427238165,8.816369046,4435.75,0.125
2025-06-01,Swiggy Instamart,South,BEC-CLN-001,144,144,28656,3051.25,5098.16,7,7,Floor Cleaner 1L,Cleaners,Floor Cleaner,199,96,N,1 L,Matched,25604.75,13824,0.460100177,5.022351201,6682.59,0.048611111
2024-11-01,Amazon,North,BEC-GB-001,226,226,33674,5652.46,4178.26,10,10,Garbage Bag Medium 30s,Garbage Bags,Medium,149,70,N,30 bags,Matched,28021.54,15820,0.435434312,6.706509408,8023.28,0.044247788
2024-02-01,Blinkit,North,BEC-XXX-999,141,141,24675,2924.68,2688.19,6,6,,,,,,,,Unmatched - Review,21750.32,,,8.091064992,,0.042553191
2024-05-01,Zepto,West,BEC-BW-001,156,156,34320,7130.63,0,5,5,Compostable Cling Wrap,Bake & Wrap,Wrap,220,118,N,30 m,Matched,27189.37,18408,0.322970705,,8781.37,0.032051282
2024-05-01,Blinkit,West,BEC-TIS-002,357,357,64260,6704.93,8019.58,8,8,Bamboo Toilet Roll 4-pack,Tissues,Toilet Roll,180,95,N,4 rolls,Matched,57555.07,33915,0.410738272,7.176818487,15620.49,0.022408964
2025-02-01,Amazon,North,UNKNOWN,145,145,21605,4754.84,1137.35,8,8,,,,,,,,Unmatched - Review,16850.16,,,14.81528114,,0.055172414
2024-06-01,D2C,North,BEC-KT-001,162,162,25920,3513.13,2130.46,15,15,Kitchen Towel 2-roll,Kitchen Towel,Towel,160,78,N,2 rolls,Matched,22406.87,12636,0.436065814,10.51738592,7640.41,0.092592593
2024-02-01,Amazon,West,BEC-GB-001,332,332,49468,10129.55,2627.34,10,10,Garbage Bag Medium 30s,Garbage Bags,Medium,149,70,N,30 bags,Matched,39338.45,23240,0.409229393,14.97272907,13471.11,0.030120482
2024-09-01,Zepto,North,BEC-CLN-001,184,184,36616,5535.23,9736.47,10,10,Floor Cleaner 1L,Cleaners,Floor Cleaner,199,96,N,1 L,Matched,31080.77,17664,0.431674312,3.192201075,3680.3,0.054347826
2024-12-01,Swiggy Instamart,North,BEC-CMB-001,18,18,12582,1463.25,1414.88,0,0,Home Cleaning Combo,Others,Combo,699,330,Y,4 items,Matched,11118.75,5940,0.465767285,7.858440292,3763.87,0
2024-12-01,D2C,West,BEC-KT-001,180,180,28800,2591.27,3719.9,25,25,Kitchen Towel 2-roll,Kitchen Towel,Towel,160,78,N,2 rolls,Matched,26208.73,14040,0.464300636,7.045546923,8448.83,0.138888889
2024-04-01,Amazon,South,BEC-CLN-003,382,382,114218,18450.67,24640.16,8,8,Laundry Liquid 1L,Cleaners,Laundry,299,150,N,1 L,Matched,95767.33,57300,0.401674872,3.886635882,13827.17,0.020942408
2024-09-01,Zepto,West,BEC-CMB-001,37,37,25863,4419.84,2972.17,1,1,Home Cleaning Combo,Others,Combo,699,330,Y,4 items,Matched,21443.16,12210,0.430587656,7.214647884,6260.99,0.027027027
2024-06-01,Swiggy Instamart,South,BEC-CLN-001,115,115,22885,4416.16,3716.28,6,6,Floor Cleaner 1L,Cleaners,Floor Cleaner,199,96,N,1 L,Matched,18468.84,11040,0.402236415,4.969711647,3712.56,0.052173913
2025-02-01,Amazon,West,BEC-KT-002,462,462,194040,29927.09,14375.55,10,10,Kitchen Towel 6-roll,Kitchen Towel,Towel,420,205,N,6 rolls,Matched,164112.91,94710,0.422897321,11.41611347,55027.36,0.021645022
2024-02-01,Blinkit,North,BEC-TIS-001,272,272,25840,4008.33,2924.84,11,11,Bamboo Facial Tissue 100s,Tissues,Facial,95,42,N,100 pulls,Matched,21831.67,11424,0.476723494,7.464227103,7482.83,0.040441176
2025-03-01,Flipkart,North,BEC-BW-001,131,131,28820,3169.67,3756.36,5,5,Compostable Cling Wrap,Bake & Wrap,Wrap,220,118,N,30 m,Matched,25650.33,15458,0.397356681,6.828506852,6435.97,0.038167939
2024-03-01,Amazon,South,BEC-CLN-001,387,387,77013,17260.66,14726.09,20,20,Floor Cleaner 1L,Cleaners,Floor Cleaner,199,96,N,1 L,Matched,59752.34,37152,0.378233555,4.057583513,7874.25,0.051679587
2025-03-01,D2C,West,BEC-CLN-002,372,372,68820,9959.08,14766.26,35,35,Dishwash Liquid 750ml,Cleaners,Dishwash,185,88,N,750 ml,Matched,58860.92,32736,0.443841517,3.986176594,11358.66,0.094086022
2025-04-01,Blinkit,South,BEC-CLN-002,273,273,50505,4564.26,9605.03,16,16,Dishwash Liquid 750ml,Cleaners,Dishwash,185,88,N,750 ml,Matched,45940.74,24024,0.477065454,4.782987664,12311.71,0.058608059
2024-10-01,D2C,West,BEC-TIS-001,155,155,14725,1936.12,1859.63,21,21,Bamboo Facial Tissue 100s,Tissues,Facial,95,42,N,100 pulls,Matched,12788.88,6510,0.490964025,6.877109963,4419.25,0.135483871
2025-04-01,Zepto,North,BEC-CLN-002,317,317,58645,8885.79,14954.18,13,13,Dishwash Liquid 750ml,Cleaners,Dishwash,185,88,N,750 ml,Matched,49759.21,27896,0.439380167,3.327444902,6909.03,0.041009464
2024-02-01,D2C,West,BEC-CLN-002,254,254,46990,950.09,10224.87,31,31,Dishwash Liquid 750ml,Cleaners,Dishwash,185,88,N,750 ml,Matched,46039.91,22352,0.514508173,4.502737932,13463.04,0.122047244
2025-03-01,Blinkit,South,BEC-CMB-001,33,33,23067,2198.3,2891.07,0,0,Home Cleaning Combo,Others,Combo,699,330,Y,4 items,Matched,20868.7,10890,0.478165866,7.218330929,7087.63,0
2024-11-01,Flipkart,South,BEC-GB-001,101,101,15049,1042.27,1210.38,5,5,Garbage Bag Medium 30s,Garbage Bags,Medium,149,70,N,30 bags,Matched,14006.73,7070,0.495242644,11.57217568,5726.35,0.04950495
2025-04-01,Flipkart,North,BEC-CLN-004,339,339,33561,9998.7,4398.31,7,7,Handwash 250ml,Cleaners,Handwash,99,44,N,250 ml,Matched,23562.3,14916,0.366954839,5.357125805,4247.99,0.020648968
2024-03-01,Swiggy Instamart,West,BEC-KT-001,184,184,29440,6622.28,1176.6,7,7,Kitchen Towel 2-roll,Kitchen Towel,Towel,160,78,N,2 rolls,Matched,22817.72,14352,0.371015158,19.39292878,7289.12,0.038043478
2024-01-01,Amazon,North,BEC-CLN-004,398,398,39402,6975.69,10025.5,16,16,Handwash 250ml,Cleaners,Handwash,99,44,N,250 ml,Matched,32426.31,17512,0.459944718,3.234383323,4888.81,0.040201005
2024-06-01,Zepto,West,BEC-CLN-004,372,372,36828,8178.43,9196.07,15,15,Handwash 250ml,Cleaners,Handwash,99,44,N,250 ml,Matched,28649.57,16368,0.428682525,3.115414519,3085.5,0.040322581
2025-04-01,Zepto,South,BEC-TIS-002,194,194,34920,8901.05,3295.39,6,6,Bamboo Toilet Roll 4-pack,Tissues,Toilet Roll,180,95,N,4 rolls,Matched,26018.95,18430,0.29167011,7.895560161,4293.56,0.030927835
2024-07-01,Blinkit,North,BEC-GB-001,220,220,32780,8033.02,3002.34,7,7,Garbage Bag Medium 30s,Garbage Bags,Medium,149,70,N,30 bags,Matched,24746.98,15400,0.377701845,8.242564133,6344.64,0.031818182
2025-02-01,Flipkart,North,BEC-CLN-003,294,294,87906,15641.91,20349.39,14,14,Laundry Liquid 1L,Cleaners,Laundry,299,150,N,1 L,Matched,72264.09,44100,0.389738389,3.551167381,7814.7,0.047619048
2024-03-01,Flipkart,West,BEC-BW-001,138,138,30360,1784.6,3307.96,7,7,Compostable Cling Wrap,Bake & Wrap,Wrap,220,118,N,30 m,Matched,28575.4,16284,0.430139211,8.638375313,8983.44,0.050724638
2024-04-01,Amazon,West,BEC-CLN-003,746,746,223054,25461.83,58655.64,34,34,Laundry Liquid 1L,Cleaners,Laundry,299,150,N,1 L,Matched,197592.17,111900,0.433682013,3.368681511,27036.53,0.045576408
2025-02-01,Blinkit,South,BEC-CMB-001,39,39,27261,6339.37,2907.91,1,1,Home Cleaning Combo,Others,Combo,699,330,Y,4 items,Matched,20921.63,12870,0.384847165,7.194730924,5143.72,0.025641026
2024-08-01,Swiggy Instamart,South,BEC-GB-001,99,99,14751,4304.76,1387.72,3,3,Garbage Bag Medium 30s,Garbage Bags,Medium,149,70,N,30 bags,Matched,10446.24,6930,0.336603409,7.527628052,2128.52,0.03030303
2024-02-01,D2C,North,BEC-CLN-002,222,222,41070,5613.57,6574.46,32,32,Dishwash Liquid 750ml,Cleaners,Dishwash,185,88,N,750 ml,Matched,35456.43,19536,0.449013902,5.393055856,9345.97,0.144144144
2024-02-01,Zepto,North,BEC-KT-002,145,145,60900,13356.61,5585.92,6,6,Kitchen Towel 6-roll,Kitchen Towel,Towel,420,205,N,6 rolls,Matched,47543.39,29725,0.374781647,8.511290889,12232.47,0.04137931
2024-07-01,D2C,North,BEC-GB-002,146,146,26134,3914.5,2489.79,17,17,Garbage Bag Large 15s,Garbage Bags,Large,179,86,N,15 bags,Matched,22219.5,12556,0.434910777,8.924246623,7173.71,0.116438356
2024-12-01,Flipkart,South,BEC-BW-001,63,63,13860,965.53,1164.76,3,3,Compostable Cling Wrap,Bake & Wrap,Wrap,220,118,N,30 m,Matched,12894.47,7434,0.423473784,11.07049521,4295.71,0.047619048
2024-06-01,Flipkart,North,BEC-KT-001,136,136,21760,1427.73,1383.9,8,8,Kitchen Towel 2-roll,Kitchen Towel,Towel,160,78,N,2 rolls,Matched,20332.27,10608,0.478267798,14.69200809,8340.37,0.058823529
2024-12-01,D2C,West,BEC-CLN-003,342,342,102258,6576.12,29663.88,43,43,Laundry Liquid 1L,Cleaners,Laundry,299,150,N,1 L,Matched,95681.88,51300,0.463848327,3.225534893,14718,0.125730994
2024-05-01,Amazon,North,BEC-KT-002,348,348,146160,41514.27,12151,14,14,Kitchen Towel 6-roll,Kitchen Towel,Towel,420,205,N,6 rolls,Matched,104645.73,71340,0.318271276,8.612108468,21154.73,0.040229885
2024-11-01,Flipkart,West,BEC-BW-001,80,80,17600,4059.62,1122.45,3,3,Compostable Cling Wrap,Bake & Wrap,Wrap,220,118,N,30 m,Matched,13540.38,9440,0.302826065,12.06323667,2977.93,0.0375
2024-05-01,Zepto,North,BEC-CLN-001,352,352,70048,20173.31,15777.97,15,15,Floor Cleaner 1L,Cleaners,Floor Cleaner,199,96,N,1 L,Matched,49874.69,33792,0.322461954,3.16103339,304.72,0.042613636
2024-03-01,Flipkart,North,BEC-CLN-003,295,295,88205,25490.71,20216.71,11,11,Laundry Liquid 1L,Cleaners,Laundry,299,150,N,1 L,Matched,62714.29,44250,0.294419183,3.102101677,-1752.42,0.037288136
2025-04-01,D2C,North,BEC-CLN-003,316,316,94484,5180.1,22462.22,30,30,Laundry Liquid 1L,Cleaners,Laundry,299,150,N,1 L,Matched,89303.9,47400,0.469228108,3.975737928,19441.68,0.094936709
2024-06-01,Swiggy Instamart,West,BEC-BW-001,113,113,24860,5116.43,1449.88,4,4,Compostable Cling Wrap,Bake & Wrap,Wrap,220,118,N,30 m,Matched,19743.57,13334,0.324640883,13.61738213,4959.69,0.03539823
2024-07-01,D2C,North,BEC-OTH-001,44,44,6556,355.39,756.35,6,6,Bamboo Wet Wipes 72s,Others,Wipes,149,72,N,72 wipes,Matched,6200.61,3168,0.489082526,8.198069677,2276.26,0.136363636
2024-12-01,Swiggy Instamart,South,BEC-CLN-003,163,163,48737,11942.18,6882.55,4,4,Laundry Liquid 1L,Cleaners,Laundry,299,150,N,1 L,Matched,36794.82,24450,0.335504291,5.346102825,5462.27,0.024539877
2024-04-01,Amazon,North,BEC-TIS-002,345,345,62100,8566.37,4729.4,7,7,Bamboo Toilet Roll 4-pack,Tissues,Toilet Roll,180,95,N,4 rolls,Matched,53533.63,32775,0.387768025,11.31932803,16029.23,0.020289855
2024-02-01,Zepto,West,BEC-CLN-003,472,472,141128,13026.51,36719.68,20,20,Laundry Liquid 1L,Cleaners,Laundry,299,150,N,1 L,Matched,128101.49,70800,0.44731322,3.488633071,20581.81,0.042372881
2025-02-01,D2C,North,BEC-BW-002,73,73,12775,706.8,1545.17,9,9,Parchment Paper Roll,Bake & Wrap,Bake,175,92,N,20 m,Matched,12068.2,6716,0.44349613,7.810273303,3807.03,0.123287671
2024-07-01,Blinkit,South,BEC-TIS-001,227,227,21565,4823.43,1139.73,8,8,Bamboo Facial Tissue 100s,Tissues,Facial,95,42,N,100 pulls,Matched,16741.57,9534,0.43051936,14.68906671,6067.84,0.035242291
2025-01-01,Zepto,South,BEC-KT-002,215,215,90300,15842.3,9781.61,5,5,Kitchen Towel 6-roll,Kitchen Towel,Towel,420,205,N,6 rolls,Matched,74457.7,44075,0.408053163,7.612008657,20601.09,0.023255814
2025-04-01,Flipkart,North,BEC-CLN-003,308,308,92092,6517.07,23395.38,9,9,Laundry Liquid 1L,Cleaners,Laundry,299,150,N,1 L,Matched,85574.93,46200,0.460122258,3.657770466,15979.55,0.029220779
2024-01-01,Swiggy Instamart,West,BEC-CLN-004,175,175,17325,1465.7,4487.66,3,3,Handwash 250ml,Cleaners,Handwash,99,44,N,250 ml,Matched,15859.3,7700,0.514480463,3.533979847,3671.64,0.017142857
2024-07-01,Blinkit,North,BEC-BW-002,145,145,25375,4868.14,1114.28,3,3,Parchment Paper Roll,Bake & Wrap,Bake,175,92,N,20 m,Matched,20506.86,13340,0.349485977,18.40368669,6052.58,0.020689655
2024-12-01,Flipkart,South,BEC-TIS-001,162,162,15390,3076.48,675.56,6,6,Bamboo Facial Tissue 100s,Tissues,Facial,95,42,N,100 pulls,Matched,12313.52,6804,0.447436639,18.22713008,4833.96,0.037037037
2024-02-01,Zepto,West,BEC-GB-002,223,223,39917,6437.34,3579.6,7,7,Garbage Bag Large 15s,Garbage Bags,Large,179,86,N,15 bags,Matched,33479.66,19178,0.427174589,9.352905353,10722.06,0.031390135
2025-02-01,Flipkart,North,BEC-TIS-002,204,204,36720,8981.06,3643.69,8,8,Bamboo Toilet Roll 4-pack,Tissues,Toilet Roll,180,95,N,4 rolls,Matched,27738.94,19380,0.301343166,7.612870469,4715.25,0.039215686
2024-09-01,D2C,West,BEC-OTH-001,80,80,11920,1331.57,1515.14,13,13,Bamboo Wet Wipes 72s,Others,Wipes,149,72,N,72 wipes,Matched,10588.43,5760,0.456010003,6.988416912,3313.29,0.1625
2024-06-01,D2C,North,BEC-TIS-001,208,208,19760,2764.66,2523.65,19,19,Bamboo Facial Tissue 100s,Tissues,Facial,95,42,N,100 pulls,Matched,16995.34,8736,0.485976744,6.734428308,5735.69,0.091346154
2025-04-01,Blinkit,West,BEC-GB-001,341,341,50809,4778.25,5925.67,18,18,Garbage Bag Medium 30s,Garbage Bags,Medium,149,70,N,30 bags,Matched,46030.75,23870,0.481433607,7.768024544,16235.08,0.052785924
2025-04-01,D2C,North,BEC-BW-001,83,83,18260,2629.75,2143.07,11,11,Compostable Cling Wrap,Bake & Wrap,Wrap,220,118,N,30 m,Matched,15630.25,9794,0.373394539,7.29339219,3693.18,0.13253012
2024-02-01,Zepto,West,BEC-OTH-001,114,114,16986,2375.05,863.46,3,3,Bamboo Wet Wipes 72s,Others,Wipes,149,72,N,72 wipes,Matched,14610.95,8208,0.438229547,16.92139763,5539.49,0.026315789
2025-04-01,D2C,North,BEC-GB-001,138,138,20562,1583.43,2018.18,12,12,Garbage Bag Medium 30s,Garbage Bags,Medium,149,70,N,30 bags,Matched,18978.57,9660,0.491004854,9.403804418,7300.39,0.086956522
2024-01-01,Amazon,South,BEC-CLN-003,276,276,82524,21791.05,11579.32,15,15,Laundry Liquid 1L,Cleaners,Laundry,299,150,N,1 L,Matched,60732.95,41400,0.318327201,5.244949617,7753.63,0.054347826
2024-03-01,Zepto,South,BEC-KT-002,165,165,69300,4694.74,5319.38,7,7,Kitchen Towel 6-roll,Kitchen Towel,Towel,420,205,N,6 rolls,Matched,64605.26,33825,0.47643582,12.14526129,25460.88,0.042424242
2024-08-01,Amazon,West,BEC-CMB-001,80,80,55920,4644.24,7178.17,3,3,Home Cleaning Combo,Others,Combo,699,330,Y,4 items,Matched,51275.76,26400,0.485136837,7.143291396,17697.59,0.0375
2025-04-01,Flipkart,South,BEC-TIS-001,170,170,16150,1306.38,1427.4,4,4,Bamboo Facial Tissue 100s,Tissues,Facial,95,42,N,100 pulls,Matched,14843.62,7140,0.518985261,10.39906123,6276.22,0.023529412
2025-01-01,Blinkit,South,BEC-GB-001,148,148,22052,2698.16,2103.07,6,6,Garbage Bag Medium 30s,Garbage Bags,Medium,149,70,N,30 bags,Matched,19353.84,10360,0.464705712,9.202660872,6890.77,0.040540541
2025-01-01,Swiggy Instamart,South,BEC-CMB-001,18,18,12582,2632.44,1401.84,0,0,Home Cleaning Combo,Others,Combo,699,330,Y,4 items,Matched,9949.56,5940,0.402988675,7.097500428,2607.72,0
2024-03-01,D2C,North,BEC-KT-001,178,178,28480,3545.42,3486.1,25,25,Kitchen Towel 2-roll,Kitchen Towel,Towel,160,78,N,2 rolls,Matched,24934.58,13884,0.443182921,7.152571642,7564.48,0.140449438
2024-10-01,D2C,North,BEC-CLN-004,142,142,14058,1016.24,4377.35,18,18,Handwash 250ml,Cleaners,Handwash,99,44,N,250 ml,Matched,13041.76,6248,0.520923556,2.979373365,2416.41,0.126760563
2024-09-01,Blinkit,South,BEC-KT-002,140,140,58800,16809.01,6158.95,5,5,Kitchen Towel 6-roll,Kitchen Towel,Towel,420,205,N,6 rolls,Matched,41990.99,28700,0.316520044,6.817881295,7132.04,0.035714286
2024-04-01,Blinkit,South,BEC-KT-001,167,167,26720,6079.62,2131.67,4,4,Kitchen Towel 2-roll,Kitchen Towel,Towel,160,78,N,2 rolls,Matched,20640.38,13026,0.368906968,9.682727627,5482.71,0.023952096
2025-01-01,D2C,West,BEC-CMB-001,45,45,31455,3421.88,3318.76,5,5,Home Cleaning Combo,Others,Combo,699,330,Y,4 items,Matched,28033.12,14850,0.470269453,8.446865697,9864.36,0.111111111
2024-11-01,D2C,West,BEC-CLN-003,237,237,70863,3086.98,12879.38,22,22,Laundry Liquid 1L,Cleaners,Laundry,299,150,N,1 L,Matched,67776.02,35550,0.4754782,5.262366667,19346.64,0.092827004
2024-06-01,Zepto,North,BEC-TIS-001,286,286,27170,3828.06,3221.57,14,14,Bamboo Facial Tissue 100s,Tissues,Facial,95,42,N,100 pulls,Matched,23341.94,12012,0.485389818,7.245516937,8108.37,0.048951049
2024-06-01,D2C,West,BEC-CLN-003,308,308,92092,7114.88,28083.3,42,42,Laundry Liquid 1L,Cleaners,Laundry,299,150,N,1 L,Matched,84977.12,46200,0.456324244,3.025895105,10693.82,0.136363636
2024-10-01,Amazon,West,BEC-CLN-004,598,598,59202,9782.3,13108.7,17,17,Handwash 250ml,Cleaners,Handwash,99,44,N,250 ml,Matched,49419.7,26312,0.467580742,3.769992448,9999,0.028428094
2024-04-01,Flipkart,West,BEC-CMB-001,49,49,34251,8389.53,2809.3,1,1,Home Cleaning Combo,Others,Combo,699,330,Y,4 items,Matched,25861.47,16170,0.374745519,9.205663333,6882.17,0.020408163
2024-06-01,Blinkit,South,BEC-KT-001,187,187,29920,6564.6,2126.25,8,8,Kitchen Towel 2-roll,Kitchen Towel,Towel,160,78,N,2 rolls,Matched,23355.4,14586,0.375476335,10.98431511,6643.15,0.042780749
2024-01-01,Blinkit,South,BEC-CLN-002,334,334,61790,11587.3,10408.13,12,12,Dishwash Liquid 750ml,Cleaners,Dishwash,185,88,N,750 ml,Matched,50202.7,29392,0.414533481,4.823412083,10402.57,0.035928144
2025-02-01,Swiggy Instamart,North,BEC-TIS-002,241,241,43380,12448.46,2219.64,12,12,Bamboo Toilet Roll 4-pack,Tissues,Toilet Roll,180,95,N,4 rolls,Matched,30931.54,22895,0.259817002,13.93538592,5816.9,0.049792531
2024-08-01,D2C,South,BEC-CLN-001,113,113,22487,3106.46,4174.43,10,10,Floor Cleaner 1L,Cleaners,Floor Cleaner,199,96,N,1 L,Matched,19380.54,10848,0.440263274,4.64267936,4358.11,0.088495575
2024-11-01,Swiggy Instamart,West,BEC-CLN-003,190,190,56810,13832.53,10066.15,10,10,Laundry Liquid 1L,Cleaners,Laundry,299,150,N,1 L,Matched,42977.47,28500,0.336861849,4.26950423,4411.32,0.052631579
2025-05-01,Blinkit,West,BEC-BW-001,210,210,46200,6677.93,4346.21,5,5,Compostable Cling Wrap,Bake & Wrap,Wrap,220,118,N,30 m,Matched,39522.07,24780,0.373008549,9.093456138,10395.86,0.023809524
2024-01-01,Blinkit,North,BEC-CLN-002,246,246,45510,5333.46,11551.57,11,11,Dishwash Liquid 750ml,Cleaners,Dishwash,185,88,N,750 ml,Matched,40176.54,21648,0.46117809,3.478015542,6976.97,0.044715447
2024-01-01,Amazon,West,BEC-GB-002,466,466,83414,17584.08,3579.75,24,24,Garbage Bag Large 15s,Garbage Bags,Large,179,86,N,15 bags,Matched,65829.92,40076,0.391219069,18.38953,22174.17,0.051502146
2024-07-01,Swiggy Instamart,West,BEC-GB-001,160,160,23840,5790.37,1110.84,8,8,Garbage Bag Medium 30s,Garbage Bags,Medium,149,70,N,30 bags,Matched,18049.63,11200,0.379488665,16.24863167,5738.79,0.05
2025-06-01,D2C,West,BEC-CLN-004,297,297,29403,2319,8390.01,34,34,Handwash 250ml,Cleaners,Handwash,99,44,N,250 ml,Matched,27084,13068,0.517501108,3.228124877,5625.99,0.114478114
2024-08-01,Swiggy Instamart,North,BEC-TIS-001,162,162,15390,4078.46,1124.26,3,3,Bamboo Facial Tissue 100s,Tissues,Facial,95,42,N,100 pulls,Matched,11311.54,6804,0.398490391,10.06132034,3383.28,0.018518519
2024-05-01,Flipkart,West,BEC-TIS-002,326,326,58680,16218.36,3077.94,10,10,Bamboo Toilet Roll 4-pack,Tissues,Toilet Roll,180,95,N,4 rolls,Matched,42461.64,30970,0.270635802,13.7954736,8413.7,0.030674847
2025-01-01,Amazon,South,BEC-CLN-003,464,464,138736,24321.09,31741.16,20,20,Laundry Liquid 1L,Cleaners,Laundry,299,150,N,1 L,Matched,114414.91,69600,0.391687674,3.60462283,13073.75,0.043103448
2024-04-01,Swiggy Instamart,North,BEC-CMB-001,18,18,12582,2999.39,1193.17,0,0,Home Cleaning Combo,Others,Combo,699,330,Y,4 items,Matched,9582.61,5940,0.380127126,8.031219357,2449.44,0
2024-01-01,Zepto,South,BEC-KT-002,146,146,61320,13946.79,4486.07,4,4,Kitchen Towel 6-roll,Kitchen Towel,Towel,420,205,N,6 rolls,Matched,47373.21,29930,0.368208319,10.56006928,12957.14,0.02739726
2024-01-01,Blinkit,West,BEC-CMB-001,67,67,46833,3002.2,4798.61,3,3,Home Cleaning Combo,Others,Combo,699,330,Y,4 items,Matched,43830.8,22110,0.4955602,9.134061739,16922.19,0.044776119
2025-03-01,Amazon,North,BEC-GB-002,346,346,61934,15891.87,4501.84,12,12,Garbage Bag Large 15s,Garbage Bags,Large,179,86,N,15 bags,Matched,46042.13,29756,0.353722341,10.22740257,11784.29,0.034682081
2024-03-01,Amazon,South,BEC-OTH-001,121,121,18029,3715.06,872.6,5,5,Bamboo Wet Wipes 72s,Others,Wipes,149,72,N,72 wipes,Matched,14313.94,8712,0.391362546,16.4037818,4729.34,0.041322314
2024-03-01,Zepto,West,BEC-BW-001,139,139,30580,4193.16,2175.37,3,3,Compostable Cling Wrap,Bake & Wrap,Wrap,220,118,N,30 m,Matched,26386.84,16402,0.378402264,12.129817,7809.47,0.021582734
2024-09-01,Zepto,South,BEC-GB-001,159,159,23691,2317.2,2263.96,7,7,Garbage Bag Medium 30s,Garbage Bags,Medium,149,70,N,30 bags,Matched,21373.8,11130,0.479269012,9.440891182,7979.84,0.044025157
2025-03-01,Zepto,South,BEC-OTH-001,66,66,9834,2391.8,452.4,3,3,Bamboo Wet Wipes 72s,Others,Wipes,149,72,N,72 wipes,Matched,7442.2,4752,0.361479133,16.4504863,2237.8,0.045454545
2024-03-01,Flipkart,West,BEC-KT-001,202,202,32320,4354.21,3367.36,9,9,Kitchen Towel 2-roll,Kitchen Towel,Towel,160,78,N,2 rolls,Matched,27965.79,15756,0.436597357,8.304959969,8842.43,0.044554455
2025-03-01,Zepto,West,BEC-CLN-003,355,355,106145,21276.13,16860.88,11,11,Laundry Liquid 1L,Cleaners,Laundry,299,150,N,1 L,Matched,84868.87,53250,0.372561459,5.033478087,14757.99,0.030985915
2025-03-01,D2C,West,BEC-CMB-001,50,50,34950,1536.75,2254.7,5,5,Home Cleaning Combo,Others,Combo,699,330,Y,4 items,Matched,33413.25,16500,0.506183924,14.8193773,14658.55,0.1
2024-04-01,Zepto,South,BEC-OTH-001,82,82,12218,1538.75,1035.23,3,3,Bamboo Wet Wipes 72s,Others,Wipes,149,72,N,72 wipes,Matched,10679.25,5904,0.447152188,10.31582354,3740.02,0.036585366
2025-03-01,Amazon,West,BEC-CMB-001,81,81,56619,6698.5,3308.96,4,4,Home Cleaning Combo,Others,Combo,699,330,Y,4 items,Matched,49920.5,26730,0.464548632,15.08646221,19881.54,0.049382716
2024-09-01,Flipkart,South,BEC-GB-002,103,103,18437,1772.6,2489.02,5,5,Garbage Bag Large 15s,Garbage Bags,Large,179,86,N,15 bags,Matched,16664.4,8858,0.468447709,6.695165165,5317.38,0.048543689
2024-02-01,Swiggy Instamart,West,BEC-BW-001,114,114,25080,5223.55,2252.96,3,3,Compostable Cling Wrap,Bake & Wrap,Wrap,220,118,N,30 m,Matched,19856.45,13452,0.322537513,8.813494248,4151.49,0.026315789
2024-10-01,Zepto,North,BEC-CMB-001,32,32,22368,2867.85,1384.51,1,1,Home Cleaning Combo,Others,Combo,699,330,Y,4 items,Matched,19500.15,10560,0.458465704,14.08451365,7555.64,0.03125
2025-03-01,Amazon,South,BEC-TIS-001,363,363,34485,1752.26,3936.84,10,10,Bamboo Facial Tissue 100s,Tissues,Facial,95,42,N,100 pulls,Matched,32732.74,15246,0.53422781,8.314470489,13549.9,0.027548209
2024-03-01,Swiggy Instamart,North,BEC-OTH-001,46,46,6854,668.18,869.04,1,1,Bamboo Wet Wipes 72s,Others,Wipes,149,72,N,72 wipes,Matched,6185.82,3312,0.464581899,7.117992267,2004.78,0.02173913
2024-02-01,Swiggy Instamart,West,BEC-CLN-002,218,218,40330,11030.1,8036.25,4,4,Dishwash Liquid 750ml,Cleaners,Dishwash,185,88,N,750 ml,Matched,29299.9,19184,0.345253738,3.645966713,2079.65,0.018348624
2024-10-01,D2C,West,BEC-CLN-003,183,183,54717,6568.12,15368.37,24,24,Laundry Liquid 1L,Cleaners,Laundry,299,150,N,1 L,Matched,48148.88,27450,0.429893281,3.132985476,5330.51,0.131147541
2024-07-01,Flipkart,North,BEC-CLN-003,218,218,65182,19094.49,13617.78,12,12,Laundry Liquid 1L,Cleaners,Laundry,299,150,N,1 L,Matched,46087.51,32700,0.290480219,3.384362943,-230.27,0.055045872
2025-05-01,Swiggy Instamart,South,BEC-CLN-001,216,216,42984,11107.7,7220.57,8,8,Floor Cleaner 1L,Cleaners,Floor Cleaner,199,96,N,1 L,Matched,31876.3,20736,0.349485354,4.414651475,3919.73,0.037037037
2024-11-01,Blinkit,North,BEC-CLN-003,350,350,104650,11805.34,28907.13,14,14,Laundry Liquid 1L,Cleaners,Laundry,299,150,N,1 L,Matched,92844.66,52500,0.434539369,3.211825595,11437.53,0.04
2024-03-01,Swiggy Instamart,North,BEC-CLN-001,270,270,53730,5054.36,12172.74,12,12,Floor Cleaner 1L,Cleaners,Floor Cleaner,199,96,N,1 L,Matched,48675.64,25920,0.467495445,3.99874145,10582.9,0.044444444
2024-07-01,Blinkit,South,BEC-CLN-004,242,242,23958,2066.78,4538.77,7,7,Handwash 250ml,Cleaners,Handwash,99,44,N,250 ml,Matched,21891.22,10648,0.513594948,4.823161341,6704.45,0.02892562
2024-01-01,Amazon,South,BEC-OTH-001,110,110,16390,2847.77,1807.36,3,3,Bamboo Wet Wipes 72s,Others,Wipes,149,72,N,72 wipes,Matched,13542.23,7920,0.415162791,7.492823787,3814.87,0.027272727
2025-06-01,Amazon,North,BEC-CLN-003,357,357,106743,31711.2,21403.9,19,19,Laundry Liquid 1L,Cleaners,Laundry,299,150,N,1 L,Matched,75031.8,53550,0.286302608,3.505520022,77.9,0.053221289
2024-10-01,D2C,South,BEC-BW-002,44,44,7700,344.74,804.88,6,6,Parchment Paper Roll,Bake & Wrap,Bake,175,92,N,20 m,Matched,7355.26,4048,0.44964556,9.13833118,2502.38,0.136363636
2024-06-01,Amazon,West,BEC-CMB-001,79,79,55221,3336.51,2979.83,4,4,Home Cleaning Combo,Others,Combo,699,330,Y,4 items,Matched,51884.49,26070,0.497537703,17.41189598,22834.66,0.050632911
2024-03-01,D2C,West,BEC-CLN-001,363,363,72237,2761.52,17029.27,34,34,Floor Cleaner 1L,Cleaners,Floor Cleaner,199,96,N,1 L,Matched,69475.48,34848,0.498412965,4.07976854,17598.21,0.093663912
2024-03-01,Zepto,North,BEC-CMB-001,41,41,28659,3233.01,2260.13,1,1,Home Cleaning Combo,Others,Combo,699,330,Y,4 items,Matched,25425.99,13530,0.467867328,11.24979094,9635.86,0.024390244
2024-08-01,Zepto,North,BEC-GB-002,179,179,32041,6070.95,2756.21,7,7,Garbage Bag Large 15s,Garbage Bags,Large,179,86,N,15 bags,Matched,25970.05,15394,0.407240263,9.422377105,7819.84,0.039106145
2024-09-01,Zepto,North,BEC-GB-001,213,213,31737,6637.85,2050.26,5,5,Garbage Bag Medium 30s,Garbage Bags,Medium,149,70,N,30 bags,Matched,25099.15,14910,0.405955979,12.24193517,8138.89,0.023474178
2024-03-01,Blinkit,South,BEC-CLN-003,369,369,110331,21715.16,29725,18,18,Laundry Liquid 1L,Cleaners,Laundry,299,150,N,1 L,Matched,88615.84,55350,0.375393835,2.981188898,3540.84,0.048780488
2024-07-01,Zepto,North,BEC-CLN-004,203,203,20097,4605.22,3311.06,9,9,Handwash 250ml,Cleaners,Handwash,99,44,N,250 ml,Matched,15491.78,8932,0.423436171,4.678797726,3248.72,0.044334975
2024-09-01,Swiggy Instamart,South,BEC-TIS-001,115,115,10925,2172.38,1298.13,2,2,Bamboo Facial Tissue 100s,Tissues,Facial,95,42,N,100 pulls,Matched,8752.62,4830,0.448165235,6.742483418,2624.49,0.017391304
2025-02-01,Flipkart,West,BEC-BW-002,152,152,26600,1914.45,2640.97,6,6,Parchment Paper Roll,Bake & Wrap,Bake,175,92,N,20 m,Matched,24685.55,13984,0.433514749,9.347152751,8060.58,0.039473684
2024-12-01,Zepto,South,BEC-CMB-001,29,29,20271,4072.49,0,0,0,Home Cleaning Combo,Others,Combo,699,330,Y,4 items,Matched,16198.51,9570,0.409204921,,6628.51,0
2024-01-01,Flipkart,North,BEC-GB-002,141,141,25239,2242.02,3088.74,6,6,Garbage Bag Large 15s,Garbage Bags,Large,179,86,N,15 bags,Matched,22996.98,12126,0.472713374,7.445424348,7782.24,0.042553191
2024-10-01,Zepto,North,BEC-GB-001,220,220,32780,6014.09,1710.67,4,4,Garbage Bag Medium 30s,Garbage Bags,Medium,149,70,N,30 bags,Matched,26765.91,15400,0.424641269,15.64644847,9655.24,0.018181818
2025-01-01,Flipkart,North,BEC-OTH-001,89,89,13261,2736.41,818.73,2,2,Bamboo Wet Wipes 72s,Others,Wipes,149,72,N,72 wipes,Matched,10524.59,6408,0.391140177,12.85477508,3297.86,0.02247191
2024-05-01,D2C,South,BEC-TIS-002,166,166,29880,4294.59,1911.75,21,21,Bamboo Toilet Roll 4-pack,Tissues,Toilet Roll,180,95,N,4 rolls,Matched,25585.41,15770,0.383633094,13.38324049,7903.66,0.126506024
2024-07-01,Amazon,West,BEC-KT-001,346,346,55360,15829.99,5654.91,12,12,Kitchen Towel 2-roll,Kitchen Towel,Towel,160,78,N,2 rolls,Matched,39530.01,26988,0.317278189,6.990387115,6887.1,0.034682081
2024-01-01,D2C,North,BEC-GB-001,121,121,18029,1706.9,1673.34,19,19,Garbage Bag Medium 30s,Garbage Bags,Medium,149,70,N,30 bags,Matched,16322.1,8470,0.481071676,9.754204167,6178.76,0.157024793
2024-10-01,Flipkart,South,BEC-CLN-002,168,168,31080,2743.73,9119.73,7,7,Dishwash Liquid 750ml,Cleaners,Dishwash,185,88,N,750 ml,Matched,28336.27,14784,0.478265841,3.107139137,4432.54,0.041666667
2024-10-01,Swiggy Instamart,West,BEC-BW-001,66,66,14520,3428.59,1245.57,2,2,Compostable Cling Wrap,Bake & Wrap,Wrap,220,118,N,30 m,Matched,11091.41,7788,0.297834991,8.904686208,2057.84,0.03030303
2024-11-01,Flipkart,South,BEC-BW-001,48,48,10560,1838.46,968.54,1,1,Compostable Cling Wrap,Bake & Wrap,Wrap,220,118,N,30 m,Matched,8721.54,5664,0.350573408,9.004832015,2089,0.020833333
2024-04-01,D2C,North,BEC-BW-002,73,73,12775,1344.84,1006.62,11,11,Parchment Paper Roll,Bake & Wrap,Bake,175,92,N,20 m,Matched,11430.16,6716,0.412431672,11.35498997,3707.54,0.150684932
2024-07-01,Zepto,North,BEC-GB-002,193,193,34547,9236.11,2387.23,5,5,Garbage Bag Large 15s,Garbage Bags,Large,179,86,N,15 bags,Matched,25310.89,16598,0.344234833,10.60261893,6325.66,0.025906736
